"cnc","CBP","Crane","ORT","min_d","max_d"
"P19930419",146,0,50,"1993-04-19","1993-04-20"
"P19930503",203,0,51,"1993-05-03","1993-05-06"
"P19930517",403,0,51,"1993-05-17","1993-05-21"
"P19930530",404,0,50,"1993-05-30","1993-06-08"
"P19930613",405,0,51,"1993-06-13","1993-06-21"
"P19930628",405,0,51,"1993-06-28","1993-07-05"
"P19930712",405,0,51,"1993-07-12","1993-07-17"
"P19930726",405,0,0,"1993-07-26","1993-08-02"
"P19930809",403,0,51,"1993-08-09","1993-08-14"
"P19930823",403,0,51,"1993-08-23","1993-08-28"
"P19930906",404,0,51,"1993-09-06","1993-09-13"
"P19930920",404,0,51,"1993-09-20","1993-09-27"
"P19931005",404,0,51,"1993-10-05","1993-10-11"
"P19931020",404,0,51,"1993-10-20","1993-10-26"
"P19931101",404,0,51,"1993-11-01","1993-11-08"
"P19931117",400,0,51,"1993-11-17","1993-11-23"
"P19931130",400,0,51,"1993-11-30","1993-12-06"
"P19931213",400,0,51,"1993-12-13","1993-12-20"
"P19931228",400,0,51,"1993-12-28","1994-01-03"
"P19940110",400,0,51,"1994-01-10","1994-01-19"
"P19940126",400,0,51,"1994-01-26","1994-02-02"
"P19940207",400,0,51,"1994-02-07","1994-02-14"
"P19940222",400,0,51,"1994-02-22","1994-02-28"
"P19940307",400,0,51,"1994-03-07","1994-03-13"
"P19940322",399,0,51,"1994-03-22","1994-03-28"
"P19940404",399,0,51,"1994-04-04","1994-04-11"
"P19940418",399,0,51,"1994-04-18","1994-04-25"
"P19940502",399,0,51,"1994-05-02","1994-05-09"
"P19940516",399,0,51,"1994-05-16","1994-05-23"
"P19940530",399,0,51,"1994-05-30","1994-06-06"
"P19940613",399,0,50,"1994-06-13","1994-06-21"
"P19940627",399,0,51,"1994-06-27","1994-07-04"
"P19940711",399,0,51,"1994-07-11","1994-07-16"
"P19940725",399,0,51,"1994-07-25","1994-08-03"
"P19940808",377,0,50,"1994-08-08","1994-08-15"
"P19940822",398,0,51,"1994-08-22","1994-08-29"
"P19940906",397,0,51,"1994-09-06","1994-09-12"
"P19940919",396,0,51,"1994-09-19","1994-09-26"
"P19941010",396,0,51,"1994-10-10","1994-10-17"
"P19941023",396,0,51,"1994-10-23","1994-10-30"
"P19941107",396,0,51,"1994-11-07","1994-11-14"
"P19941121",395,0,51,"1994-11-21","1994-11-28"
"P19941205",395,0,51,"1994-12-05","1994-12-12"
"P19941219",395,0,51,"1994-12-19","1994-12-26"
"P19950102",395,0,51,"1995-01-02","1995-01-09"
"P19950116",394,0,51,"1995-01-16","1995-01-23"
"P19950202",394,0,51,"1995-02-02","1995-02-09"
"P19950213",394,0,51,"1995-02-13","1995-02-20"
"P19950227",394,0,51,"1995-02-27","1995-03-03"
"P19950314",393,0,51,"1995-03-14","1995-03-20"
"P19950327",393,0,51,"1995-03-27","1995-04-03"
"P19950410",393,0,51,"1995-04-10","1995-04-17"
"P19950424",393,0,51,"1995-04-24","1995-05-01"
"P19950508",393,0,51,"1995-05-08","1995-05-16"
"P19950522",393,0,51,"1995-05-22","1995-05-29"
"P19950605",393,0,51,"1995-06-05","1995-06-12"
"P19950619",393,0,51,"1995-06-19","1995-06-26"
"P19950703",393,0,51,"1995-07-03","1995-07-10"
"P19950717",393,0,51,"1995-07-17","1995-07-22"
"P19950731",393,0,51,"1995-07-31","1995-08-05"
"P19950812",393,0,51,"1995-08-12","1995-08-18"
"P19950829",392,0,51,"1995-08-29","1995-09-04"
"P19950912",392,0,51,"1995-09-12","1995-09-18"
"P19950926",392,0,0,"1995-09-26","1995-09-30"
"P19951009",392,0,51,"1995-10-09","1995-10-13"
"P19951023",392,0,51,"1995-10-23","1995-10-30"
"P19951107",392,0,51,"1995-11-07","1995-11-13"
"P19951120",392,0,51,"1995-11-20","1995-11-27"
"P19951205",392,0,51,"1995-12-05","1995-12-09"
"P19951218",392,0,51,"1995-12-18","1995-12-25"
"P19960108",391,0,50,"1996-01-08","1996-01-12"
"P19960124",391,0,50,"1996-01-24","1996-01-29"
"P19960205",390,0,50,"1996-02-05","1996-02-08"
"P19960219",390,0,50,"1996-02-19","1996-02-26"
"P19960307",390,0,50,"1996-03-07","1996-03-15"
"P19960326",390,0,50,"1996-03-26","1996-03-30"
"P19960401",390,0,50,"1996-04-01","1996-04-05"
"P19960409",390,0,50,"1996-04-09","1996-04-15"
"P19960417",390,0,50,"1996-04-17","1996-04-24"
"P19960425",390,0,0,"1996-04-25","1996-05-01"
"P19960502",389,0,50,"1996-05-02","1996-05-07"
"P19960508",390,0,50,"1996-05-08","1996-05-18"
"P19960521",390,0,50,"1996-05-21","1996-05-29"
"P19960605",390,0,50,"1996-06-05","1996-06-11"
"P19960612",390,0,50,"1996-06-12","1996-06-20"
"P19960622",390,0,50,"1996-06-22","1996-07-03"
"P19960704",390,0,50,"1996-07-04","1996-07-12"
"P19960714",390,0,50,"1996-07-14","1996-07-22"
"P19960725",390,0,50,"1996-07-25","1996-08-06"
"P19960808",390,0,50,"1996-08-08","1996-08-26"
"P19960830",241,0,0,"1996-08-30","1996-09-03"
"P19960919",390,0,50,"1996-09-19","1996-10-01"
"P19961007",390,0,50,"1996-10-07","1996-10-14"
"P19961021",389,0,50,"1996-10-21","1996-11-01"
"P19961107",390,0,50,"1996-11-07","1996-11-15"
"P19961121",390,0,50,"1996-11-21","1996-11-29"
"P19961216",390,0,50,"1996-12-16","1996-12-30"
"P19970102",390,0,50,"1997-01-02","1997-01-10"
"P19970120",390,0,50,"1997-01-20","1997-01-27"
"P19970221",390,0,50,"1997-02-21","1997-03-04"
"P19970310",390,0,50,"1997-03-10","1997-03-17"
"P19970331",390,0,49,"1997-03-31","1997-04-14"
"P19970421",389,0,49,"1997-04-21","1997-05-01"
"P19970506",389,0,49,"1997-05-06","1997-05-23"
"P19970610",388,0,49,"1997-06-10","1997-06-17"
"P19970623",388,0,49,"1997-06-23","1997-07-01"
"P19970708",387,0,49,"1997-07-08","1997-07-21"
"P19970812",361,0,49,"1997-08-12","1997-08-19"
"P19970825",358,0,49,"1997-08-25","1997-08-29"
"P19970915",357,0,49,"1997-09-15","1997-09-19"
"P19970929",357,0,49,"1997-09-29","1997-10-06"
"P19971013",356,0,49,"1997-10-13","1997-10-24"
"P19971103",356,0,49,"1997-11-03","1997-11-10"
"P19971117",356,0,49,"1997-11-17","1997-11-24"
"P19971208",356,0,49,"1997-12-08","1997-12-15"
"P19971222",356,0,49,"1997-12-22","1997-12-27"
"P19980106",356,0,49,"1998-01-06","1998-01-13"
"P19980119",356,0,49,"1998-01-19","1998-01-22"
"P19980210",356,0,49,"1998-02-10","1998-02-16"
"P19980225",356,0,49,"1998-02-25","1998-03-09"
"P19980311",356,0,49,"1998-03-11","1998-03-17"
"P19980320",353,0,48,"1998-03-20","1998-03-28"
"P19980401",350,0,48,"1998-04-01","1998-04-13"
"P19980415",342,0,46,"1998-04-15","1998-04-24"
"P19980430",340,0,45,"1998-04-30","1998-05-12"
"P19980518",341,0,45,"1998-05-18","1998-05-25"
"P19980527",337,0,44,"1998-05-27","1998-06-09"
"P19980615",337,0,44,"1998-06-15","1998-06-22"
"P19980629",336,0,44,"1998-06-29","1998-07-02"
"P19980715",334,0,44,"1998-07-15","1998-07-21"
"P19980728",332,0,44,"1998-07-28","1998-08-04"
"P19980810",333,0,44,"1998-08-10","1998-08-17"
"P19980824",332,0,44,"1998-08-24","1998-09-08"
"P19980914",331,0,44,"1998-09-14","1998-09-21"
"P19980930",332,0,44,"1998-09-30","1998-10-06"
"P19981012",331,0,44,"1998-10-12","1998-10-22"
"P19981026",325,0,44,"1998-10-26","1998-11-05"
"P19981117",321,0,44,"1998-11-17","1998-11-25"
"P19981130",316,0,44,"1998-11-30","1998-12-08"
"P19981215",314,0,44,"1998-12-15","1998-12-26"
"P19990107",325,0,44,"1999-01-07","1999-01-13"
"P19990125",325,0,44,"1999-01-25","1999-02-05"
"P19990215",325,0,44,"1999-02-15","1999-02-23"
"P19990301",325,0,44,"1999-03-01","1999-03-08"
"P19990315",310,0,44,"1999-03-15","1999-03-22"
"P19990405",310,0,44,"1999-04-05","1999-04-12"
"P19990419",310,0,44,"1999-04-19","1999-04-27"
"P19990510",310,0,44,"1999-05-10","1999-05-13"
"P19990518",310,0,44,"1999-05-18","1999-05-21"
"P19990531",310,0,44,"1999-05-31","1999-06-08"
"P19990614",310,0,44,"1999-06-14","1999-06-17"
"P19990705",310,0,44,"1999-07-05","1999-07-13"
"P19990720",310,0,44,"1999-07-20","1999-07-27"
"P19990809",310,0,44,"1999-08-09","1999-08-17"
"P19990823",310,0,44,"1999-08-23","1999-09-01"
"P19990909",310,0,43,"1999-09-09","1999-09-17"
"P19990927",310,0,43,"1999-09-27","1999-10-07"
"P19991012",310,0,43,"1999-10-12","1999-10-19"
"P19991101",310,0,43,"1999-11-01","1999-11-08"
"P19991115",310,0,43,"1999-11-15","1999-11-18"
"P19991130",310,0,43,"1999-11-30","1999-12-07"
"P19991213",310,0,43,"1999-12-13","1999-12-17"
"P19991227",310,0,42,"1999-12-27","1999-12-30"
"P20000117",310,0,42,"2000-01-17","2000-01-25"
"P20000207",310,0,39,"2000-02-07","2000-02-15"
"P20000301",310,0,39,"2000-03-01","2000-03-11"
"P20000321",310,0,39,"2000-03-21","2000-03-31"
"P20000410",310,0,38,"2000-04-10","2000-04-18"
"P20000424",310,0,37,"2000-04-24","2000-05-09"
"P20000515",310,0,37,"2000-05-15","2000-05-24"
"P20000605",310,0,37,"2000-06-05","2000-06-19"
"P20000626",309,0,37,"2000-06-26","2000-07-08"
"P20000714",309,0,37,"2000-07-14","2000-07-21"
"P20000731",309,0,37,"2000-07-31","2000-08-10"
"P20000822",307,0,36,"2000-08-22","2000-08-29"
"P20000904",306,0,36,"2000-09-04","2000-09-22"
"P20001009",306,0,36,"2000-10-09","2000-10-18"
"P20001106",305,0,35,"2000-11-06","2000-11-15"
"P20001205",305,0,34,"2000-12-05","2000-12-14"
"P20010111",305,0,33,"2001-01-11","2001-01-17"
"P20010205",305,0,33,"2001-02-05","2001-02-13"
"P20010319",305,0,33,"2001-03-19","2001-03-24"
"P20010402",305,0,32,"2001-04-02","2001-04-12"
"P20010423",305,0,33,"2001-04-23","2001-04-27"
"P20010514",305,0,33,"2001-05-14","2001-05-25"
"P20010611",304,0,32,"2001-06-11","2001-06-20"
"P20010625",304,0,33,"2001-06-25","2001-06-29"
"P20010709",304,0,32,"2001-07-09","2001-07-19"
"P20010730",304,0,32,"2001-07-30","2001-08-08"
"P20010816",304,0,32,"2001-08-16","2001-08-21"
"P20010827",299,0,32,"2001-08-27","2001-09-03"
"P20010910",298,0,32,"2001-09-10","2001-09-17"
"P20010920",358,0,32,"2001-09-20","2001-09-26"
"P20011002",359,0,32,"2001-10-02","2001-10-10"
"P20011015",358,0,32,"2001-10-15","2001-10-24"
"P20011030",358,0,32,"2001-10-30","2001-11-06"
"P20011119",358,0,32,"2001-11-19","2001-11-27"
"P20011203",358,0,32,"2001-12-03","2001-12-10"
"P20011231",358,0,32,"2001-12-31","2002-01-10"
"P20020121",358,0,32,"2002-01-21","2002-01-26"
"P20020205",358,0,32,"2002-02-05","2002-02-08"
"P20020311",358,0,32,"2002-03-11","2002-03-20"
"P20020321",358,0,32,"2002-03-25","2002-03-30"
"P20020408",354,0,32,"2002-04-08","2002-04-17"
"P20020424",354,0,32,"2002-04-24","2002-04-29"
"P20020508",354,0,32,"2002-05-08","2002-05-15"
"P20020520",354,0,32,"2002-05-20","2002-05-23"
"P20020606",354,0,32,"2002-06-06","2002-06-14"
"P20020624",354,0,32,"2002-06-24","2002-06-29"
"P20020709",354,0,32,"2002-07-09","2002-07-16"
"P20020722",354,0,32,"2002-07-22","2002-07-26"
"P20020805",355,0,32,"2002-08-05","2002-08-07"
"P20020819",354,0,32,"2002-08-19","2002-08-24"
"P20020902",354,0,32,"2002-09-02","2002-09-10"
"P20020923",354,0,32,"2002-09-23","2002-09-27"
"P20021008",354,0,32,"2002-10-08","2002-10-14"
"P20021021",354,106,32,"2002-10-21","2002-10-26"
"P20021111",354,118,32,"2002-11-11","2002-11-21"
"P20021218",354,118,32,"2002-12-18","2002-12-26"
"P20030106",354,118,32,"2003-01-06","2003-01-15"
"P20030120",352,118,32,"2003-01-20","2003-01-27"
"P20030204",352,118,32,"2003-02-04","2003-02-13"
"P20030219",352,118,31,"2003-02-19","2003-02-27"
"P20030313",354,118,30,"2003-03-13","2003-03-22"
"P20030331",351,118,29,"2003-03-31","2003-04-08"
"P20030414",352,118,29,"2003-04-14","2003-04-25"
"P20030512",351,118,29,"2003-05-12","2003-05-21"
"P20030526",351,118,29,"2003-05-26","2003-06-11"
"P20030616",351,118,29,"2003-06-16","2003-06-24"
"P20030630",351,118,29,"2003-06-30","2003-07-07"
"P20030714",350,118,29,"2003-07-14","2003-07-22"
"P20030730",349,118,29,"2003-07-30","2003-08-05"
"P20030811",349,118,29,"2003-08-11","2003-08-23"
"P20030902",349,118,29,"2003-09-02","2003-09-15"
"P20030922",350,118,29,"2003-09-22","2003-09-27"
"P20031014",349,118,29,"2003-10-14","2003-10-20"
"P20031027",349,118,29,"2003-10-27","2003-11-10"
"P20031117",349,118,28,"2003-11-17","2003-11-22"
"P20031208",350,118,28,"2003-12-08","2003-12-15"
"P20031222",349,118,28,"2003-12-22","2003-12-31"
"P20040113",348,118,28,"2004-01-13","2004-01-21"
"P20040126",348,118,28,"2004-01-26","2004-01-31"
"P20040209",347,118,28,"2004-02-09","2004-02-14"
"P20040224",347,118,28,"2004-02-24","2004-02-28"
"P20040308",348,118,28,"2004-03-08","2004-03-16"
"P20040322",347,118,28,"2004-03-22","2004-03-29"
"P20040330",347,118,28,"2004-03-30","2004-04-08"
"P20040412",347,118,28,"2004-04-12","2004-04-20"
"P20040421",347,118,27,"2004-04-21","2004-05-06"
"P20040510",347,118,27,"2004-05-10","2004-05-21"
"P20040522",347,118,27,"2004-05-22","2004-05-28"
"P20040611",347,118,27,"2004-06-11","2004-06-17"
"P20040619",347,118,26,"2004-06-19","2004-06-29"
"P20040701",347,118,26,"2004-07-01","2004-07-12"
"P20040719",347,118,26,"2004-07-19","2004-07-29"
"P20040802",347,118,26,"2004-08-02","2004-08-11"
"P20040816",347,118,26,"2004-08-16","2004-08-26"
"P20040901",347,118,0,"2004-09-01","2004-09-13"
"P20040920",347,118,0,"2004-09-20","2004-09-29"
"P20041011",347,118,26,"2004-10-11","2004-10-23"
"P20041027",347,118,26,"2004-10-27","2004-11-06"
"P20041125",348,118,26,"2004-11-25","2004-12-02"
"P20041211",347,118,26,"2004-12-11","2004-12-24"
"P20050103",347,119,26,"2005-01-03","2005-01-12"
"P20050117",347,119,26,"2005-01-17","2005-01-25"
"P20050205",347,119,26,"2005-02-05","2005-02-15"
"P20050217",347,119,26,"2005-02-17","2005-03-03"
"P20050304",347,119,26,"2005-03-04","2005-03-15"
"P20050317",347,119,26,"2005-03-17","2005-03-31"
"P20050404",347,119,26,"2005-04-04","2005-04-15"
"P20050418",347,117,26,"2005-04-18","2005-04-30"
"P20050504",347,118,26,"2005-05-04","2005-05-18"
"P20050614",347,118,26,"2005-06-14","2005-06-21"
"P20050624",347,118,26,"2005-06-24","2005-07-06"
"P20050711",347,118,26,"2005-07-11","2005-07-20"
"P20050725",337,118,26,"2005-07-25","2005-08-08"
"P20050815",336,117,26,"2005-08-15","2005-08-25"
"P20050829",335,117,26,"2005-08-29","2005-09-12"
"P20050913",335,117,26,"2005-09-13","2005-09-22"
"P20051003",334,117,26,"2005-10-03","2005-10-12"
"P20051017",334,117,26,"2005-10-17","2005-10-30"
"P20051115",326,117,26,"2005-11-15","2005-11-30"
"P20051227",324,117,26,"2005-12-27","2006-01-04"
"P20060113",325,117,26,"2006-01-13","2006-01-23"
"P20060130",323,117,26,"2006-01-30","2006-02-09"
"P20060218",326,117,26,"2006-02-18","2006-03-03"
"P20060308",324,117,26,"2006-03-08","2006-03-13"
"P20060325",324,117,26,"2006-03-25","2006-04-03"
"P20060410",324,117,26,"2006-04-10","2006-04-19"
"P20060426",324,117,26,"2006-04-26","2006-05-08"
"P20060515",324,0,26,"2006-05-15","2006-05-20"
"P20060526",324,117,26,"2006-05-26","2006-05-31"
"P20060612",324,117,26,"2006-06-12","2006-06-19"
"P20060627",325,117,26,"2006-06-27","2006-07-04"
"P20060717",325,116,26,"2006-07-17","2006-07-28"
"P20060803",327,116,26,"2006-08-03","2006-08-14"
"P20060821",325,116,25,"2006-08-21","2006-08-28"
"P20060910",325,116,25,"2006-09-10","2006-09-15"
"P20060925",325,116,25,"2006-09-25","2006-09-30"
"P20061009",325,116,25,"2006-10-09","2006-10-18"
"P20061108",325,116,25,"2006-11-08","2006-11-15"
"P20061120",325,116,25,"2006-11-20","2006-11-28"
"P20061204",325,116,25,"2006-12-04","2006-12-12"
"P20061216",325,116,25,"2006-12-16","2006-12-21"
"P20070108",324,116,24,"2007-01-08","2007-01-15"
"P20070129",325,116,24,"2007-01-29","2007-02-07"
"P20070212",324,116,24,"2007-02-12","2007-02-20"
"P20070227",324,116,24,"2007-02-27","2007-03-05"
"P20070317",324,115,24,"2007-03-17","2007-03-26"
"P20070403",325,115,24,"2007-04-03","2007-04-10"
"P20070416",324,115,25,"2007-04-16","2007-04-24"
"P20070507",324,115,25,"2007-05-07","2007-05-14"
"P20070521",324,115,25,"2007-05-21","2007-05-25"
"P20070602",326,115,25,"2007-06-02","2007-06-06"
"P20070618",324,115,25,"2007-06-18","2007-06-27"
"P20070709",325,115,25,"2007-07-09","2007-07-16"
"P20070723",325,115,25,"2007-07-23","2007-07-30"
"P20070806",325,115,25,"2007-08-06","2007-08-13"
"P20070827",324,115,25,"2007-08-27","2007-09-04"
"P20070919",324,114,25,"2007-09-19","2007-09-26"
"P20071022",324,114,25,"2007-10-22","2007-11-06"
"P20071112",323,114,25,"2007-11-12","2007-11-19"
"P20071203",323,114,25,"2007-12-03","2007-12-11"
"P20071224",324,114,25,"2007-12-24","2007-12-29"
"P20080108",324,114,25,"2008-01-08","2008-01-14"
"P20080125",323,114,25,"2008-01-25","2008-02-01"
"P20080211",324,0,25,"2008-02-11","2008-02-19"
"P20080225",325,114,25,"2008-02-25","2008-02-29"
"P20080303",0,114,0,"2008-03-03","2008-03-03"
"P20080310",325,114,25,"2008-03-10","2008-03-15"
"P20080327",323,114,25,"2008-03-27","2008-04-01"
"P20080407",324,114,24,"2008-04-07","2008-04-11"
"P20080421",324,112,0,"2008-04-21","2008-04-29"
"P20080512",309,112,0,"2008-05-12","2008-05-19"
"P20080526",308,112,0,"2008-05-26","2008-06-03"
"P20080609",310,111,0,"2008-06-09","2008-06-17"
"P20080623",309,111,0,"2008-06-23","2008-06-30"
"P20080707",308,111,0,"2008-07-07","2008-07-14"
"P20080721",309,111,0,"2008-07-21","2008-07-29"
"P20080804",309,111,0,"2008-08-04","2008-08-11"
"P20080818",309,111,0,"2008-08-18","2008-08-25"
"P20080901",309,111,0,"2008-09-01","2008-09-08"
"P20080915",309,111,0,"2008-09-15","2008-09-22"
"P20080929",309,111,0,"2008-09-29","2008-10-06"
"P20081013",309,111,0,"2008-10-13","2008-10-20"
"P20081027",309,111,0,"2008-10-27","2008-11-03"
"P20081110",309,111,0,"2008-11-10","2008-11-17"
"P20081124",308,111,0,"2008-11-24","2008-12-01"
"P20081208",309,111,0,"2008-12-08","2008-12-15"
"P20081222",310,111,0,"2008-12-22","2008-12-29"
"P20090105",310,111,0,"2009-01-05","2009-01-12"
"P20090119",310,111,0,"2009-01-19","2009-01-26"
"P20090202",310,111,0,"2009-02-02","2009-02-09"
"P20090216",309,111,0,"2009-02-16","2009-02-23"
"P20090302",310,111,0,"2009-03-02","2009-03-09"
"P20090316",310,111,0,"2009-03-16","2009-03-23"
"P20090330",310,111,0,"2009-03-30","2009-04-06"
"P20090413",310,111,0,"2009-04-13","2009-04-20"
"P20090427",310,111,0,"2009-04-27","2009-05-04"
"P20090511",310,111,0,"2009-05-11","2009-05-18"
"P20090525",310,111,0,"2009-05-25","2009-06-01"
"P20090608",310,111,0,"2009-06-08","2009-06-15"
"P20090622",310,111,0,"2009-06-22","2009-06-29"
"P20090706",310,111,0,"2009-07-06","2009-07-13"
"P20090720",310,111,0,"2009-07-20","2009-07-27"
"P20090803",310,111,0,"2009-08-03","2009-08-10"
"P20090817",310,111,0,"2009-08-17","2009-08-24"
"P20090831",309,111,0,"2009-08-31","2009-09-07"
"P20090914",309,111,0,"2009-09-14","2009-09-21"
"P20090928",309,111,0,"2009-09-28","2009-10-05"
"P20091012",309,111,0,"2009-10-12","2009-10-19"
"P20091026",309,111,0,"2009-10-26","2009-11-02"
"P20091109",309,111,0,"2009-11-09","2009-11-16"
"P20091123",309,111,0,"2009-11-23","2009-11-30"
"P20091207",309,111,0,"2009-12-07","2009-12-14"
"P20091221",309,111,0,"2009-12-21","2009-12-28"
"P20100104",309,111,0,"2010-01-04","2010-01-11"
"P20100118",309,111,0,"2010-01-18","2010-01-25"
"P20100201",309,111,0,"2010-02-01","2010-02-08"
"P20100215",309,111,0,"2010-02-15","2010-02-22"
"P20100301",309,111,0,"2010-03-01","2010-03-08"
"P20100315",309,111,0,"2010-03-15","2010-03-22"
"P20100329",309,111,0,"2010-03-29","2010-04-05"
"P20100412",309,111,0,"2010-04-12","2010-04-19"
"P20100426",309,111,0,"2010-04-26","2010-05-03"
"P20100510",309,111,0,"2010-05-10","2010-05-17"
"P20100524",309,111,0,"2010-05-24","2010-05-31"
"P20100607",309,111,0,"2010-06-07","2010-06-14"
"P20100621",309,111,0,"2010-06-21","2010-06-28"
"P20100705",309,111,0,"2010-07-05","2010-07-12"
"P20100719",309,111,0,"2010-07-19","2010-07-26"
"P20100802",309,111,0,"2010-08-02","2010-08-09"
"P20100816",309,111,0,"2010-08-16","2010-08-23"
"P20100830",309,111,0,"2010-08-30","2010-09-06"
"P20100913",308,111,0,"2010-09-13","2010-09-20"
"P20100927",308,111,0,"2010-09-27","2010-10-04"
"P20101011",308,111,0,"2010-10-11","2010-10-18"
"P20101025",308,111,0,"2010-10-25","2010-11-01"
"P20101108",308,110,0,"2010-11-08","2010-11-15"
"P20101122",308,110,0,"2010-11-22","2010-11-29"
"P20101206",308,110,0,"2010-12-06","2010-12-13"
"P20101220",308,110,0,"2010-12-20","2010-12-27"
"P20110103",307,110,0,"2011-01-03","2011-01-10"
"P20110117",307,110,0,"2011-01-17","2011-01-24"
"P20110131",308,0,0,"2011-01-31","2011-02-02"
"P20110214",307,110,0,"2011-02-14","2011-02-17"
"P20110221",0,110,0,"2011-02-21","2011-02-21"
