"obno","idno","loc","size","spc"
"10W10-1","T001","CBP",NA,"FL2"
"10W10-2","T002","CBP",NA,"BU9"
"10W10-3","T003","CBP",NA,"EU34"
"10W10-5","T004","CBP",NA,"MR1"
"10W10-7","T005","CBP",NA,"DP40"
"10W10-8","T006","CBP",NA,"ST8"
"10W10-9","T007","CBP",NA,"DP4"
"10W15-1","T008","CBP",NA,"DP61"
"10W15-2","T009","CBP",NA,"DP4"
"10W15-4","T010","CBP",NA,"DP4"
"10W15-5","T011","CBP",NA,"ST10"
"10W15-6","T012","CBP",NA,"DP57"
"10W15-7","T013","CBP",NA,"EU15"
"10W15-8","T014","CBP",NA,"LG29"
"10W15-9","T015","CBP",NA,"CN4"
"10W5-1","T016","CBP",NA,"EU36"
"10W5-2","T017","CBP",NA,"EU15"
"10W5-3","T018","CBP",NA,"EU38"
"10W5-5","T019","CBP",NA,"MY8"
"10W5-9","T020","CBP",NA,"MY22"
"11W0-1","T021","CBP",NA,"EU24"
"11W0-2","T022","CBP",NA,"EU24"
"11W0-3","T023","CBP",NA,"MO4"
"11W0-4","T024","CBP",NA,"AN14"
"11W0-5","T025","CBP",NA,"OL4"
"11W0-7","T027","CBP",NA,"EU37"
"11W0-9","T029","CBP",NA,"MY4"
"11W10-1","T030","CBP",NA,"OL4"
"11W10-2","T031","CBP",NA,"EU13"
"11W10-3","T032","CBP",NA,"OL2"
"11W10-4","T033","CBP",NA,"DP34"
"11W10-5","T034","CBP",NA,"DP25"
"11W10-6","T035","CBP",NA,"ST8"
"11W5-1","T036","CBP",NA,"EU9"
"11W5-2","T037","CBP",NA,"MY21"
"11W5-3","T038","CBP",NA,"BU23"
"11W5-4","T039","CBP",NA,"OL1"
"11W5-5","T040","CBP",NA,"DP54"
"11W5-6","T041","CBP",NA,"OL3"
"11W5-7","T042","CBP",NA,"DP60"
"12.60-1","S328","CBP","II","EU24"
"12.60-2","S343","CBP","II","EU4"
"12.60-3","S473","CBP","II","MY13"
"12.60-4","S407","CBP",NA,"LG28"
"12W0-1","T043","CBP",NA,"BU9"
"12W0-10","T044","CBP",NA,"SP5"
"12W0-12","T045","CBP",NA,"SP7"
"12W0-2","T046","CBP",NA,"PR1"
"12W0-3","T047","CBP",NA,"AC7"
"12W0-4","T048","CBP",NA,"IX1"
"12W0-5","T049","CBP",NA,"DP25"
"12W0-7","T051","CBP",NA,"OL3"
"12W0-8","T052","CBP",NA,"DP8"
"12W0-9","T053","CBP",NA,"BO1"
"12W10-1","T054","CBP",NA,"DP25"
"12W10-2","T055","CBP",NA,"IX1"
"12W10-3","T056","CBP",NA,"SD3"
"12W5-2","T059","CBP",NA,"MO23"
"12W5-3","T060","CBP",NA,"MY5"
"12W5-4","T061","CBP",NA,"DP25"
"15.65-1","S329","CBP","III","EU24"
"15.65-2","S274","CBP","II","EL2"
"15.65-3","S353","CBP",NA,"IC1"
"15.65-4","S420","CBP",NA,"LO1"
"18.65-1","S398","CBP",NA,"LG19"
"18.65-2","S28","CBP","III","AN9"
"18.65-3","S280","CBP","II","EU5"
"18.65-4","S304","CBP","III","EU15"
"18.65-5","S109","CBP","II","DP4"
"18.65-6","S110","CBP","II","DP4"
"21.75-1","S81","CBP",NA,"VR4"
"21.75-2","S498","CBP",NA,"OR6"
"21.75-4","S460","CBP","II","MY3"
"21.75-5","S478","CBP","II","MR1"
"21.75-6","S111","CBP","III","DP4"
"21.75-7","S305","CBP","III","EU15"
"21.75-8","S483","CBP","III","MT5"
"24.75-1","S21","CBP",NA,"AN3"
"24.75-2","S408","CBP",NA,"LG28"
"24.75-3","S331","CBP","IV","EU25"
"27.75-1","S82","CBP",NA,"VR4"
"27.75-2","S499","CBP",NA,"OR7"
"27.75-3","S500","CBP",NA,"OR8"
"27.75-4","S501","CBP",NA,"OR9"
"27.75-5","S43","CBP",NA,"AL1"
"2W0-0","S183","CBP","V","DP27"
"2W0-1","S150","CBP","III","DP11"
"2W0-1B","S505","CBP",NA,"PA1"
"2W0-2","S94","CBP","III","DP4"
"2W0-3","S95","CBP","III","DP4"
"2W0-4","S484","CBP","IV","MT6"
"2W0-5","S2","CBP",NA,"AC2"
"2W0-5B","S44","CBP",NA,"AS1"
"2W0-7","S34","CBP","III","AN11"
"2W0-8","S404","CBP",NA,"LG25"
"2W15-1","S45","CBP",NA,"AS1"
"2W15-2","S39","CBP",NA,"AP3"
"2W15-3","S221","CBP","III","DP41"
"2W15-4","S374","CBP","III","LG3"
"2W15-5","S512","CBP","III","EU22"
"2W15-6","S258","CBP","IV","DP38"
"2W20-1","S25","CBP",NA,"AN7"
"2W20-2","S84","CBP",NA,"VR4"
"2W20-3","S390","CBP","III","LG11"
"2W20-4","S430","CBP","III","MO2"
"2W20-5","S86","CBP",NA,"CN1"
"2W5-1","S92","CBP","III","DP7"
"2W5-2","S46","CBP",NA,"AS2"
"2W5-3","S502","CBP",NA,"OR10"
"3.50-1","S272","CBP","II","EB2"
"3W0-0","S184","CBP","V","DP27"
"3W0-1","S6","CBP","III","AC3"
"3W0-2","S336","CBP",NA,"EU26"
"3W0-3","S233","CBP","III","DP44"
"3W0-4","S182","CBP","IV","DP27"
"3W0-6","S303","CBP","II","EU14"
"3W0-7","S278","CBP","III","IX1"
"3W0-8","S281","CBP","II","EU6"
"3W0-9","S436","CBP","III","MO4"
"3W10-1","S282","CBP","II","EU6"
"3W10-10","S96","CBP","IV","DP7"
"3W10-11","S141","CBP","V","DP10"
"3W10-12","S174","CBP","V","DP24"
"3W10-13","S228","CBP","IV","DP44"
"3W10-2","S26","CBP",NA,"AN7"
"3W10-3","S30","CBP",NA,"AN10"
"3W10-4","S399","CBP",NA,"LG20"
"3W10-5","S176","CBP","III","DP24"
"3W10-6","S323","CBP",NA,"EU19"
"3W10-7","S177","CBP","IV","DP25"
"3W10-8","S279","CBP","III","IX1"
"3W10-9","S186","CBP","III","DP27"
"3W15-1","S283","CBP","II","EU6"
"3W15-11","S310","CBP",NA,"EU17"
"3W15-12","S311","CBP",NA,"EU17"
"3W15-13","S312","CBP",NA,"EU17"
"3W15-14","S313","CBP",NA,"EU17"
"3W15-15","S319","CBP",NA,"EU17"
"3W15-16","S320","CBP",NA,"EU17"
"3W15-17","S562","CBP",NA,"VR1"
"3W15-18","S314","CBP",NA,"EU17"
"3W15-2","S33","CBP",NA,"AN10"
"3W15-20","S309","CBP",NA,"EU16"
"3W15-23","S201","CBP","IV","DP34"
"3W15-24","S236","CBP","IV","DP45"
"3W15-25","S7","CBP","III","AC4"
"3W15-26","S124","CBP","V","DP8"
"3W15-28","S140","CBP","V","DP10"
"3W15-29","S195","CBP","V","DP30"
"3W15-3","S518","CBP",NA,"RU3"
"3W15-30","S250","CBP","V","DP51"
"3W15-31","S242","CBP","V","DP46"
"3W15-32","S533","CBP","IV","SM1"
"3W15-33","S485","CBP","IV","MT5"
"3W15-35","S382","CBP","V","LG8"
"3W15-36","S9","CBP","IV","AC6"
"3W15-4","S433","CBP","III","MO3"
"3W15-5","S246","CBP","IV","DP50"
"3W15-6","S270","CBP","IV","CE2"
"3W15-7","S276","CBP","IV","EU1"
"3W20-2","S215","CBP","II","DP39"
"3W20-3","S173","CBP","V","DP24"
"3W20-4","S197","CBP","V","DP32"
"4W0-0","S234","CBP","V","DP45"
"4W0-1","S23","CBP",NA,"AN5"
"4W0-11","S196","CBP","III","DP14"
"4W0-12","S273","CBP","III","EL1"
"4W0-13","S18","CBP",NA,"AN1"
"4W0-14","S524","CBP","III","SD2"
"4W0-15","S419","CBP",NA,"MS3"
"4W0-2","S244","CBP","IV","DP51"
"4W0-3","S68","CBP","IV","AC11"
"4W0-4","S486","CBP","IV","MT3"
"4W15-1","S4","CBP",NA,"AC2"
"4W15-2","S5","CBP",NA,"AC2"
"4W15-4","S204","CBP","IV","DP34"
"4W5-1","S507","CBP",NA,"PI1"
"4W5-2","S188","CBP","IV","DP32"
"4W5-3","S403","CBP",NA,"LG24"
"4W5-5","S335","CBP","III","EU25"
"4W5-7","S247","CBP","IV","DP51"
"4W5-8","S389","CBP","II","LG10"
"5W0-0","S205","CBP","V","DP34"
"5W10-1","S229","CBP","IV","DP44"
"5W10-10","S208","CBP","III","DP32"
"5W10-2","S405","CBP",NA,"LG26"
"5W10-3","S24","CBP",NA,"AN6"
"5W10-3B","S87","CBP",NA,"CV1"
"5W10-4","S519","CBP",NA,"RU3"
"5W10-5","S391","CBP","II","LG12"
"5W10-6","S125","CBP","V","DP8"
"5W10-7","S19","CBP",NA,"AN1"
"5W10-8","S337","CBP",NA,"EU26"
"5W10-9","S253","CBP","III","DP33"
"5W20-1","S321","CBP",NA,"EU17"
"5W20-11","S394","CBP","V","LG15"
"5W20-12","S91","CBP","V","DP1"
"5W20-13","S118","CBP","V","DP8"
"5W20-14","S10","CBP","IV","AC6"
"5W20-2","S315","CBP",NA,"EU17"
"5W20-3","S365","CBP","III","LA5"
"5W20-4","S206","CBP","V","DP35"
"5W20-5","S470","CBP","III","MY10"
"5W20-7","S400","CBP",NA,"LG21"
"5W30-1","S220","CBP","V","DP41"
"5W30-2","S155","CBP","III","DP12"
"5W30-3","S355","CBP",NA,"IC1"
"5W30-5","S73","CBP","III","BU17"
"5W30-6","S64","CBP","III","BU12"
"5W35-1","S417","CBP","III","MS1"
"6.50-1","S306","CBP","II","EU15"
"6W0-0","S99","CBP","IV","DP5"
"6W10-1","S88","CBP","III","CR1"
"6W10-10","S489","CBP","IV","MT8"
"6W10-2","S463","CBP","II","MY6"
"6W10-3","S119","CBP","V","DP8"
"6W10-5","S219","CBP","III","DP40"
"6W10-6","S347","CBP","IV","GU2"
"6W10-7","S159","CBP","IV","DP14"
"6W10-8","S510","CBP","IV","CH2"
"6W10-9","S126","CBP","III","DP8"
"6W15-1","S156","CBP","III","DP12"
"6W15-2","S57","CBP","III","BU6"
"6W15-3","S248","CBP","V","DP51"
"6W15-4","S523","CBP","IV","SD2"
"6W15-5","S410","CBP",NA,"LR1"
"6W20-1","S217","CBP","V","DP40"
"6W20-2","S14","CBP","III","AC9"
"6W20-3","S286","CBP","II","EU8"
"6W20-4","S11","CBP","IV","AC7"
"6W20-5","S359","CBP","II","LA2"
"6W25-0","S536","CBP","IV","ST2"
"6W25-0B","S511","CBP","III","CH2"
"6W25-2","S375","CBP","II","LG4"
"6W25-3","S471","CBP","II","MY11"
"6W25-4","S245","CBP","III","DP49"
"6W25-5","S366","CBP","IV","LA6"
"6W25-6","S275","CBP","III","EU1"
"6W25-7","S467","CBP","II","MY8"
"6W25-8","S474","CBP","IV","MY14"
"6W5-0","S487","CBP","III","MT7"
"6W5-1","S488","CBP","III","MT3"
"6W5-2","S284","CBP","II","EU7"
"6W5-3","S54","CBP","III","BU3"
"6W5-4","S62","CBP","IV","BU10"
"6W5-5","S490","CBP","IV","MT9"
"6W5-6","S100","CBP","IV","DP5"
"7W0-0","S537","CBP","IV","ST2"
"7W0-1","S187","CBP","III","DP27"
"7W0-2","S157","CBP","III","DP12"
"7W0-3","S222","CBP","III","DP41"
"7W0-4","S472","CBP","III","MY12"
"7W0-5","S36","CBP","II","AN13"
"7W0-6","S377","CBP","II","SD3"
"7W10-1","S418","CBP",NA,"MS2"
"7W10-10","S421","CBP","III","ML1"
"7W10-2","S339","CBP","III","FA1"
"7W10-3","S326","CBP",NA,"EU20"
"7W10-4","S199","CBP","III","DP51"
"7W10-5","S90","CBP",NA,"DL1"
"7W10-8","S216","CBP","III","DP39"
"7W10-9","S358","CBP","III","LA1"
"7W15-1","S32","CBP",NA,"AN10"
"7W15-2","S401","CBP",NA,"LG22"
"7W15-3","S356","CBP",NA,"IC1"
"7W15-4","S240","CBP","V","DP45"
"7W15-5","S437","CBP","IV","MO5"
"7W15-6","S235","CBP","III","DP44"
"7W15-7","S551","CBP","II","TH1"
"7W25-0","S263","CBP","V","DP53"
"7W30-2","S248","CBP","V","DP51"
"7W30-3","S230","CBP","V","DP44"
"7W30-4","S74","CBP","IV","BU1"
"7W30-5","S85","CBP","III","CM1"
"7W40-1","S563","CBP","II","VR2"
"7W40-10","S259","CBP","V","DP52"
"7W40-11","S295","CBP","III","EU10"
"7W40-12","S383","CBP","IV","LG8"
"7W40-2","S515","CBP","III","RH1"
"7W40-3","S292","CBP","III","EU9"
"7W40-4","S302","CBP",NA,"EU13"
"7W40-5","S322","CBP",NA,"EU17"
"7W40-6","S316","CBP",NA,"EU17"
"7W40-7","S317","CBP",NA,"EU17"
"7W40-8","S318","CBP",NA,"EU17"
"7W40-9","S197","CBP","V","DP32"
"7W5-1","S529","CBP","II","SP5"
"7W5-2","S458","CBP","II","MY1"
"7W5-3","S555","CBP",NA,"TY4"
"7W50-1","S48","CBP","IV","BO1"
"7W50-2","S60","CBP","III","BU8"
"7W50-3","S564","CBP","III","VR2"
"8W0-0","S225","CBP","V","DP44"
"8W0-1","S550","CBP","IV","ST8"
"8W0-2","S254","CBP","III","DP51"
"8W0-3","S58","CBP","III","BU6"
"8W0-4","S133","CBP","V","DP10"
"8W15-1","S561","CBP","III","UL1"
"8W15-2","S503","CBP",NA,"OR11"
"8W15-3","S492","CBP","II","OL2"
"8W20-1","S218","CBP","III","DP40"
"8W20-2","S475","CBP","IV","MY15"
"8W5-1","S422","CBP","IV","AL2"
"8W5-3","S376","CBP","IV","LG5"
"8W5-4","S40","CBP","IV","AQ1"
"9.60-1","S308","CBP","III","EU15"
"9W0-0","S249","CBP","V","DP51"
"9W0-1","S534","CBP","IV","SM1"
"9W0-10","S161","CBP","V","DP44"
"9W0-11","S237","CBP","IV","DP45"
"9W0-12","S438","CBP","III","MO22"
"9W0-13","S238","CBP","IV","DP45"
"9W0-14","S67","CBP","III","BU12"
"9W0-15","S491","CBP","III","OL1"
"9W0-16","S538","CBP","IV","ST1"
"9W0-2","S383","CBP","IV","LG8"
"9W0-3","S475","CBP","IV","MY15"
"9W0-5","S89","CBP","III","CR1"
"9W0-6","S194","CBP","IV","DP30"
"9W0-7","S63","CBP","IV","BU11"
"9W0-7B","S52","CBP","IV","BU1"
"9W0-8","S268","CBP","IV","DP56"
"9W0-9","S392","CBP","V","LG13"
"9W15-1","S340","CBP","III","FA2"
"9W15-2","S539","CBP","IV","ST1"
"9W15-3","S504","CBP",NA,"OR12"
"9W15-4","S203","CBP","III","DP34"
"9W20-1","S293","CBP","II","EU9"
"9W20-2","S294","CBP","II","EU9"
"9W20-3","S285","CBP","III","IX1"
"9W20-4","S114","CBP","III","DP8"
"A0","S139","ORT","IV","DP10"
"A1","S265","ORT","III","DP55"
"A10","S345","ORT","IV","GU1"
"A106","S104","ORT","IV","DP6"
"A109","S41","ORT",NA,"AR1"
"A110","S566","ORT",NA,"ZI1"
"A111","S411","ORT",NA,"LR2"
"A115","S440","ORT","III","MO6"
"A12","S241","ORT","III","DP46"
"A13","S16","ORT","IV","AC10"
"A131","S493","ORT",NA,"OR1"
"A133","S497","ORT",NA,"OR5"
"A14","S71","ORT","III","BU18"
"A15","S98","ORT","IV","DP5"
"A2","S61","ORT","III","BU9"
"A22","S516","ORT",NA,"RU7"
"A23","S545","ORT","IV","ST6"
"A24","S552","ORT","III","TY1"
"A25","S158","ORT","IV","DP13"
"A27","S346","ORT","III","GU2"
"A28","S508","ORT","III","XA1"
"A3","S17","ORT","IV","AC10"
"A34","S105","ORT","IV","DP6"
"A4","S106","ORT","IV","DP6"
"A40","S267","ORT","III","DP55"
"A42","S546","ORT","IV","ST6"
"A43","S426","ORT","III","MO1"
"A44","S558","ORT","III","TL1"
"A45","S108","ORT","II","DP7"
"A5","S107","ORT","IV","DP6"
"A51","S544","ORT","IV","ST6"
"A56","S163","ORT","III","DP47"
"A57","S243","ORT","IV","DP47"
"A6","S429","ORT","III","MO1"
"A63","S223","ORT","IV","DP42"
"A66","S69","ORT","III","BU14"
"A67","S406","ORT",NA,"LG25"
"A69","S287","ORT","III","IX1"
"A74","S482","ORT","III","MT4"
"A75","S167","ORT","IV","DP23"
"A76","S412","ORT",NA,"LR2"
"A78","S338","ORT","III","EU27"
"A8","S479","ORT","III","MT1"
"A82","S131","ORT","IV","DP10"
"A83","S192","ORT","V","DP29"
"A87","S193","ORT","V","DP29"
"A89","S357","ORT","III","IX1"
"A9","S8","ORT","III","AC5"
"A91","S1","ORT","III","AC1"
"A92","S13","ORT","III","AC8"
"A99","S59","ORT","III","BU7"
"C0","S152","CBP","V","DP11"
"C1","S198","CBP","IV","DP33"
"C10","S72","CBP","IV","BU17"
"C11","S258","CBP","IV","DP38"
"C12","S184","CBP","V","DP27"
"C13","S182","CBP","IV","DP27"
"C14","S512","CBP","III","EU22"
"C14B","S96","CBP","IV","DP7"
"C16","S174","CBP","V","DP24"
"C18","S141","CBP","V","DP10"
"C19","S517","CBP",NA,"RU5"
"C1B","S37","CBP",NA,"AP1"
"C22","S77","CBP","IV","BU22"
"C23","S197","CBP","V","DP32"
"C24","S251","CBP","V","DP51"
"C25","S115","CBP","IV","DP8"
"C26","S132","CBP","IV","DP10"
"C27","S175","CBP","V","DP24"
"C28","S239","CBP","IV","DP45"
"C29","S414","CBP",NA,"LR5"
"C30","S416","CBP","II","MG1"
"C38","S116","CBP","IV","DP8"
"C46","S185","CBP","V","DP27"
"C47","S231","CBP","V","DP44"
"C48","S252","CBP","V","DP51"
"C57","S378","CBP","V","LG7"
"C59","S549","CBP","IV","ST8"
"C59B","S396","CBP",NA,"LG17"
"C60","S469","CBP","III","MY9"
"C63","S387","CBP","IV","LG9"
"C65","S232","CBP","V","DP44"
"C65B","S38","CBP",NA,"AP2"
"C66","S333","CBP","III","EU25"
"C67","S262","CBP","V","DP52"
"C68","S213","CBP","V","DP38"
"C70","S93","CBP","IV","DP4"
"C71","S397","CBP",NA,"LG18"
"C71B","S83","CBP",NA,"VR4"
"C72","S379","CBP","V","LG7"
"C73","S388","CBP","IV","LG9"
"C78","S334","CBP","III","EU25"
"C79","S372","CBP","IV","LG1"
"C80","S153","CBP","V","DP11"
"C81","S154","CBP","V","DP11"
"C82","S181","CBP","V","DP26"
"C83","S535","CBP","III","ST1"
"C85","S307","CBP","III","EU15"
"C9","S395","CBP",NA,"CN2"
"C90","S439","CBP","IV","MO6"
"C91","S373","CBP","IV","LG2"
"C92","S332","CBP","IV","EU25"
"C94","S527","CBP","IV","SP3"
"D0","S120","CBP","V","DP8"
"D1","S121","CBP","V","DP8"
"D10","S224","CBP","V","DP43"
"D11","S255","CBP","V","DP51"
"D12","S381","CBP","V","LG8"
"D13","S260","CBP","V","DP52"
"D13-1","S78","CBP","II","CE1"
"D13-10","S289","CBP","II","IX1"
"D13-11","S327","CBP","II","EU23"
"D13-12","S290","CBP","II","IX1"
"D13-13","S79","CBP","II","CE1"
"D13-14","S288","CBP","II","IX1"
"D13-15","S269","CBP","II","DP54"
"D13-16","S291","CBP","II","IX1"
"D13-17","S464","CBP","II","MY7"
"D13-18","S530","CBP","II","SP5"
"D13-19","S178","CBP","II","DP25"
"D13-2","S531","CBP","II","SP5"
"D13-20","S80","CBP","II","CE1"
"D13-21","S348","CBP","II","GU3"
"D13-3","S49","CBP","II","BO2"
"D13-4","S207","CBP","II","DP35"
"D13-5","S179","CBP","II","DP25"
"D13-6","S103","CBP","II","DP5"
"D13-7","S465","CBP","II","MY7"
"D13-7B","S462","CBP","II","MY5"
"D13-8","S575","CBP",NA,"LI1"
"D13-9","S459","CBP","II","MY1"
"D14","S249","CBP","V","DP51"
"D15","S225","CBP","V","DP44"
"D16","S380","CBP","V","LG7"
"D17","S134","CBP","V","DP10"
"D18","S135","CBP","V","DP10"
"D19","S136","CBP","V","DP10"
"D2","S122","CBP","V","DP8"
"D20","S172","CBP","V","DP24"
"D21","S191","CBP","V","DP29"
"D22","S137","CBP","V","DP10"
"D23","S138","CBP","V","DP10"
"D23-1","S65","CBP","III","BU12"
"D23-10","S468","CBP","III","MY8"
"D23-12","S277","CBP","III","EU3"
"D23-13","S371","CBP","III","LC1"
"D23-14","S476","CBP","III","MY15"
"D23-16","S352","CBP","IV","GU8"
"D23-17","S368","CBP","IV","LA7"
"D23-2","S554","CBP","III","TY3"
"D23-3","S12","CBP","III","AC7"
"D23-4","S180","CBP","III","DP25"
"D23-6","S66","CBP","III","BU12"
"D23-7","S466","CBP","III","MY8"
"D23-8","S296","CBP","IV","EU11"
"D23-9","S367","CBP","IV","LA5"
"D24","S256","CBP","V","DP51"
"D25","S101","CBP","V","DP5"
"D26","S102","CBP","V","DP5"
"D28","S123","CBP","V","DP8"
"D3","S151","CBP","V","DP11"
"D36-1","S540","CBP","IV","ST1"
"D36-10","S117","CBP","IV","DP8"
"D36-11","S402","CBP",NA,"LG23"
"D36-12","S166","CBP","IV","DP30"
"D36-13","S495","CBP",NA,"OR3"
"D36-14","S496","CBP",NA,"OR4"
"D36-4","S351","CBP","IV","GU6"
"D36-6","S494","CBP",NA,"OR2"
"D36-7","S42","CBP",NA,"AR2"
"D36-9","S202","CBP","IV","DP34"
"D5","S386","CBP","IV","LG9"
"D8","S127","CBP","V","DP9"
"D9","S261","CBP","V","DP52"
"G1","G1","Crane",NA,"DP54"
"G10","G10","Crane",NA,"DP24"
"G100","G100","Crane",NA,"IX1"
"G101","G101","Crane",NA,"DP28"
"G102","G102","Crane",NA,"BU3"
"G103","G103","Crane",NA,"MO1"
"G104","G104","Crane",NA,"MY18"
"G105","G105","Crane",NA,"FL3"
"G106","G106","Crane",NA,"DP28"
"G107","G107","Crane",NA,"DP58"
"G11","G11","Crane",NA,"DP24"
"G113","G113","Crane",NA,"MY18"
"G12","G12","Crane",NA,"EU41"
"G13","G13","Crane",NA,"DP23"
"G13A","G13A","Crane",NA,"LG29"
"G14","G14","Crane",NA,"AC14"
"G15","G15","Crane",NA,"DP24"
"G16","G16","Crane",NA,"DP24"
"G17","G17","Crane",NA,"EU13"
"G170","G170","Crane",NA,"FL4"
"G171","G171","Crane",NA,"BU10"
"G172","G172","Crane",NA,"AC14"
"G18","G18","Crane",NA,"VR2"
"G19","G19","Crane",NA,"DP33"
"G19A","G19A","Crane",NA,"LG30"
"G2","G2","Crane",NA,"MT10"
"G20","G20","Crane",NA,"MY18"
"G21","G21","Crane",NA,"DP37"
"G22","G22","Crane",NA,"DP46"
"G23","G23","Crane",NA,"DP10"
"G24","G24","Crane",NA,"DP10"
"G25","G25","Crane",NA,"DP10"
"G26","G26","Crane",NA,"LA10"
"G27","G27","Crane",NA,"DP24"
"G28","G28","Crane",NA,"DP10"
"G29","G29","Crane",NA,"DP29"
"G3","G3","Crane",NA,"DP27"
"G30","G30","Crane",NA,"MO24"
"G31","G31","Crane",NA,"DP58"
"G32","G32","Crane",NA,"DP24"
"G33","G33","Crane",NA,"DP43"
"G34","G34","Crane",NA,"DP10"
"G35","G35","Crane",NA,"DP10"
"G36","G36","Crane",NA,"DP6"
"G37","G37","Crane",NA,"DP10"
"G38","G38","Crane",NA,"LG8"
"G39","G39","Crane",NA,"DP10"
"G4","G4","Crane",NA,"DP24"
"G40","G40","Crane",NA,"DP29"
"G41","G41","Crane",NA,"MO1"
"G42","G42","Crane",NA,"MG2"
"G43","G43","Crane",NA,"DP23"
"G44","G44","Crane",NA,"DP10"
"G45","G45","Crane",NA,"DP59"
"G45B","G45B","Crane",NA,"AR8"
"G46","G46","Crane",NA,"AN25"
"G46A","G46A","Crane",NA,"LG29"
"G47","G47","Crane",NA,"EU39"
"G48","G48","Crane",NA,"DP10"
"G49","G49","Crane",NA,"DP28"
"G5","G5","Crane",NA,"DP24"
"G50","G50","Crane",NA,"DP24"
"G51","G51","Crane",NA,"DP24"
"G52","G52","Crane",NA,"MT10"
"G53","G53","Crane",NA,"LA5"
"G54","G54","Crane",NA,"DP59"
"G54A","G54A","Crane",NA,"MS5"
"G54B","G54B","Crane",NA,"AR4"
"G55","G55","Crane",NA,"LO2"
"G56","G56","Crane",NA,"DP24"
"G57","G57","Crane",NA,"DP24"
"G58","G58","Crane",NA,"DP24"
"G59","G59","Crane",NA,"DP24"
"G6","G6","Crane",NA,"DP24"
"G60","G60","Crane",NA,"MY20"
"G61","G61","Crane",NA,"AC12"
"G62","G62","Crane",NA,"RU13"
"G63","G63","Crane",NA,"GU9"
"G64","G64","Crane",NA,"AC14"
"G65","G65","Crane",NA,"FA5"
"G66","G66","Crane",NA,"EU13"
"G67","G67","Crane",NA,"LO2"
"G67A","G67A","Crane",NA,"AR5"
"G68","G68","Crane",NA,"BU12"
"G69","G69","Crane",NA,"AC13"
"G7","G7","Crane",NA,"DP24"
"G70","G70","Crane",NA,"DP6"
"G71","G71","Crane",NA,"DP23"
"G72","G72","Crane",NA,"DP58"
"G73","G73","Crane",NA,"DP32"
"G74","G74","Crane",NA,"EU40"
"G75","G75","Crane",NA,"DP40"
"G76","G76","Crane",NA,"MO1"
"G77","G77","Crane",NA,"BU23"
"G78","G78","Crane",NA,"EB3"
"G79","G79","Crane",NA,"CO1"
"G8","G8","Crane",NA,"DP6"
"G80","G80","Crane",NA,"RH2"
"G81","G81","Crane",NA,"DP32"
"G82","G82","Crane",NA,"EU13"
"G83","G83","Crane",NA,"UL2"
"G84","G84","Crane",NA,"DP35"
"G85","G85","Crane",NA,"BU24"
"G86","G86","Crane",NA,"IX1"
"G87","G87","Crane",NA,"MO1"
"G88","G88","Crane",NA,"EU35"
"G89","G89","Crane",NA,"XA3"
"G9","G9","Crane",NA,"DP6"
"G90","G90","Crane",NA,"MY19"
"G91","G91","Crane",NA,"DP23"
"G92","G92","Crane",NA,"IX1"
"G93","G93","Crane",NA,"SP5"
"G94","G94","Crane",NA,"BU3"
"G95","G95","Crane",NA,"XA2"
"G96","G96","Crane",NA,"BO5"
"G97","G97","Crane",NA,"VR6"
"G98","G98","Crane",NA,"CH3"
"G99","G99","Crane",NA,"DP33"
"W10-1","S271","CBP","III","EB1"
"W10-2","S522","CBP","III","SD2"
"W15-1","S53","CBP","II","BU2"
"W15-2","S559","CBP","II","TL2"
"W15-3","S560","CBP","II","TL2"
"W20-1","S423","CBP","II","CN3"
"W20-2","S509","CBP","III","CH1"
"W20-3","S354","CBP",NA,"IC1"
"W5-1","S29","CBP","III","AN9"
"W5-2","S264","CBP","III","DP54"
