"spc","family","genus","species","variety","lfm"
"AC1","Anacardiaceae","Bouea","sp.1","","T3"
"AC10","Anacardiaceae","Swintonia","shnenkii","","T4"
"AC11","Anacardiaceae","Parishia","sp.1","","T4"
"AC12","Anacardiaceae","Gluta","oba","","T4"
"AC13","Anacardiaceae","Swintonia","acuta","","T4"
"AC14","Anacardiaceae","Swintonia","foxwarthii","","T4"
"AC2","Anacardiaceae","Campnosperma","auriculatum","","G"
"AC3","Anacardiaceae","Gluta","macrocarpa","","T3"
"AC4","Anacardiaceae","Gluta","wallichii","","T4"
"AC5","Anacardiaceae","Mangifera","havilandii","","T3"
"AC6","Anacardiaceae","Mangifera","magnifica","","T4"
"AC7","Anacardiaceae","Parishia","sericea","","T4"
"AC8","Anacardiaceae","Uc.1","","","T3"
"AC9","Anacardiaceae","Melanochyla","aff.beccariana","","T3"
"AL1","Araliaceae","Schefflera","uc.1","","E"
"AL2","Araliaceae","Arthrophyllum","diversifolium","","T4"
"AN1","Annonaceae","Artabotrys","venustus","","L"
"AN10","Annonaceae","Pyramidanthe","prismatica","","L"
"AN11","Annonaceae","Polyalthia","hypoleuca","","T3"
"AN13","Annonaceae","Polyalthia","rumphii","","T2"
"AN14","Annonaceae","Cyathocalyx","magnifica","",NA
"AN25","Annonaceae","Mezzettia","macrocarpa","","T4"
"AN3","Annonaceae","Friesodielsia","argentia","","L"
"AN5","Annonaceae","Fissistigma","kingii","grandiflorum","L"
"AN6","Annonaceae","Uvaria","desmoides","","L"
"AN7","Annonaceae","Fissistigma","latifolium","","L"
"AN9","Annonaceae","Monocarpia","euneura","","T3"
"AP1","Apocynaceae","Anodendron","candolleanum","","L"
"AP2","Apocynaceae","Uc.1","","","L"
"AP3","Apocynaceae","Urceola","SP.","","L"
"AQ1","Aquifoliaceae","Ilex","sp.1","","T4"
"AR1","Araceae","Potos","uc.1","","E"
"AR2","Araceae","Unknown","","","E"
"AR4","Araceae","Unknown","","","E"
"AR5","Araceae","Unknown","","","E"
"AR8","Araceae","Unknown","","","E"
"AS1","Ascrepiadaceae","Gongonema","sp.1","","L"
"AS2","Ascrepiadaceae","Hoya","sp.1","","E"
"BO1","Bombacaceae","Coelostegia","griffithii","","T4"
"BO2","Bombacaceae","Durio","sp.1","","T2"
"BO5","Bombacaceae","Durio","CRN3","",NA
"BU1","Burseraceae","Canarium","caudatum","","T4"
"BU10","Burseraceae","Santiria","griffithii","","T4"
"BU11","Burseraceae","Santiria","laevigata","","T4"
"BU12","Burseraceae","Santiria","mollis","","T3"
"BU14","Burseraceae","Santiria","sp.G(Kochuman)","","T3"
"BU17","Burseraceae","Sp.5","","","T4"
"BU18","Burseraceae","Canarium","sp.3","","T4"
"BU2","Burseraceae","Canarium","denticulatum","","T3"
"BU22","Burseraceae","Triomma","malaccensis","","T5"
"BU23","Burseraceae","Dacriodes","rubiginosa","","T4"
"BU24","Burseraceae","Santiria","grandifolia","","T4"
"BU3","Burseraceae","Canarium","pilosum","","T3"
"BU6","Burseraceae","Canarium","sp.C(Kochuman)","","T3"
"BU7","Burseraceae","Sp.4","","","T3"
"BU8","Burseraceae","Dacriodes","""bulu_merah""","","T3"
"BU9","Burseraceae","Dacriodes","incurvata","","T4"
"CE1","Celastraceae","Lophopetalum","grabrum","","T3"
"CE2","Celastraceae","Lophopetalum","multinervium","","T4"
"CH1","Chrysobalanaceae","Atuna","excelsa","","T3"
"CH2","Chrysobalanaceae","Parastemon","urophyllum","","T4"
"CH3","Chrysobalanaceae","Parinari","canarioides","","T5"
"CM1","Compositae","Vernonia","arborea","","T3"
"CN1","Connaraceae","Agelaea","macrophylla","","L"
"CN2","Connaraceae","Agelaea","borneensis","","L"
"CN3","Connaraceae","Connarus","euphlebius","","T2"
"CN4","Connaraceae","Cnestis","platantha","","T2"
"CO1","Cornaceae","Mastixia","aff. pentandra","","T4"
"CR1","Crypteroniaceae","Crypteronia","cumingii","","T3"
"CV1","Convolvulaceae","Erycibe","sp.1","","L"
"DL1","Dilleniaceae","Tetracea","macrophylla","","L"
"DP1","Dipterocarpaceae","Cotylelobium","melanoxylon","","T5"
"DP10","Dipterocarpaceae","Dryobalanops","aromatica","","T5"
"DP11","Dipterocarpaceae","Dryobalanops","lanceolata","","T5"
"DP12","Dipterocarpaceae","Hopea","griflithii","","T3"
"DP13","Dipterocarpaceae","Parashorea","smithiethii","","T5"
"DP14","Dipterocarpaceae","Shorea","faguetiana","","T4"
"DP23","Dipterocarpaceae","Shorea","acuta","","T5"
"DP24","Dipterocarpaceae","Shorea","beccariana","","T5"
"DP25","Dipterocarpaceae","Shorea","biawak","","T4"
"DP26","Dipterocarpaceae","Shorea","confusa","","T5"
"DP27","Dipterocarpaceae","Shorea","bullata","","T5"
"DP28","Dipterocarpaceae","Shorea","aff.crassa","","T5"
"DP29","Dipterocarpaceae","Shorea","curtisii","","T5"
"DP30","Dipterocarpaceae","Shorea","exelliptica","","T5"
"DP32","Dipterocarpaceae","Shorea","falciferoides","glaucescens","T5"
"DP33","Dipterocarpaceae","Shorea","fallax","","T5"
"DP34","Dipterocarpaceae","Shorea","ferruginea","","T5"
"DP35","Dipterocarpaceae","Shorea","havilandii","","T5"
"DP37","Dipterocarpaceae","Shorea","kunstleri","","T5"
"DP38","Dipterocarpaceae","Shorea","leprosula","","T5"
"DP39","Dipterocarpaceae","Shorea","macrophylla","","T5"
"DP4","Dipterocarpaceae","Dipterocarpus","palembanicus","borneensis","T4"
"DP40","Dipterocarpaceae","Shorea","macroptera","bauillonii","T5"
"DP41","Dipterocarpaceae","Shorea","macroptera","macropterifolia","T5"
"DP42","Dipterocarpaceae","Shorea","obscura","","T5"
"DP43","Dipterocarpaceae","Shorea","ochracea","","T5"
"DP44","Dipterocarpaceae","Shorea","parvifolia","","T5"
"DP45","Dipterocarpaceae","Shorea","pilosa","","T5"
"DP46","Dipterocarpaceae","Shorea","quadrinervis","","T5"
"DP47","Dipterocarpaceae","Shorea","rubella","","T5"
"DP49","Dipterocarpaceae","Shorea","scaberima","","T5"
"DP5","Dipterocarpaceae","Dipterocarpus","geniculatus","grandis","T5"
"DP50","Dipterocarpaceae","Shorea","slooteni","","T5"
"DP51","Dipterocarpaceae","Shorea","smithiana","","T5"
"DP52","Dipterocarpaceae","Shorea","superba","","T5"
"DP53","Dipterocarpaceae","Shorea","xanthophylla","","T5"
"DP54","Dipterocarpaceae","Vatica","micrantha","","T4"
"DP55","Dipterocarpaceae","Vatica","aff.parvifolia","","T4"
"DP56","Dipterocarpaceae","Vatica","badiifolia","","T4"
"DP57","Dipterocarpaceae","Shorea","patoiensis","","T5"
"DP58","Dipterocarpaceae","Shorea","laxa","","T4"
"DP59","Dipterocarpaceae","Shorea","ovata","","T4"
"DP6","Dipterocarpaceae","Dipterocarpus","globosus","","T5"
"DP60","Dipterocarpaceae","Vatia","oblongifolia","","T4"
"DP61","Dipterocarpaceae","Vatica","sp.","",NA
"DP7","Dipterocarpaceae","Dipterocarpus","actangulus","","T5"
"DP8","Dipterocarpaceae","Dipterocarpus","pachyphyllus","","T5"
"DP9","Dipterocarpaceae","Dipterocarpus","tempehes","","T5"
"EB1","Ebenaceae","Diospyros","pendula","","T3"
"EB2","Ebenaceae","Diospyros","sumatrana","","T2"
"EB3","Ebenaceae","Diospyros","dicotyoneura","","T4"
"EL1","Elaeocarpaceae","Elaeocarpus","nitidus","","T3"
"EL2","Elaeocarpaceae","Sloanea","javanica","","T3"
"EU1","Euphorbiaceae","Blumeodendron","kurzii","","T4"
"EU10","Euphorbiaceae","Drypetes","sp.1","","T3"
"EU11","Euphorbiaceae","Drypetes","iliae","","T4"
"EU13","Euphorbiaceae","Endospermum","diadenum","","G"
"EU14","Euphorbiaceae","Glochidion","sp.1","","T2"
"EU15","Euphorbiaceae","Koilodepas","laevigatum","","T3"
"EU16","Euphorbiaceae","Macaranga","gigantea","","G"
"EU17","Euphorbiaceae","Macaranga","hosei","","G"
"EU19","Euphorbiaceae","Macaranga","conifera","","G"
"EU20","Euphorbiaceae","Macaranga","trachyphylla","","G"
"EU22","Euphorbiaceae","Trigonopleura","malayana","","T3"
"EU23","Euphorbiaceae","Macaranga","uc.2","","T2"
"EU24","Euphorbiaceae","Mallotus","penangensis","","T3"
"EU25","Euphorbiaceae","Mallotus","leucodermis","","T4"
"EU26","Euphorbiaceae","Omphalea","bracteolata","","L"
"EU27","Euphorbiaceae","Pimelodendron","griffithianum","","T3"
"EU3","Euphorbiaceae","Cephalomappa","beccariana","hosei","T4"
"EU34","Euphorbiaceae","Aporosa","prainiana","",NA
"EU35","Euphorbiaceae","Drypetes","CRN2","","T4"
"EU36","Euphorbiaceae","Galeria","fulra","","T3"
"EU37","Euphorbiaceae","Glochidion","sp.2","",NA
"EU38","Euphorbiaceae","Neoscortechinia","forbesii","","T4"
"EU39","Euphorbiaceae","Blumeodendron","calophyllum","","T5"
"EU4","Euphorbiaceae","Drypetes","uc.2","","T2"
"EU40","Euphorbiaceae","Mallotus","eucatus","","T3"
"EU41","Euphorbiaceae","Ptychopyxis","glochidiifolia","","T4"
"EU5","Euphorbiaceae","Cleistanthus","brideliifolius","","T3"
"EU6","Euphorbiaceae","Cleistanthus","venosus","","T3"
"EU7","Euphorbiaceae","Cleistanthus","pseudopodocarpus","","T3"
"EU8","Euphorbiaceae","Cleistanthus","sumatranus","","T3"
"EU9","Euphorbiaceae","Tapoides","villamilii","","T3"
"FA1","Fagaceae","Lithocarpus","leptogyne","","T3"
"FA2","Fagaceae","Lithocarpus","ferrugineus","","T4"
"FA5","Fagaceae","Lithocarpus","luteus","","T4"
"FL2","Flacourtiaceae","Hydnocarpus","gracilis","","T3"
"FL3","Flacourtiaceae","Homarium","","",NA
"FL4","Flacourtiaceae","Hydnocarpus","castanea","","T4"
"GU1","Guttiferae","Calophyllum","hosei","","T4"
"GU2","Guttiferae","Calophyllum","nodosum","","T4"
"GU3","Guttiferae","Calophyllum","""bulu_merah""","","T2"
"GU6","Guttiferae","Garcinia","sp.50(SAR)","","T4"
"GU8","Guttiferae","Mesua","macrantha","","T4"
"GU9","Guttiferae","Calophyllum","aff. Soulattri","","T4"
"IC1","Icacinaceae","Iodes","velutina","","L"
"IX1","Ixonanthaceae","Allantospermum","borneensis","","T4"
"LA1","Lauraceae","Cinnamomum","javanicum","","T3"
"LA10","Lauraceae","Endiandra","aff. scrobiculata","",NA
"LA2","Lauraceae","Endiandra","clavigera","","T3"
"LA5","Lauraceae","Alseodaphne","insignis","","T4"
"LA6","Lauraceae","Uc.1","","","T4"
"LA7","Lauraceae","Beilschmiedia","phoebeopsis","","T4"
"LC1","Lecythidaceae","Barringtonia","curranii","","T3"
"LG1","Leguminosae","Dialium","platysepalum","","T4"
"LG10","Leguminosae","Parkia","speciosa","","T3"
"LG11","Leguminosae","Archidendron","microcarpum","","T3"
"LG12","Leguminosae","Parkia","singularis","","T3"
"LG13","Leguminosae","Sindora","beccariana","","T5"
"LG15","Leguminosae","Sindora","vertina","","T5"
"LG17","Leguminosae","Spatholobus","sp.1","","L"
"LG18","Leguminosae","Spatholobus","sp.2","","L"
"LG19","Leguminosae","Sp.1","","","L"
"LG2","Leguminosae","Dialium","indicum","","T4"
"LG20","Leguminosae","Uc.1","","","L"
"LG21","Leguminosae","Uc.2","","","L"
"LG22","Leguminosae","Sp.2","","","L"
"LG23","Leguminosae","Uc.3","","","L"
"LG24","Leguminosae","Spatholobus","macropterus","","L"
"LG25","Leguminosae","Spatholobus","ferrugineus","","L"
"LG26","Leguminosae","Spatholobus","multifolius","","L"
"LG28","Leguminosae","Callerya","niewenhuisii","","L"
"LG29","Leguminosae","Bauhinia","sp.1","","L"
"LG3","Leguminosae","Curudia","sp.1","","T4"
"LG30","Leguminosae","Bauhinia","sp.2","","L"
"LG4","Leguminosae","Dialium","kustleri","kunstleri","T4"
"LG5","Leguminosae","Dialium","turbinatum","","T4"
"LG7","Leguminosae","Koompasia","excelsa","","T5"
"LG8","Leguminosae","Koompasia","malaccensis","","T5"
"LG9","Leguminosae","Callerya","vasta","","T4"
"LI1","Linaceae","Indorouchea","griffithiana","","L"
"LO1","Loganiaceae","Strychnos","polytrichantha","","L"
"LO2","Loganiaceae","Fagraea","caudata","","T2"
"LR1","Loranthaceae","Trithecanthera","xiphostachys","","E"
"LR2","Loranthaceae","Amylotheca","duthiana","","E"
"LR5","Loranthaceae","Uc.4","","","E"
"MG1","Magnoliaceae","Talauma","gigantifolia","","T2"
"MG2","Magnoriaceae","Magnoila","ashtonii","","T4"
"ML1","Meliaceae","Chisocheton","sarawakensis","","T3"
"MO1","Moraceae","Artocarpus","anisophyllus","","T4"
"MO2","Moraceae","Artocarpus","dadah","","T4"
"MO22","Moraceae","Prainea","frutescens","","T3"
"MO23","Moraceae","","","",NA
"MO24","Moraceae","Parartocarpus","venenosa","","T4"
"MO3","Moraceae","Artocarpus","elasticus","","T4"
"MO4","Moraceae","Artocarpus","integer","","T4"
"MO5","Moraceae","Artocarpus","nitidus","","T4"
"MO6","Moraceae","Artocarpus","odoratissimus","","T4"
"MR1","Myrsinaceae","Ardisia","macrophylla","","T3"
"MS1","Melastomataceae","Memecylon","sp.1","","T3"
"MS2","Melastomataceae","Diplectria","stipularis","","L"
"MS3","Melastomataceae","Uc.2","","","L"
"MS5","Melastomataceae","Medinila","sp.","",NA
"MT1","Myrtaceae","Eugenia","sp.2","","T3"
"MT10","Myrtaceae","Eugenia","CRN5","",NA
"MT3","Myrtaceae","Eugenia","sp.4","","T4"
"MT4","Myrtaceae","Eugenia","ochneocarpa","","T3"
"MT5","Myrtaceae","Eugenia","subrufa","","T4"
"MT6","Myrtaceae","Eugenia","sp.1","","T4"
"MT7","Myrtaceae","Eugenia","uc.1","","T3"
"MT8","Myrtaceae","Sp.4","","","T4"
"MT9","Myrtaceae","Eugenia","roslenta","","T4"
"MY1","Myristicaceae","Gymnacranthera","contracta","","T4"
"MY10","Myristicaceae","Knema","pedicellata","","T3"
"MY11","Myristicaceae","Knema","uc.2","","T2"
"MY12","Myristicaceae","Knema","Äúkempang puti daun kucel‚Äù","","T3"
"MY13","Myristicaceae","Myristica","malaccensis","","T3"
"MY14","Myristicaceae","Myristica","sp.1","","T4"
"MY15","Myristicaceae","Myristica","villosa","","T4"
"MY18","Myristicaceae","Gymnacranthera","bancana","borneensis","T4"
"MY19","Myristicaceae","Knema","percoriacea","","T3"
"MY20","Myristicaceae","Myristica","gigantea","","T4"
"MY21","Myristicaceae","Horsfieldia","borneensis","","T4"
"MY22","Myristicaceae","Horsfieldia","gracillis","",NA
"MY3","Myristicaceae","Horsfieldia","grandis","","T3"
"MY4","Myristicaceae","Horsfieldia","polyspherula","sumatrana","T3"
"MY5","Myristicaceae","Horsfieldia","pallidicaula","","T3"
"MY6","Myristicaceae","Knema","fufuracea","","T3"
"MY7","Myristicaceae","Knema","laterica","","T3"
"MY8","Myristicaceae","Knema","latifolia","","T3"
"MY9","Myristicaceae","Knema","uc.1","","T3"
"OL1","Olacaceae","Ochanostachys","amentacea","","T3"
"OL2","Olacaceae","Scorodocarpus","borneensis","","T4"
"OL3","Olacaceae","Strombosia","sp.3","",NA
"OL4","Olacaceae","Strombosia","ceylanica","","T3"
"OR1","Orchidaceae","Trias","sp.","","E"
"OR10","Orchidaceae","Uc.7","","","E"
"OR11","Orchidaceae","Uc.8","","","E"
"OR12","Orchidaceae","Uc.9","","","E"
"OR2","Orchidaceae","Uc.10","","","E"
"OR3","Orchidaceae","Uc.11","","","E"
"OR4","Orchidaceae","Uc.12","","","E"
"OR5","Orchidaceae","Uc.2","","","E"
"OR6","Orchidaceae","Uc.3","","","E"
"OR7","Orchidaceae","Uc.4","","","E"
"OR8","Orchidaceae","Uc.5","","","E"
"OR9","Orchidaceae","Uc.6","","","E"
"PA1","Pandanaceae","Pandanus","uc.1","","E"
"PI1","Piperaceae","Piper","uc.1","","L"
"PR1","Proteaceae","Helicia","fuscotomentosa","","T3"
"RH1","Rhizophoraceae","Carallia","brachiata","","T3"
"RH2","Rhizophoraceae","Gynotroches","axillaris","","T4"
"RU13","Rubiaceae","Mussaendopsis","beccariana","","T4"
"RU3","Rubiaceae","Uncaria","longifolia","","L"
"RU5","Rubiaceae","Uncaria","uc.1","","L"
"RU7","Rubiaceae","Uncaria","sp.1","","L"
"SD2","Sapindaceae","Pometia","pinnata","","T4"
"SD3","Sapindaceae","Xerospermum","laevigatum","laevigatum","T3"
"SM1","Simaroubaceae","Quassia","borneensis","","T4"
"SP3","Sapotaceae","Palaquium","sp.","","T4"
"SP5","Sapotaceae","Ganua","beccariana","","T3"
"SP7","Sapotaceae","Madhuca","kuchingensis","","T3"
"ST1","Sterculiaceae","Heritiera","sumatrana","","T5"
"ST10","Sterculiaceae","Sterculia","sp.1","","T4"
"ST2","Sterculiaceae","Heritiera","borneensis","","T5"
"ST6","Sterculiaceae","Scaphium","borneensis","","T4"
"ST8","Sterculiaceae","Scaphium","longipetiolatum","","T5"
"TH1","Theaceae","Eurya","acuminata","","T2"
"TL1","Tiliaceae","Pentace","adenophora","","T3"
"TL2","Tiliaceae","Schoutenia","glomerata","","T3"
"TY1","Thymelaeaceae","Gonystylus","forbesii","","T3"
"TY3","Thymelaeaceae","Amyxa","pluricornis","","T3"
"TY4","Thymelaeaceae","Linostoma","pauciflorum","","L"
"UL1","Ulmaceae","Giloniera","nervosa","","T4"
"UL2","Ulmaceae","Gironniera","hirta","","T3"
"VR1","Verbenaceae","Callicarpa","pentandra","","G"
"VR2","Verbenaceae","Teijsmanniodendron","simplicifolium","","T3"
"VR4","Verbenaceae","Sphenodesme","triflora","","L"
"VR6","Verbenaceae","Teijsmanniodendron","holophyllum","","T3"
"XA1","Xanthophyllaceae","Xanthophyllum","sp.1","","T3"
"XA2","Xanthophyllaceae","Xanthophyllum","sp.","",NA
"XA3","Xanthophyllaceae","Xanthophyllum","brevipes","",NA
"ZI1","Zingiberaceae","Uc.1","","","E"
