"binomial_name","family","genus","species_origin.x","logging_status.x","history_at_IF_site.x","history_at_CP_site.x","flower_colour","fruit_size_mm","fruit_size_min_mm","seed_length_mm","mean_dry_seed_mass_mg","mean_wood_density_g_cm_3","flowering_at_size_class"
"Acranthera frutescens","Rubiaceae","Acranthera","50ha","unlogged",NA,NA,"",NA,NA,7.3621533880597,59.1893790915751,NA,NA
"Acranthera velutinervia","Rubiaceae","Acranthera","50ha","unlogged",NA,NA,"",NA,NA,7.3621533880597,59.1893790915751,NA,NA
"Actinodaphne borneensis","Lauraceae","Actinodaphne","50ha","unlogged",NA,NA,"",NA,NA,13.1101518518519,1244.48787274336,0.5,NA
"Actinodaphne glomerata","Lauraceae","Actinodaphne","50ha","unlogged",NA,NA,"",NA,NA,13.1101518518519,1244.48787274336,0.41,NA
"Actinodaphne macrophylla","Lauraceae","Actinodaphne","50ha","unlogged",NA,NA,"",NA,NA,13.1101518518519,1244.48787274336,NA,NA
"Actinodaphne pruinosa","Lauraceae","Actinodaphne","50ha","unlogged",NA,NA,"",NA,NA,13.1101518518519,1244.48787274336,NA,NA
"Actinodaphne species 1","Lauraceae","Actinodaphne","50ha","unlogged",NA,NA,"",NA,NA,13.1101518518519,1244.48787274336,NA,NA
"Actinodaphne unknown mixed","Lauraceae","Actinodaphne","CP, 50ha","both",NA,"no seedling data, AR, NR","",NA,NA,NA,NA,NA,NA
"Adenanthera kostermansii","Fabaceae","Adenanthera","CP, 50ha","both",NA,"AR, NR","yellow_white",NA,NA,25.9101628865979,137.12,NA,NA
"Adenanthera malayana","Fabaceae","Adenanthera","CP, 50ha","both",NA,"AR","yellow_white",NA,NA,25.9101628865979,137.12,NA,NA
"Adinandra unknown mixed","Theaceae","Adinandra","CP","logged",NA,"NR","",NA,NA,NA,NA,NA,NA
"Aglaia angustifolia","Meliaceae","Aglaia","CP, 50ha","both",NA,"AR","",NA,NA,9.17797857142857,924.6375,NA,NA
"Aglaia argentea","Meliaceae","Aglaia","CP, 50ha","both",NA,"AR, NR","",NA,NA,9.17797857142857,924.6375,0.63,NA
"Aglaia crassinervia","Meliaceae","Aglaia","50ha","unlogged",NA,NA,"",NA,NA,9.17797857142857,924.6375,NA,NA
"Aglaia edulis","Meliaceae","Aglaia","50ha","unlogged",NA,NA,"",NA,NA,9.17797857142857,924.6375,0.71,NA
"Aglaia elliptica","Meliaceae","Aglaia","50ha","unlogged",NA,NA,"",NA,NA,9.17797857142857,924.6375,0.66,NA
"Aglaia grandis","Meliaceae","Aglaia","50ha","unlogged",NA,NA,"",NA,NA,9.17797857142857,924.6375,0.68,NA
"Aglaia luzoniensis","Meliaceae","Aglaia","50ha","unlogged",NA,NA,"",NA,NA,9.17797857142857,924.6375,0.67,NA
"Aglaia macrocarpa","Meliaceae","Aglaia","50ha","unlogged",NA,NA,"",NA,NA,9.17797857142857,924.6375,0.56,NA
"Aglaia odoratissima","Meliaceae","Aglaia","CP, 50ha","both",NA,"AR, NR","",NA,NA,9.17797857142857,924.6375,0.71,NA
"Aglaia oligophylla","Meliaceae","Aglaia","50ha","unlogged",NA,NA,"",NA,NA,9.17797857142857,924.6375,NA,NA
"Aglaia silvestris","Meliaceae","Aglaia","CP, 50ha","both",NA,"AR, NR","",NA,NA,9.17797857142857,924.6375,0.67,NA
"Aglaia spectabilis","Meliaceae","Aglaia","CP, 50ha","both",NA,"AR, NR","",NA,NA,9.17797857142857,924.6375,0.58,NA
"Aglaia tomentosa","Meliaceae","Aglaia","CP, 50ha","both",NA,"AR, NR","",NA,NA,9.17797857142857,298,0.7,NA
"Aglaia unknown mixed","Meliaceae","Aglaia","CP, 50ha","both",NA,"AR, NR, no seedling data","",NA,NA,NA,NA,NA,NA
"Alangium javanicum","Cornaceae","Alangium","CP, 50ha","both",NA,"AR, NR","",NA,NA,7.8,75,0.75,NA
"Allophylus cobbe","Sapindaceae","Allophylus","50ha","unlogged",NA,NA,"",NA,NA,8.360909,40.96,0.45,NA
"Alseodaphne bancana","Lauraceae","Alseodaphne","50ha","unlogged",NA,NA,"",NA,NA,13.1101518518519,1244.48787274336,0.59,NA
"Alseodaphne unknown mixed","Lauraceae","Alseodaphne","CP, 50ha","both",NA,"AR","",NA,NA,NA,NA,NA,NA
"Alstonia angustifolia","Apocynaceae","Alstonia","CP, 50ha","both",NA,"NR, AR","",NA,NA,10.4306363636364,6.28333333333333,0.61,NA
"Alstonia iwahigensis","Apocynaceae","Alstonia","50ha","unlogged",NA,NA,"",NA,NA,10.4306363636364,6.28333333333333,NA,NA
"Anaxagorea javanica","Annonaceae","Anaxagorea","50ha","unlogged",NA,NA,"",NA,NA,16.6527142857143,61.56,NA,NA
"Angelesia splendens","Chrysobalanaceae","Angelesia","50ha","unlogged",NA,NA,"",NA,NA,NA,NA,NA,NA
"Anisophyllea beccariana","Anisophylleaceae","Anisophyllea","50ha","unlogged",NA,NA,"",NA,NA,18.891,NA,0.67,NA
"Anisophyllea corneri","Anisophylleaceae","Anisophyllea","CP, 50ha","both",NA,"NR, AR","",NA,NA,18.891,NA,NA,NA
"Anisoptera costata","Dipterocarpaceae","Anisoptera","CP, 50ha","both",NA,"AR","",NA,NA,NA,685,0.6,NA
"Anthoshorea agamae","Dipterocarpaceae","Anthoshorea","CP, 50ha","both",NA,"NR, AR","",NA,NA,NA,NA,NA,NA
"Anthoshorea symingtonii","Dipterocarpaceae","Anthoshorea","50ha","unlogged",NA,NA,"",NA,NA,NA,NA,NA,NA
"Antiaris toxicaria","Moraceae","Antiaris","50ha","unlogged",NA,NA,"green",NA,NA,7.3,1019.3,0.4,NA
"Antidesma leucopodum","Phyllanthaceae","Antidesma","50ha","unlogged",NA,NA,"",NA,NA,3.949,18.0333333333333,NA,NA
"Antidesma neurocarpum","Phyllanthaceae","Antidesma","50ha","unlogged",NA,NA,"",NA,NA,3.949,18.0333333333333,NA,NA
"Antidesma roxburghii","Phyllanthaceae","Antidesma","50ha","unlogged",NA,NA,"",NA,NA,3.949,18.0333333333333,NA,NA
"Antidesma unknown mixed","Phyllanthaceae","Antidesma","CP, 50ha","both",NA,"AR","",NA,NA,NA,NA,NA,NA
"Aphanamixis borneensis","Meliaceae","Aphanamixis","50ha","unlogged",NA,NA,"",NA,NA,9.17797857142857,704.921018041667,NA,NA
"Aphanamixis unknown mixed","Meliaceae","Aphanamixis","50ha","unlogged",NA,NA,"",NA,NA,NA,NA,NA,NA
"Aporosa elmeri","Phyllanthaceae","Aporosa","CP","logged",NA,"AR, NR","",NA,NA,8.4,39.4013353648649,NA,NA
"Aporosa falcifera","Phyllanthaceae","Aporosa","CP","logged",NA,"AR, NR","",NA,NA,8.4,39.4013353648649,NA,NA
"Aporosa frutescens","Phyllanthaceae","Aporosa","CP","logged",NA,"AR, NR","",NA,NA,7.4,53,NA,NA
"Aporosa grandistipula","Phyllanthaceae","Aporosa","CP","logged",NA,"AR, NR","",NA,NA,8.4,39.4013353648649,NA,NA
"Aporosa illustris","Phyllanthaceae","Aporosa","CP","logged",NA,"NR, AR","",NA,NA,8.4,39.4013353648649,NA,NA
"Aporusa unknown mixed","Phyllanthaceae","Aporusa","CP","logged",NA,"NR, AR","",NA,NA,NA,NA,NA,NA
"Aquilaria beccariana","Thymelaeaceae","Aquilaria","50ha","unlogged",NA,NA,"",NA,NA,NA,112.981647058824,NA,NA
"Archidendron microcarpum","Fabaceae","Archidendron","50ha","unlogged",NA,NA,"white_yellow_green",30,20,7.9,170,NA,"III"
"Archidendron unknown mixed","Fabaceae","Archidendron","50ha","unlogged",NA,NA,"",NA,NA,NA,NA,NA,NA
"Ardisia  colorata","Primulaceae","Ardisia ",NA,NA,NA,NA,"",NA,NA,NA,NA,NA,NA
"Ardisia  macrophylla","Primulaceae","Ardisia ",NA,NA,NA,NA,"",NA,NA,NA,NA,NA,NA
"Ardisia  unknown mixed","Primulaceae","Ardisia ","CP","logged",NA,"AR","",NA,NA,NA,NA,NA,NA
"Artocarpus anisophyllus","Moraceae","Artocarpus","CP, 50ha","both",NA,"NR","",NA,NA,19.85,2682.45407407407,0.6,NA
"Artocarpus elasticus","Moraceae","Artocarpus","CP","logged",NA,"NR","",NA,NA,11.8,150,0.38,"III"
"Artocarpus heterophyllus","Moraceae","Artocarpus","CP","logged",NA,"AR","green",NA,NA,19.85,9338.93,0.5,NA
"Artocarpus unknown mixed","Moraceae","Artocarpus","CP","logged",NA,"AR","",NA,NA,NA,NA,NA,NA
"Atuna excelsa","Chrysobalanaceae","Atuna","CP","logged",NA,"NR","",NA,NA,22.1142857142857,2536.14322477778,NA,"III"
"Azadirachta excelsa","Meliaceae","Azadirachta","CP, 50ha","both",NA,"AR","",NA,NA,9.17797857142857,1920,0.52,NA
"Baccaurea edulis","Phyllanthaceae","Baccaurea","50ha","unlogged",NA,NA,"",NA,NA,11.5,39.4013353648649,NA,NA
"Baccaurea lanceolata","Phyllanthaceae","Baccaurea","CP, 50ha","both",NA,"AR, NR","",NA,NA,11.5,39.4013353648649,NA,NA
"Baccaurea macrocarpa","Phyllanthaceae","Baccaurea","CP, 50ha","both",NA,"no seedling data","",NA,NA,11.5,39.4013353648649,0.54,NA
"Baccaurea parviflora","Phyllanthaceae","Baccaurea","50ha","unlogged",NA,NA,"",NA,NA,11.5,38,0.72,NA
"Baccaurea species 1","Phyllanthaceae","Baccaurea","50ha","unlogged",NA,NA,"",NA,NA,11.5,39.4013353648649,NA,NA
"Baccaurea tetrandra","Phyllanthaceae","Baccaurea","CP, 50ha","both",NA,"AR, NR","",NA,NA,11.5,100,NA,NA
"Baccaurea unknown mixed","Phyllanthaceae","Baccaurea","CP, 50ha","both",NA,"AR, NR","",NA,NA,NA,NA,NA,NA
"Barringtonia lanceolata","Lecythidaceae ","Barringtonia","CP, 50ha","both",NA,"AR, NR","",NA,NA,25.446,1163,NA,NA
"Barringtonia macrostachya","Lecythidaceae ","Barringtonia","CP, 50ha","both",NA,"AR, NR","",NA,NA,25.446,1163,0.6,NA
"Barringtonia unknown mixed","Lecythidaceae","Barringtonia","50ha","unlogged",NA,NA,"",NA,NA,NA,NA,NA,NA
"Beilschmiedia ","Lauraceae","Beilschmiedia","CP, 50ha","both",NA,"NR","",NA,NA,NA,NA,NA,NA
"Beilschmiedia Unknown species 1","Lauraceae","Beilschmiedia","50ha","unlogged",NA,NA,"",NA,NA,33.3,4248.53,NA,NA
"Beilschmiedia assamica","Lauraceae","Beilschmiedia","50ha","unlogged",NA,NA,"",NA,NA,33.3,4248.53,0.54,NA
"Beilschmiedia micrantha","Lauraceae","Beilschmiedia","CP, 50ha","both",NA,"AR, NR","",NA,NA,33.3,4248.53,0.38,NA
"Beilschmiedia tawaensis","Lauraceae","Beilschmiedia","CP, 50ha","both",NA,"AR, NR","",NA,NA,33.3,4248.53,NA,NA
"Beilschmiedia unknown mixed","Lauraceae","Beilschmiedia","CP","logged",NA,"AR, NR","",NA,NA,NA,NA,NA,NA
"Bhesa paniculata","Centroplacaceae","Bhesa","50ha","unlogged",NA,NA,"",NA,NA,16.6,77,0.66,NA
"Blumeodendron kurzii","Euphorbiaceae","Blumeodendron","CP, 50ha","both",NA,"AR, NR","",NA,NA,3.32316437931034,119.998798464659,0.54,"IV"
"Blumeodendron tokbrai","Euphorbiaceae","Blumeodendron","CP, 50ha","both",NA,"AR, NR","",NA,NA,3.32316437931034,119.998798464659,0.58,NA
"Bridelia ","Phyllanthaceae","Bridelia","50ha","unlogged",NA,NA,"",NA,NA,NA,NA,NA,NA
"Bridelia cinnamomea","Phyllanthaceae","Bridelia","50ha","unlogged",NA,NA,"",NA,NA,7.452778,39.4013353648649,NA,NA
"Bridelia insulana","Phyllanthaceae","Bridelia","CP, 50ha","both",NA,"no seedling data, AR","",NA,NA,7.452778,39.4013353648649,0.54,NA
"Brownlowia peltata","Malvaceae","Brownlowia","CP, 50ha","both",NA,"NR, AR","",NA,NA,16.6049538461538,881.714199688546,0.47,NA
"Brownlowia stipulata","Malvaceae","Brownlowia","CP, 50ha","both",NA,"NR","",NA,NA,16.6049538461538,881.714199688546,NA,NA
"Buchanania arborescens","Anacardiaceae","Buchanania","50ha","unlogged",NA,NA,"",NA,NA,17.5381934615385,238.03,0.46,NA
"Buchanania sessilifolia","Anacardiaceae","Buchanania","CP, 50ha","both",NA,"NR","",NA,NA,17.5381934615385,256.4,0.42,NA
"Buchanania unknown mixed","Anacardiaceae","Buchanania","50ha","unlogged",NA,NA,"",NA,NA,NA,NA,NA,NA
"Callicarpa longifolia","Lamiaceae","Callicarpa","50ha","unlogged",NA,NA,"pale pink_lilac",NA,NA,7.21,0.39,NA,NA
"Callicarpa pentandra","Lamiaceae","Callicarpa","CP, 50ha","both",NA,"AR, NR","purple",5,2,7.21,25.4065073459038,0.34,NA
"Callicarpa unknown mixed","Lamiaceae","Callicarpa","CP","logged",NA,"AR","",NA,NA,NA,NA,NA,NA
"Calophyllaceae venulosum","Calophyllaceae","Calophyllaceae","50ha","unlogged",NA,NA,"",NA,NA,NA,NA,NA,NA
"Calophyllum blancoi","Calophyllaceae","Calophyllum","CP, 50ha","both",NA,"NR, AR","",NA,NA,24.597,3760.18529197872,0.58,NA
"Calophyllum gracilipes","Calophyllaceae","Calophyllum","CP, 50ha","both",NA,"AR","",NA,NA,24.597,3760.18529197872,NA,NA
"Calophyllum pulcherrimum","Calophyllaceae","Calophyllum","50ha","unlogged",NA,NA,"",NA,NA,12.7,3760.18529197872,0.62,NA
"Calophyllum soulattri","Calophyllaceae","Calophyllum","CP, 50ha","both",NA,"NR","",NA,NA,24.597,3760.18529197872,0.43,NA
"Calophyllum species 1","Clusiaceae","Calophyllum","50ha","unlogged",NA,NA,"",NA,NA,24.597,3760.18529197872,NA,NA
"Calophyllum species 2","Clusiaceae","Calophyllum","50ha","unlogged",NA,NA,"",NA,NA,24.597,3760.18529197872,NA,NA
"Cananga odorata","Annonaceae","Cananga","50ha","unlogged",NA,NA,"green, yellow, verde",NA,NA,16.6527142857143,61.6,0.33,NA
"Canarium decumanum","Burseraceae","Canarium","CP","logged",NA,"AR, NR","",NA,NA,28.98154,5413.04,0.34,NA
"Canarium denticulatum","Burseraceae","Canarium","CP, IF","logged","ActiveRestoration","AR, NR","",NA,NA,28.98154,10100,0.5,"II"
"Canarium odontophyllum","Burseraceae","Canarium","CP","logged",NA,"AR, NR, no seedling data","",NA,NA,28.98154,5413.04,0.5,NA
"Canarium unknown mixed","Burseraceae","Canarium","CP","logged",NA,"AR, NR","",NA,NA,NA,NA,NA,NA
"Carallia borneensis","Rhizophoraceae","Carallia","50ha","unlogged",NA,NA,"",NA,NA,3.475,17460.309515,0.61,NA
"Carallia species 1","Rhizophoraceae","Carallia","50ha","unlogged",NA,NA,"",NA,NA,3.475,17460.309515,NA,NA
"Caryodaphnopsis tonkinensis","Lauraceae","Caryodaphnopsis","CP, 50ha","both",NA,"NR, no seedling data, AR","",NA,NA,13.1101518518519,1244.48787274336,NA,NA
"Casearia grewiifolia","Salicaceae","Casearia","CP, 50ha","both",NA,"AR","",NA,NA,2.31871428571429,11.2636,0.49,NA
"Castanopsis hypophoenicea","Fagaceae","Castanopsis","CP, 50ha","both",NA,"AR, NR","",NA,NA,20.3,1350.3275,NA,NA
"Castanopsis motleyana","Fagaceae","Castanopsis","CP","logged",NA,"NR","",NA,NA,20.3,1350.3275,NA,NA
"Castanopsis unknown mixed","Fagaceae","Castanopsis","50ha","unlogged",NA,NA,"",NA,NA,NA,NA,NA,NA
"Chionanthus curvicarpus","Oleaceae","Chionanthus","50ha","unlogged",NA,NA,"yellow_yellow-green_greenish white",25,17,23,550,NA,NA
"Chionanthus macrocarpus","Oleaceae","Chionanthus","50ha","unlogged",NA,NA,"white",45,25,23,550,NA,NA
"Chionanthus pluriflorus","Oleaceae","Chionanthus","CP, 50ha","both",NA,"AR, NR","yellow_yellow-green",26,19,23,550,NA,NA
"Chionanthus unknown mixed","Oleaceae","Chionanthus","CP, 50ha","both",NA,"NR","",NA,NA,NA,NA,NA,NA
"Chisocheton ceramicus","Meliaceae","Chisocheton","50ha","unlogged",NA,NA,"",NA,NA,9.17797857142857,704.921018041667,0.43,NA
"Chisocheton macranthus","Meliaceae","Chisocheton","CP, 50ha","both",NA,"AR, NR","",NA,NA,9.17797857142857,704.921018041667,NA,NA
"Chisocheton patens","Meliaceae","Chisocheton","CP, 50ha","both",NA,"NR","",NA,NA,9.17797857142857,704.921018041667,0.48,NA
"Chisocheton pentandrus","Meliaceae","Chisocheton","CP, 50ha","both",NA,"AR","",NA,NA,9.17797857142857,704.921018041667,0.5,NA
"Chisocheton polyandrus","Meliaceae","Chisocheton","50ha","unlogged",NA,NA,"",NA,NA,9.17797857142857,704.921018041667,NA,NA
"Chisocheton sarawakanus","Meliaceae","Chisocheton","CP, 50ha","both",NA,"AR, NR","",NA,NA,9.17797857142857,704.921018041667,0.6,NA
"Chisocheton unknown mixed","Meliaceae","Chisocheton","CP, 50ha","both",NA,"AR, NR","",NA,NA,NA,NA,NA,NA
"Cinnamomum iners","Lauraceae","Cinnamomum","CP, 50ha","both",NA,"AR","",NA,NA,10.3,262,0.5,NA
"Cinnamomum racemosum","Lauraceae","Cinnamomum","50ha","unlogged",NA,NA,"",NA,NA,10.3,1520.18968181818,NA,NA
"Cinnamomum unknown mixed","Lauraceae","Cinnamomum","CP, 50ha","both",NA,"NR","",NA,NA,NA,NA,NA,NA
"Clausena excavata","Rutaceae","Clausena","CP, 50ha","both",NA,"NR","",NA,NA,4.323085,124.165051964912,NA,NA
"Clausena unknown","Rutaceae","Clausena","50ha","unlogged",NA,NA,"",NA,NA,4.323085,124.165051964912,NA,NA
"Cleistanthus hirsutulus","Phyllanthaceae","Cleistanthus","CP, 50ha","both",NA,"AR, NR","",NA,NA,6.46203955555556,39.4013353648649,NA,NA
"Cleistanthus oblongifolius","Phyllanthaceae","Cleistanthus","CP","logged",NA,"NR, AR","",NA,NA,6.46203955555556,39.4013353648649,NA,NA
"Cleistanthus podopyxis","Phyllanthaceae","Cleistanthus","CP, 50ha","both",NA,"no seedling data, AR","",9,6,6.46203955555556,39.4013353648649,NA,NA
"Cleistanthus species 2","Phyllanthaceae","Cleistanthus","50ha","unlogged",NA,NA,"",NA,NA,6.46203955555556,39.4013353648649,NA,NA
"Cleistanthus unknown mixed","Phyllanthaceae","Cleistanthus","CP, 50ha","both",NA,"AR, NR","",NA,NA,NA,NA,NA,NA
"Coelostegia borneensis","Malvaceae","Coelostegia","CP, 50ha","both",NA,"AR","",NA,NA,16.6049538461538,881.714199688546,0.58,NA
"Cowiea borneensis","Rubiaceae","Cowiea","50ha","unlogged",NA,NA,"",NA,NA,7.3621533880597,59.1893790915751,NA,NA
"Crateva magna","Capparaceae","Crateva","50ha","unlogged",NA,NA,"",NA,NA,0.1209,26.39,NA,NA
"Cratoxylum cochinchinense","Hypericaceae","Cratoxylum","50ha","unlogged",NA,NA,"",NA,NA,2.3666665,0.67,0.69,NA
"Cratoxylum unknown mixed","Hypericaceae","Cratoxylum","CP","logged",NA,"AR, NR","",NA,NA,NA,NA,NA,NA
"Croton argyratus","Euphorbiaceae","Croton","CP","logged",NA,"NR","",NA,NA,1.4215,40.5848428571429,0.66,NA
"Croton oblongus","Euphorbiaceae","Croton","50ha","unlogged",NA,NA,"",NA,NA,1.4215,40.5848428571429,NA,NA
"Croton unknown mixed","Euphorbiaceae","Croton","50ha","unlogged",NA,NA,"",NA,NA,NA,NA,NA,NA
"Crudia bantamensis","Fabacea","Crudia","50ha","unlogged",NA,NA,"yellow_green_white",NA,NA,25.9101628865979,273.929465733062,NA,NA
"Crudia tenuipes","Fabaceae","Crudia","CP, 50ha","both",NA,"AR","green_white_yellow",NA,NA,25.9101628865979,273.929465733062,0.86,NA
"Crudia unknown mixed","Fabaceae","Crudia","CP","logged",NA,"AR, NR","",NA,NA,NA,NA,NA,NA
"Crypteronia rubiflora","Crypteroniaceae","Crypteronia","50ha","unlogged",NA,NA,"",NA,NA,NA,NA,NA,NA
"Cryptocarya ferrea","Lauraceae","Cryptocarya","CP, 50ha","both",NA,"AR, NR","pale green_pale yellow",35,7,16.6615716666667,5366.65,0.64,NA
"Cryptocarya pulchrinervia","Lauraceae","Cryptocarya","CP, 50ha","both",NA,"no seedling data, NR","",40,25,16.6615716666667,5366.65,NA,NA
"Cryptocarya strictifolia","Lauraceae","Cryptocarya","CP","logged",NA,"AR","",25,15,16.6615716666667,5366.65,NA,NA
"Cryptocarya teysmanniana","Lauraceae","Cryptocarya","50ha","unlogged",NA,NA,"yellow-white",22,15,16.6615716666667,5366.65,NA,NA
"Cryptocarya unknown mixed","Lauraceae","Cryptocarya","CP","logged",NA,"AR","",NA,NA,NA,NA,NA,NA
"Cyathocalyx magnifructus","Annonaceae","Cyathocalyx","CP, 50ha","both",NA,"AR","",NA,NA,16.6527142857143,1341.40229068627,NA,NA
"Cynometra elmeri","Fabaceae","Cynometra","50ha","unlogged",NA,NA,"",NA,NA,25.9101628865979,5902.49966425,NA,NA
"Cynometra mirabilis","Fabaceae","Cynometra","CP, 50ha","both",NA,"NR","",NA,NA,25.9101628865979,5902.49966425,NA,NA
"Dacryodes laxa","Burseraceae","Dacryodes","50ha","unlogged",NA,NA,"",NA,NA,21.3,2816.2775,0.68,NA
"Dacryodes rostrata","Burseraceae","Dacryodes","CP, 50ha","both",NA,"AR","",NA,NA,21.3,2816.2775,0.54,NA
"Dacryodes rugosa","Burseraceae","Dacryodes","CP, 50ha","both",NA,"AR, NR","",NA,NA,21.3,2816.2775,0.74,NA
"Dacryodes species 1","Burseraceae","Dacryodes","50ha","unlogged",NA,NA,"",NA,NA,21.3,2816.2775,NA,NA
"Dacryodes unknown mixed","Burseraceae","Dacryodes","CP","logged",NA,"AR, NR","",NA,NA,NA,NA,NA,NA
"Dalrympelea sphaerocarpa","Staphyleaceae","Dalrympelea","50ha","unlogged",NA,NA,"",NA,NA,NA,53.308125,NA,NA
"Decaspermum parviflorum","Myrtaceae","Decaspermum","50ha","unlogged",NA,NA,"white_pink",5,3,11.4340448596491,5.99,NA,NA
"Dehaasia caesia","Lauraceae","Dehaasia","CP, 50ha","both",NA,"AR, NR","",NA,NA,13.1101518518519,1244.48787274336,0.66,NA
"Dehaasia gigantocarpa","Lauraceae","Dehaasia","50ha","unlogged",NA,NA,"",60,30,13.1101518518519,1244.48787274336,NA,NA
"Dehaasia incrassata","Lauraceae","Dehaasia","CP, 50ha","both",NA,"AR, NR","",45,25,13.1101518518519,1244.48787274336,0.46,NA
"Dehaasia unknown mixed","Lauraceae","Dehaasia","CP, 50ha","both",NA,"AR, NR","",NA,NA,NA,NA,NA,NA
"Dendrocnide elliptica","Urticaceae","Dendrocnide","CP, 50ha","both",NA,"AR, NR","",NA,NA,2.95503,0.648,NA,NA
"Dendrocnide stimulans","Urticaceae","Dendrocnide","50ha","unlogged",NA,NA,"",NA,NA,2.95503,0.648,NA,NA
"Dendrocnide unknown mixed","Urticaceae","Dendrocnide","CP, 50ha","both",NA,"NR","",NA,NA,NA,NA,NA,NA
"Dialium indum","Fabaceae","Dialium","50ha","unlogged",NA,NA,"white",NA,NA,7.5,250,0.82,NA
"Dialium unknown mixed","Fabaceae","Dialium","50ha","unlogged",NA,NA,"",NA,NA,NA,NA,NA,NA
"Didymocheton gaudichaudianus","Meliaceae","Didymocheton","50ha","unlogged",NA,NA,"",NA,NA,9.17797857142857,704.921018041667,NA,NA
"Dillenia borneensis","Dilleniaceae","Dillenia","50ha","unlogged",NA,NA,"",NA,NA,NA,18.2625,0.61,NA
"Dillenia excelsa","Dilleniaceae","Dillenia","CP, 50ha","both",NA,"NR, AR","",NA,NA,NA,18.2625,0.63,NA
"Dillenia species 1","Dilleniaceae","Dillenia","CP, 50ha","both",NA,"NR","",NA,NA,NA,18.2625,NA,NA
"Dimocarpus dentatus","Sapindaceae","Dimocarpus","CP, 50ha","both",NA,"NR, AR","",NA,NA,25.0609611923077,600,NA,NA
"Dimocarpus fumatus","Sapindaceae","Dimocarpus","50ha","unlogged",NA,NA,"",NA,NA,25.0609611923077,600,NA,NA
"Dimocarpus longan","Sapindaceae","Dimocarpus","CP, 50ha, IF","both","ActiveRestoration, NaturalRegeneration","AR, NR","",NA,NA,25.0609611923077,969,0.71,NA
"Diospyros andamanica","Ebenaceae","Diospyros","CP, 50ha","both",NA,"NR, AR","",NA,NA,4.55625,611.180001967213,0.6,NA
"Diospyros borneensis","Ebenaceae","Diospyros","50ha","unlogged",NA,NA,"",NA,NA,4.55625,611.180001967213,0.55,NA
"Diospyros cauliflora","Ebenaceae","Diospyros","CP, 50ha","both",NA,"NR, no seedling data, AR","",NA,NA,4.55625,611.180001967213,0.54,NA
"Diospyros curranii","Ebenaceae","Diospyros","CP, 50ha","both",NA,"AR, NR","",NA,NA,4.55625,611.180001967213,0.62,NA
"Diospyros daemona","Ebenaceae","Diospyros","50ha","unlogged",NA,NA,"",NA,NA,4.55625,611.180001967213,NA,NA
"Diospyros dictyoneura","Ebenaceae","Diospyros","CP, 50ha","both",NA,"NR","",NA,NA,4.55625,611.180001967213,NA,NA
"Diospyros diepenhorstii","Ebenaceae","Diospyros","50ha","unlogged",NA,NA,"",NA,NA,4.55625,611.180001967213,0.57,NA
"Diospyros elliptifolia","Ebenaceae","Diospyros","CP, 50ha","both",NA,"AR, NR","",NA,NA,4.55625,611.180001967213,NA,NA
"Diospyros euphlehia","Ebenaceae","Diospyros","CP, 50ha","both",NA,"AR","",NA,NA,4.55625,611.180001967213,NA,NA
"Diospyros frutescens","Ebenaceae","Diospyros","CP, 50ha","both",NA,"NR","",NA,NA,4.55625,611.180001967213,NA,NA
"Diospyros muricata","Ebenaceae","Diospyros","CP, 50ha","both",NA,"AR","",NA,NA,4.55625,611.180001967213,NA,NA
"Diospyros oblonga","Ebenaceae","Diospyros","CP, 50ha","both",NA,"AR, NR","",NA,NA,4.55625,611.180001967213,0.75,NA
"Diospyros peregrina","Ebenaceae","Diospyros","CP, 50ha","both",NA,"AR, NR","",NA,NA,4.55625,611.180001967213,0.72,NA
"Diospyros pyrrhocarpa","Ebenaceae","Diospyros","50ha","unlogged",NA,NA,"",NA,NA,4.55625,611.180001967213,0.64,NA
"Diospyros species 1","Ebenaceae","Diospyros","50ha","unlogged",NA,NA,"",NA,NA,4.55625,611.180001967213,NA,NA
"Diospyros species 2","Ebenaceae","Diospyros","50ha","unlogged",NA,NA,"",NA,NA,4.55625,611.180001967213,NA,NA
"Diospyros species 3","Ebenaceae","Diospyros","50ha","unlogged",NA,NA,"",NA,NA,4.55625,611.180001967213,NA,NA
"Diospyros species 4","Ebenaceae","Diospyros","50ha","unlogged",NA,NA,"",NA,NA,4.55625,611.180001967213,NA,NA
"Diospyros species 6","Ebenaceae","Diospyros","50ha","unlogged",NA,NA,"",NA,NA,4.55625,611.180001967213,NA,NA
"Diospyros species 7","Ebenaceae","Diospyros","50ha","unlogged",NA,NA,"",NA,NA,4.55625,611.180001967213,NA,NA
"Diospyros squamifolia ","Ebenaceae","Diospyros","50ha","unlogged",NA,NA,"",NA,NA,NA,NA,NA,NA
"Diospyros toposia","Ebenaceae","Diospyros","CP, 50ha","both",NA,"NR, AR","",NA,NA,4.55625,611.180001967213,0.7,NA
"Diospyros tuberculata","Ebenaceae","Diospyros","CP, 50ha","both",NA,"NR, AR","",NA,NA,4.55625,611.180001967213,0.45,NA
"Diospyros unknown mixed","Ebenaceae","Diospyros","CP","logged",NA,"AR, NR","",NA,NA,NA,NA,NA,NA
"Diospyros wallichii","Ebenaceae","Diospyros","50ha","unlogged",NA,NA,"",NA,NA,4.55625,611.180001967213,0.6,NA
"Diplospora unknown mixed","Rubiaceae","Diplospora","50ha","unlogged",NA,NA,"",NA,NA,NA,NA,NA,NA
"Dipterocarpus applanatus","Dipterocarpaceae","Dipterocarpus","CP","logged",NA,"AR, NR","",NA,NA,NA,6666.7,0.56,NA
"Dipterocarpus caudifer","Dipterocarpaceae","Dipterocarpus","CP, IF","logged","ActiveRestoration, NaturalRegeneration","AR, NR","",NA,NA,NA,6666.7,NA,NA
"Dipterocarpus unknown mixed","Dipterocarpaceae","Dipterocarpus","CP","logged",NA,"AR, NR","",NA,NA,NA,NA,NA,NA
"Discospermum malaccense","Rubiaceae","Discospermum","CP, 50ha","both",NA,"AR, NR","",NA,NA,7.3621533880597,59.1893790915751,NA,NA
"Dracontomelon costatum","Anacardiaceae","Dracontomelon","50ha","unlogged",NA,NA,"",NA,NA,17.5381934615385,1133.94134912719,0.47,NA
"Dracontomelon dao","Anacardiaceae","Dracontomelon","CP, 50ha","both",NA,"NR","",NA,NA,17.5381934615385,1133.94134912719,0.52,NA
"Dracontomelon unknown mixed","Anacardiaceae","Dracontomelon","50ha","unlogged",NA,NA,"",NA,NA,NA,NA,NA,NA
"Drepananthus havilandii","Annonaceae","Drepananthus","CP","logged",NA,"NR","",NA,NA,16.6527142857143,1341.40229068627,NA,NA
"Dryobalanops lanceolata","Dipterocarpaceae","Dryobalanops","CP, 50ha, IF","both","ActiveRestoration","AR, NR, no seedling data","",NA,NA,NA,8300,0.58,"III"
"Drypetes castilloi","Putranjivaceae","Drypetes","CP, 50ha","both",NA,"NR","",NA,NA,10.1,559,NA,NA
"Drypetes eriocarpa","Putranjivaceae","Drypetes","CP, 50ha","both",NA,"AR","",NA,NA,10.1,559,NA,NA
"Drypetes longifolia","Putranjivaceae","Drypetes","CP, 50ha","both",NA,"AR, NR, no seedling data","",NA,NA,10.1,559,0.66,NA
"Drypetes subcrenata","Putranjivaceae","Drypetes","50ha","unlogged",NA,NA,"",NA,NA,10.1,559,NA,NA
"Drypetes unknown mixed","Putranjivaceae","Drypetes","CP, 50ha","both",NA,"AR, NR","",NA,NA,NA,NA,NA,NA
"Duabanga moluccana","Lythraceae","Duabanga","CP, 50ha","both",NA,"AR, NR","",NA,NA,NA,3,0.33,NA
"Durio graveolens","Malvaceae","Durio","CP, 50ha","both",NA,"NR","",NA,NA,39.2,18094.3333333333,0.56,NA
"Durio unknown mixed","Malvaceae","Durio","CP, 50ha","both",NA,"AR","",NA,NA,NA,NA,NA,NA
"Dysoxylum cyrtobotryum","Meliaceae","Dysoxylum","CP, 50ha","both",NA,"NR, AR","",NA,NA,1.2,6300,NA,NA
"Dysoxylum grande","Meliaceae","Dysoxylum","50ha","unlogged",NA,NA,"",NA,NA,1.2,1385,0.65,NA
"Dysoxylum oppositifolium","Meliaceae","Dysoxylum","50ha","unlogged",NA,NA,"",NA,NA,1.2,1385,0.76,NA
"Dysoxylum unknown mixed","Meliaceae","Dysoxylum","CP, 50ha","both",NA,"NR, AR","",NA,NA,NA,NA,NA,NA
"Elaeocarpus brunnescens","Elaeocarpaceae","Elaeocarpus","50ha","unlogged",NA,NA,"",22,16,13.2,2088.19083556757,NA,NA
"Elaeocarpus stipularis","Elaeocarpaceae","Elaeocarpus","CP, 50ha","both",NA,"NR, AR","",25,18,13.2,3240,0.44,NA
"Elaeocarpus unknown mixed","Elaeocarpaceae","Elaeocarpus","CP, 50ha","both",NA,"AR","",NA,NA,NA,NA,NA,NA
"Endospermum diadenum","Euphorbiaceae","Endospermum","CP, 50ha","both",NA,"AR, NR","",NA,NA,0.5,9.9,0.36,NA
"Engelhardia danumensis","Juglandaceae","Engelhardia","50ha","unlogged",NA,NA,"",NA,NA,NA,7367.1478863,NA,NA
"Epicharis cumingiana","Meliaceae","Epicharis","50ha","unlogged",NA,NA,"",NA,NA,9.17797857142857,704.921018041667,NA,NA
"Epicharis parasitica","Meliaceae","Epicharis","50ha","unlogged",NA,NA,"",NA,NA,9.17797857142857,704.921018041667,NA,NA
"Erycibe borneensis","Convolvulaceae","Erycibe","CP, 50ha","both",NA,"NR","",NA,NA,7.7338,34.9657962592593,NA,NA
"Erythroxylum cuneatum","Erythroxylaceae","Erythroxylum","50ha","unlogged",NA,NA,"",NA,NA,2.9327,15.5853333333333,0.7,NA
"Eurycoma longifolia","Simaroubaceae","Eurycoma","50ha","unlogged",NA,NA,"",NA,NA,NA,2225.01172319355,0.5,NA
"Eusideroxylon zwageri","Lauraceae","Eusideroxylon","CP, 50ha","both",NA,"NR","",NA,NA,13.1101518518519,28571,0.79,NA
"Fagraea unknown mixed","Gentianaceae","Fagraea","50ha","unlogged",NA,NA,"",NA,NA,NA,NA,NA,NA
"Ficus beccarii","Moraceae","Ficus","50ha","unlogged",NA,NA,"",20,10,1.09166666666667,33.4234181640625,NA,NA
"Ficus lepicarpa","Moraceae","Ficus","50ha","unlogged",NA,NA,"",25,10,1.09166666666667,33.4234181640625,NA,NA
"Ficus mixed","Moraceae","Ficus","50ha","unlogged",NA,NA,"",NA,NA,1.09166666666667,33.4234181640625,NA,NA
"Ficus obscura","Moraceae","Ficus","50ha","unlogged",NA,NA,"",22,6,1.09166666666667,33.4234181640625,NA,NA
"Ficus sinuata","Moraceae","Ficus","50ha","unlogged",NA,NA,"",8,3,1.09166666666667,33.4234181640625,NA,NA
"Ficus species 1","Moraceae","Ficus","50ha","unlogged",NA,NA,"",NA,NA,1.09166666666667,33.4234181640625,NA,NA
"Ficus species 2","Moraceae","Ficus","50ha","unlogged",NA,NA,"",NA,NA,1.09166666666667,33.4234181640625,NA,NA
"Ficus species 3","Moraceae","Ficus","50ha","unlogged",NA,NA,"",NA,NA,1.09166666666667,33.4234181640625,NA,NA
"Ficus species 4","Moraceae","Ficus","50ha","unlogged",NA,NA,"",NA,NA,1.09166666666667,33.4234181640625,NA,NA
"Ficus species 5","Moraceae","Ficus","50ha","unlogged",NA,NA,"",NA,NA,1.09166666666667,33.4234181640625,NA,NA
"Ficus species 6","Moraceae","Ficus","50ha","unlogged",NA,NA,"",NA,NA,1.09166666666667,33.4234181640625,NA,NA
"Ficus species 7","Moraceae","Ficus","50ha","unlogged",NA,NA,"",NA,NA,1.09166666666667,33.4234181640625,NA,NA
"Ficus species 8","Moraceae","Ficus","50ha","unlogged",NA,NA,"",NA,NA,1.09166666666667,33.4234181640625,NA,NA
"Ficus stolonifera","Moraceae","Ficus","50ha","unlogged",NA,NA,"",12,8,1.09166666666667,33.4234181640625,NA,NA
"Ficus unknown mixed","Moraceae","Ficus","CP","logged",NA,"AR, NR","",NA,NA,NA,NA,NA,NA
"Ficus variegata","Moraceae","Ficus","CP, 50ha","both",NA,"NR","",NA,NA,1.09166666666667,0.34,0.34,NA
"Flacourtia rukam","Salicaceae","Flacourtia","50ha","unlogged",NA,NA,"",NA,NA,3.69122307692308,66.9,0.75,NA
"Fordia brachybotrys","Fabaceae","Fordia","CP, 50ha","both",NA,"AR, NR","",NA,NA,25.9101628865979,273.929465733062,NA,NA
"Fordia species 1","Fabaceae","Fordia","50ha","unlogged",NA,NA,"",NA,NA,25.9101628865979,273.929465733062,NA,NA
"Fordia species 3","Fabaceae","Fordia","50ha","unlogged",NA,NA,"",NA,NA,25.9101628865979,273.929465733062,NA,NA
"Fordia splendidissima","Fabaceae","Fordia","50ha","unlogged",NA,NA,"",NA,NA,25.9101628865979,500,0.64,NA
"Fordia splendidissima","Fabaceae","Fordia","50ha","unlogged",NA,"AR, NR","",NA,NA,25.9101628865979,500,0.64,NA
"Fordia splendidissima","Fabaceae","Fordia","CP, 50ha","both",NA,NA,"",NA,NA,25.9101628865979,500,0.64,NA
"Fordia splendidissima","Fabaceae","Fordia","CP, 50ha","both",NA,"AR, NR","",NA,NA,25.9101628865979,500,0.64,NA
"Fordia unknown mixed","Fabaceae","Fordia","CP","logged",NA,"NR","",NA,NA,NA,NA,NA,NA
"Galearia fulva","Pandaceae","Galearia","CP, 50ha","both",NA,"AR","",NA,NA,25.542701980198,231.792239479883,NA,NA
"Garcinia forbesii","Clusiaceae","Garcinia","CP, 50ha","both",NA,"AR, NR","",NA,NA,25.9555,2781.22546314583,NA,NA
"Garcinia gaudichaudii","Clusiaceae","Garcinia","50ha","unlogged",NA,NA,"",NA,NA,25.9555,2781.22546314583,0.72,NA
"Garcinia nervosa","Clusiaceae","Garcinia","CP, 50ha","both",NA,"AR","",NA,NA,25.9555,2781.22546314583,0.78,NA
"Garcinia parvifolia","Clusiaceae","Garcinia","50ha","unlogged",NA,NA,"",NA,NA,12.5,2781.22546314583,0.47,NA
"Garcinia unknown mixed","Clusiaceae","Garcinia","CP","logged",NA,"AR","",NA,NA,NA,NA,NA,NA
"Gardenia carinata","Rubiaceae","Gardenia","50ha","unlogged",NA,NA,"",NA,NA,7.3621533880597,9.69,NA,NA
"Gironniera nervosa","Cannabaceae","Gironniera","CP, 50ha","both",NA,"AR, NR","",NA,NA,0.7,47.9403180779221,0.45,NA
"Gironniera species 1","Cannabaceae","Gironniera","50ha","unlogged",NA,NA,"",NA,NA,0.7,47.9403180779221,NA,NA
"Glochidion elmeri","Phyllanthaceae","Glochidion","CP, 50ha","both",NA,"AR, NR","",20,10,6.46203955555556,7.74545061538462,NA,NA
"Glochidion pubicapsa","Phyllanthaceae","Glochidion","CP, 50ha","both",NA,"AR","",NA,NA,6.46203955555556,7.74545061538462,NA,NA
"Glochidion species 1","Phyllanthaceae","Glochidion","50ha","unlogged",NA,NA,"",NA,NA,6.46203955555556,7.74545061538462,NA,NA
"Glochidion species 2","Phyllanthaceae","Glochidion","50ha","unlogged",NA,NA,"",NA,NA,6.46203955555556,7.74545061538462,NA,NA
"Glochidion species 3","Phyllanthaceae","Glochidion","50ha","unlogged",NA,NA,"",NA,NA,6.46203955555556,7.74545061538462,NA,NA
"Glochidion species 4","Phyllanthaceae","Glochidion","50ha","unlogged",NA,NA,"",NA,NA,6.46203955555556,7.74545061538462,NA,NA
"Glochidion species 5","Phyllanthaceae","Glochidion","50ha","unlogged",NA,NA,"",NA,NA,6.46203955555556,7.74545061538462,NA,NA
"Glochidion unknown mixed","Phyllanthaceae","Glochidion","CP, 50ha","both",NA,"AR, NR","",NA,NA,NA,NA,NA,NA
"Glycosmis chlorosperma","Rutaceae","Glycosmis","50ha","unlogged",NA,NA,"",NA,NA,4.323085,92.7,NA,NA
"Glycosmis macrantha","Rutaceae","Glycosmis","CP, 50ha","both",NA,"AR","",NA,NA,4.323085,92.7,NA,NA
"Glycosmis unknown mixed","Rutaceae","Glycosmis","50ha","unlogged",NA,NA,"",NA,NA,NA,NA,NA,NA
"Gomphandra quadrifida","Stemonuraceae","Gomphandra","50ha","unlogged",NA,NA,"",NA,NA,NA,NA,NA,NA
"Goniocheton arborescens","Meliaceae","Goniocheton","50ha","unlogged",NA,NA,"",NA,NA,NA,NA,NA,NA
"Goniothalamus gigantifolius","Annonaceae","Goniothalamus","50ha","unlogged",NA,NA,"",NA,NA,16.6527142857143,1341.40229068627,NA,NA
"Goniothalamus species 1","Annonaceae","Goniothalamus","50ha","unlogged",NA,NA,"",NA,NA,16.6527142857143,1341.40229068627,NA,NA
"Goniothalamus species 2","Annonaceae","Goniothalamus","50ha","unlogged",NA,NA,"",NA,NA,16.6527142857143,1341.40229068627,NA,NA
"Goniothalamus species 3","Annonaceae","Goniothalamus","50ha","unlogged",NA,NA,"",NA,NA,16.6527142857143,1341.40229068627,NA,NA
"Goniothalamus uvarioides","Annonaceae","Goniothalamus","CP, 50ha","both",NA,"NR","",NA,NA,16.6527142857143,1341.40229068627,NA,NA
"Goniothalamus woodii","Annonaceae","Goniothalamus","50ha","unlogged",NA,NA,"",NA,NA,16.6527142857143,1341.40229068627,NA,NA
"Gonocaryum calleryanum","Cardiopteridaceae","Gonocaryum","50ha","unlogged",NA,NA,"",NA,NA,13.51,NA,0.67,NA
"Gonocaryum macrophyllum","Cardiopteridaceae","Gonocaryum","50ha","unlogged",NA,NA,"",NA,NA,13.51,NA,NA,NA
"Gonystylus keithii","Thymelaeaceae","Gonystylus","50ha","unlogged",NA,NA,"",NA,NA,NA,112.981647058824,0.52,NA
"Guioa pleuropteris","Sapindaceae","Guioa","CP, 50ha","both",NA,"NR, AR","red_white",25,10,25.0609611923077,3110.25326076077,NA,NA
"Hancea penangensis","Euphorbiaceae","Hancea","50ha","unlogged",NA,NA,"",NA,NA,3.32316437931034,119.998798464659,NA,NA
"Hancea penangensis","Euphorbiaceae","Hancea","50ha","unlogged",NA,"AR, NR","",NA,NA,3.32316437931034,119.998798464659,NA,NA
"Hancea penangensis","Euphorbiaceae","Hancea","CP","logged",NA,NA,"",NA,NA,3.32316437931034,119.998798464659,NA,NA
"Hancea penangensis","Euphorbiaceae","Hancea","CP","logged",NA,"AR, NR","",NA,NA,3.32316437931034,119.998798464659,NA,NA
"Hancea stipularis","Euphorbiaceae","Hancea","CP","logged",NA,"AR, NR","",NA,NA,3.32316437931034,119.998798464659,NA,NA
"Harpullia arborea","Sapindaceae","Harpullia","50ha","unlogged",NA,NA,"",NA,NA,25.0609611923077,3110.25326076077,0.54,NA
"Harpullia species 1","Sapindaceae","Harpullia","50ha","unlogged",NA,NA,"",NA,NA,25.0609611923077,3110.25326076077,NA,NA
"Helicia excelsa","Proteaceae","Helicia","CP, 50ha","both",NA,"AR, NR","",NA,NA,17.10491,177.918582039164,0.56,NA
"Helicia robusta","Proteaceae","Helicia","CP, 50ha","both",NA,"AR","",NA,NA,17.10491,177.918582039164,NA,NA
"Heliciopsis artocarpoides","Proteaceae","Heliciopsis","50ha","unlogged",NA,NA,"",NA,NA,17.10491,177.918582039164,0.55,NA
"Heritiera elata","Malvaceae","Heritiera","50ha","unlogged",NA,NA,"",NA,NA,16.6049538461538,4347.36961307692,0.7,NA
"Homalium foetidum","Salicaceae","Homalium","50ha","unlogged",NA,NA,"",NA,NA,11.621,4.485,0.73,NA
"Hopea ferruginea","Dipterocarpaceae","Hopea","CP, 50ha","both",NA,"AR","",NA,NA,NA,554.55,0.6,NA
"Hopea nervosa","Dipterocarpaceae","Hopea","CP, 50ha","both",NA,"AR, NR","",NA,NA,NA,560,0.61,NA
"Hopea pentanervia","Dipterocarpaceae","Hopea","50ha","unlogged",NA,NA,"",NA,NA,NA,554.55,0.93,NA
"Hopea plagata","Dipterocarpaceae","Hopea","50ha","unlogged",NA,NA,"",NA,NA,NA,554.55,0.71,NA
"Hopea sangal","Dipterocarpaceae","Hopea","CP, 50ha","both",NA,"AR, NR","",NA,NA,NA,554.55,NA,NA
"Hopea unknown mixed","Dipterocarpaceae","Hopea","CP, 50ha","both",NA,"NR, AR","",NA,NA,NA,NA,NA,NA
"Horsfieldia irya","Myristicaceae","Horsfieldia","50ha","unlogged",NA,NA,"",NA,NA,19.2894347826087,3369.91158974359,0.41,NA
"Horsfieldia polyspherula","Myristicaceae","Horsfieldia","CP, 50ha","both",NA,"NR","",NA,NA,19.2894347826087,3369.91158974359,NA,NA
"Horsfieldia unknown mixed","Myristicaceae","Horsfieldia","50ha","unlogged",NA,NA,"",NA,NA,NA,NA,NA,NA
"Huberantha rumphii","Annonaceae","Huberantha","CP","logged",NA,"AR, NR","",NA,NA,16.6527142857143,147,NA,NA
"Hydnocarpus anomalus","Achariaceae","Hydnocarpus","CP","logged",NA,"AR, NR","",NA,NA,NA,933.083333333333,NA,NA
"Hydnocarpus borneensis","Achariaceae","Hydnocarpus","CP, 50ha","both",NA,"AR, NR","",NA,NA,NA,933.083333333333,NA,NA
"Hydnocarpus polypetalus","Achariaceae","Hydnocarpus","50ha","unlogged",NA,NA,"",NA,NA,NA,933.083333333333,0.55,NA
"Hydnocarpus unknown mixed","Achariaceae","Hydnocarpus","CP, 50ha","both",NA,"NR","",NA,NA,NA,NA,NA,NA
"Intsia palembanica","Fabaceae","Intsia","CP, 50ha","both",NA,"NR, AR","",NA,NA,25.9101628865979,7000,0.66,NA
"Intsia unknown mixed","Fabaceae","Intsia","50ha","unlogged",NA,NA,"",NA,NA,NA,NA,NA,NA
"Irvingia malayana","Irvingiaceae","Irvingia","50ha","unlogged",NA,NA,"",NA,NA,3.93333333333333,6.20221836842105,0.88,NA
"Ixora blumei","Rubiaceae","Ixora","CP, 50ha","both",NA,"NR, AR","",NA,NA,7.3621533880597,60.0116976666667,0.72,NA
"Ixora brevicaudata","Rubiaceae","Ixora","50ha","unlogged",NA,NA,"",NA,NA,7.3621533880597,60.0116976666667,NA,NA
"Ixora grandifolia","Rubiaceae","Ixora","CP, 50ha","both",NA,"AR","",NA,NA,7.3621533880597,60.0116976666667,0.69,NA
"Ixora unknown mixed","Rubiaceae","Ixora","50ha","unlogged",NA,NA,"",NA,NA,NA,NA,NA,NA
"Kayea borneensis","Calophyllaceae","Kayea","50ha","unlogged",NA,NA,"",NA,NA,23.3453058333333,4146.43173062264,NA,NA
"Kayea macrantha","Calophyllaceae","Kayea","50ha","unlogged",NA,NA,"",NA,NA,23.3453058333333,4146.43173062264,NA,NA
"Kayea oblongifolia","Calophyllaceae","Kayea","50ha","unlogged",NA,NA,"",NA,NA,23.3453058333333,4146.43173062264,NA,NA
"Kayea unknown mixed","Calophyllaceae","Kayea","CP","logged",NA,"NR","",NA,NA,NA,NA,NA,NA
"Kibara obtusa","Monimiaceae","Kibara","CP, 50ha","both",NA,"AR","",NA,NA,13.5575,900,NA,NA
"Knema cinerea","Myristicaceae","Knema","50ha","unlogged",NA,NA,"",NA,NA,19.2894347826087,3369.91158974359,NA,NA
"Knema elmeri","Myristicaceae","Knema","CP, 50ha","both",NA,"AR, NR","",NA,NA,19.2894347826087,3369.91158974359,NA,NA
"Knema furfuracea","Myristicaceae","Knema","50ha","unlogged",NA,NA,"",NA,NA,19.2894347826087,3369.91158974359,0.55,NA
"Knema glomerata","Myristicaceae","Knema","50ha","unlogged",NA,NA,"",NA,NA,19.2894347826087,3369.91158974359,0.52,NA
"Knema kostermansiana","Myristicaceae","Knema","50ha","unlogged",NA,NA,"",NA,NA,19.2894347826087,3369.91158974359,NA,NA
"Knema latericia","Myristicaceae","Knema","CP, 50ha","both",NA,"AR, NR","",NA,NA,19.2894347826087,1670,NA,NA
"Knema laurina","Myristicaceae","Knema","CP, 50ha","both",NA,"AR, NR","",NA,NA,19.2894347826087,1100,0.47,NA
"Knema oblongata","Myristicaceae","Knema","50ha","unlogged",NA,NA,"",NA,NA,19.2894347826087,3369.91158974359,0.57,NA
"Knema pectinata","Myristicaceae","Knema","CP","logged",NA,"NR","",NA,NA,19.2894347826087,3369.91158974359,NA,NA
"Knema pulchra","Myristicaceae","Knema","50ha","unlogged",NA,NA,"",NA,NA,19.2894347826087,3369.91158974359,NA,NA
"Knema unknown mixed","Myristicaceae","Knema","CP, 50ha","both",NA,"AR","",NA,NA,NA,NA,NA,NA
"Koilodepas laevigatum","Euphorbiaceae","Koilodepas","50ha","unlogged",NA,NA,"",NA,NA,3.32316437931034,119.998798464659,NA,"III"
"Koilodepas longifolium","Euphorbiaceae","Koilodepas","CP, 50ha","both",NA,"AR, NR","",NA,NA,3.32316437931034,119.998798464659,NA,NA
"Kokoona ochracea","Celastraceae","Kokoona","50ha","unlogged",NA,NA,"",NA,NA,49.8554090909091,5608.50790305738,NA,NA
"Koompassia excelsa","Fabaceae","Koompassia","CP, 50ha","both",NA,"AR, NR","",NA,NA,25.9101628865979,273.929465733062,0.69,NA
"Kopsia pauciflora","Apocynaceae","Kopsia","50ha","unlogged",NA,NA,"",NA,NA,10.4306363636364,195.992451671593,NA,NA
"Lansium domesticum","Meliaceae","Lansium","CP, 50ha","both",NA,"NR, no seedling data, AR","",40,15,9.17797857142857,5100,0.77,NA
"Lasianthus borneensis","Rubiaceae","Lasianthus","50ha","unlogged",NA,NA,"",NA,NA,7.3621533880597,59.1893790915751,NA,NA
"Lasianthus reticulatus","Rubiaceae","Lasianthus","50ha","unlogged",NA,NA,"",NA,NA,7.3621533880597,59.1893790915751,NA,NA
"Lasianthus species 1","Rubiaceae","Lasianthus","50ha","unlogged",NA,NA,"",NA,NA,6.64295955555556,58.9784425105634,NA,NA
"Lasianthus species 2","Rubiaceae","Lasianthus","50ha","unlogged",NA,NA,"",NA,NA,6.64295955555556,58.9784425105634,NA,NA
"Lasianthus species 3","Rubiaceae","Lasianthus","50ha","unlogged",NA,NA,"",NA,NA,6.64295955555556,58.9784425105634,NA,NA
"Lasianthus unknown mixed","Rubiaceae","Lasianthus","50ha","unlogged",NA,NA,"",NA,NA,NA,NA,NA,NA
"Leea aculeata","Vitaceae","Leea","CP, 50ha","both",NA,"NR, AR","",NA,NA,NA,37.518875,NA,NA
"Leea indica","Vitaceae","Leea","50ha","unlogged",NA,NA,"",NA,NA,NA,36.35,0.48,NA
"Lepisanthes fruticosa","Sapindaceae","Lepisanthes","50ha","unlogged",NA,NA,"",NA,NA,14.6,3110.25326076077,NA,NA
"Lepisanthes senegalensis","Sapindaceae","Lepisanthes","CP, 50ha","both",NA,"AR, NR","green, purple, red",NA,NA,14.6,633.44,0.63,NA
"Lepisanthes tetraphylla","Sapindaceae","Lepisanthes","50ha","unlogged",NA,NA,"",NA,NA,14.6,3110.25326076077,0.81,NA
"Lepisanthes unknown mixed","Sapindaceae","Lepisanthes","CP, 50ha","both",NA,"NR","",NA,NA,NA,NA,NA,NA
"Lithocarpus ewyckii","Fagaceae","Lithocarpus","CP, 50ha","both",NA,"AR, NR","",NA,NA,21.5,1100,NA,NA
"Lithocarpus gracilis","Fagaceae","Lithocarpus","CP, 50ha","both",NA,"AR, NR","",NA,NA,21.5,2140.61972972973,0.49,NA
"Lithocarpus leptogyne","Fagaceae","Lithocarpus","CP, 50ha","both",NA,"AR, NR","",NA,NA,21.5,2140.61972972973,NA,"III"
"Lithocarpus nieuwenhuisii","Fagaceae","Lithocarpus","CP, 50ha","both",NA,"AR, NR","",NA,NA,21.5,2140.61972972973,NA,NA
"Lithocarpus species 1","Fagaceae","Lithocarpus","50ha","unlogged",NA,NA,"",NA,NA,21.5,2140.61972972973,NA,NA
"Lithocarpus species 2","Fagaceae","Lithocarpus","50ha","unlogged",NA,NA,"",NA,NA,21.5,2140.61972972973,NA,NA
"Lithocarpus species 3","Fagaceae","Lithocarpus","50ha","unlogged",NA,NA,"",NA,NA,21.5,2140.61972972973,NA,NA
"Lithocarpus species 4","Fagaceae","Lithocarpus","50ha","unlogged",NA,NA,"",NA,NA,21.5,2140.61972972973,NA,NA
"Lithocarpus species 5","Fagaceae","Lithocarpus","50ha","unlogged",NA,NA,"",NA,NA,21.5,2140.61972972973,NA,NA
"Lithocarpus species 6","Fagaceae","Lithocarpus","50ha","unlogged",NA,NA,"",NA,NA,21.5,2140.61972972973,NA,NA
"Lithocarpus species 7","Fagaceae","Lithocarpus","50ha","unlogged",NA,NA,"",NA,NA,21.5,2140.61972972973,NA,NA
"Lithocarpus species 8","Fagaceae","Lithocarpus","50ha","unlogged",NA,NA,"",NA,NA,21.5,2140.61972972973,NA,NA
"Lithocarpus species 9","Fagaceae","Lithocarpus","50ha","unlogged",NA,NA,"",NA,NA,21.5,2140.61972972973,NA,NA
"Lithocarpus unknown mixed","Fagaceae","Lithocarpus","CP","logged",NA,"AR, NR, no seedling data","",NA,NA,NA,NA,NA,NA
"Litsea accedens","Lauraceae","Litsea","CP, 50ha","both",NA,"AR, NR","",NA,NA,13.1101518518519,290,0.42,NA
"Litsea angulata","Lauraceae","Litsea","CP, 50ha","both",NA,"AR, NR","",NA,NA,13.1101518518519,1244.48787274336,0.36,NA
"Litsea caulocarpa","Lauraceae","Litsea","CP, 50ha","both",NA,"AR, NR","",NA,NA,13.1101518518519,1244.48787274336,NA,NA
"Litsea cordata","Lauraceae","Litsea","CP, 50ha","both",NA,"NR","",NA,NA,13.1101518518519,1244.48787274336,0.36,NA
"Litsea cuprea","Lauraceae","Litsea","50ha","unlogged",NA,NA,"",NA,NA,13.1101518518519,1244.48787274336,NA,NA
"Litsea curtisii","Lauraceae","Litsea","50ha","unlogged",NA,NA,"",NA,NA,13.1101518518519,1244.48787274336,0.32,NA
"Litsea elliptica","Lauraceae","Litsea","50ha","unlogged",NA,NA,"",NA,NA,13.1101518518519,1244.48787274336,0.45,NA
"Litsea ferruginea","Lauraceae","Litsea","50ha","unlogged",NA,NA,"",NA,NA,13.1101518518519,1244.48787274336,0.45,NA
"Litsea ficoidea","Lauraceae","Litsea","50ha","unlogged",NA,NA,"",NA,NA,13.1101518518519,1244.48787274336,NA,NA
"Litsea fulva","Lauraceae","Litsea","CP, 50ha","both",NA,"AR","",NA,NA,13.1101518518519,1244.48787274336,0.51,NA
"Litsea garciae","Lauraceae","Litsea","CP, 50ha","both",NA,"NR, AR","",NA,NA,13.1101518518519,1244.48787274336,0.36,NA
"Litsea grandis","Lauraceae","Litsea","CP, 50ha","both",NA,"NR, AR","",NA,NA,13.1101518518519,950,0.43,NA
"Litsea ligustrina","Lauraceae","Litsea","50ha","unlogged",NA,NA,"",NA,NA,13.1101518518519,1244.48787274336,NA,NA
"Litsea machilifolia","Lauraceae","Litsea","50ha","unlogged",NA,NA,"",NA,NA,13.1101518518519,1244.48787274336,0.33,NA
"Litsea oppositifolia","Lauraceae","Litsea","CP, 50ha","both",NA,"AR, no seedling data","",NA,NA,13.1101518518519,1244.48787274336,0.51,NA
"Litsea robusta","Lauraceae","Litsea","50ha","unlogged",NA,NA,"",NA,NA,13.1101518518519,1244.48787274336,0.37,NA
"Litsea unknown mixed","Lauraceae","Litsea","CP, 50ha","both",NA,"AR, NR","",NA,NA,NA,NA,NA,NA
"Lophopetalum beccarianum","Celastraceae","Lophopetalum","CP, 50ha","both",NA,"NR","",NA,NA,49.8554090909091,5608.50790305738,0.51,NA
"Lophopetalum javanicum","Celastraceae","Lophopetalum","CP, 50ha","both",NA,"AR, NR","",NA,NA,49.8554090909091,5608.50790305738,NA,NA
"Lophopetalum unknown mixed","Celastraceae","Lophopetalum","50ha","unlogged",NA,NA,"",NA,NA,NA,NA,NA,NA
"Ludekia borneensis","Rubiaceae","Ludekia","CP, 50ha","both",NA,"AR, NR","",NA,NA,7.3621533880597,59.1893790915751,NA,NA
"Ludekia unknown mixed","Rubiaceae","Ludekia","CP","logged",NA,"NR","",NA,NA,NA,NA,NA,NA
"Maasia sumatrana","Annonaceae","Maasia","CP","logged",NA,"AR, NR","",NA,NA,16.6527142857143,820,NA,NA
"Macaranga conifera","Euphorbiaceae","Macaranga","CP","logged",NA,"AR","",NA,NA,0.18,25.7087549583333,0.33,NA
"Macaranga gigantea","Euphorbiaceae","Macaranga","CP","logged",NA,"AR, NR","",NA,NA,3.16916675,13,0.3,NA
"Macaranga hypoleuca","Euphorbiaceae","Macaranga","CP, 50ha","both",NA,"AR, NR","",NA,NA,3.16916675,28.8,0.27,NA
"Macaranga pearsonii","Euphorbiaceae","Macaranga","CP, 50ha","both",NA,"AR, NR","",NA,NA,3.16916675,25.7087549583333,NA,NA
"Macaranga winkleri","Euphorbiaceae","Macaranga","50ha","unlogged",NA,NA,"",NA,NA,3.16916675,25.7087549583333,NA,NA
"Madhuca elmeri","Sapotaceae","Madhuca","CP, 50ha","both",NA,"NR","",NA,NA,15.1297037037037,2293.73333333333,NA,NA
"Madhuca kingiana","Sapotaceae","Madhuca","CP, 50ha","both",NA,"AR, NR","",NA,NA,15.1297037037037,2293.73333333333,0.61,NA
"Madhuca korthalsii","Sapotaceae","Madhuca","CP, 50ha","both",NA,"AR, NR","",NA,NA,15.1297037037037,2293.73333333333,0.54,NA
"Madhuca kunstleri","Sapotaceae","Madhuca","50ha","unlogged",NA,NA,"",NA,NA,15.1297037037037,2293.73333333333,NA,NA
"Madhuca mindanaensis","Sapotaceae","Madhuca","50ha","unlogged",NA,NA,"",NA,NA,15.1297037037037,2293.73333333333,NA,NA
"Madhuca unknown mixed","Sapotaceae","Madhuca","50ha","unlogged",NA,NA,"",NA,NA,NA,NA,NA,NA
"Magnolia acuminata","Magnoliaceae","Magnolia","CP, 50ha","both",NA,"AR, NR","Yellow",NA,NA,12,94.03,0.48,NA
"Magnolia beccarii","Magnoliaceae","Magnolia","50ha","unlogged",NA,NA,"",NA,NA,12,141.938721391304,NA,NA
"Magnolia gigantifolia","Magnoliaceae","Magnolia","CP, 50ha","both",NA,"NR, AR","",NA,NA,12,141.938721391304,0.56,NA
"Mallotus korthalsii","Euphorbiaceae","Mallotus","CP, 50ha","both",NA,"AR, NR","",NA,NA,3.32316437931034,119.998798464659,NA,NA
"Mallotus lackeyi","Euphorbiaceae","Mallotus","CP, 50ha","both",NA,"AR","",NA,NA,3.32316437931034,119.998798464659,NA,NA
"Mallotus miquelianus","Euphorbiaceae","Mallotus","50ha","unlogged",NA,NA,"",NA,NA,3.32316437931034,119.998798464659,NA,NA
"Mallotus species 1","Euphorbiaceae","Mallotus","CP, 50ha","both",NA,"AR, NR, no seedling data","",NA,NA,3.32316437931034,119.998798464659,NA,NA
"Mallotus unknown mixed","Euphorbiaceae","Mallotus","CP, 50ha","both",NA,"AR","",NA,NA,NA,NA,NA,NA
"Mallotus wrayi","Euphorbiaceae","Mallotus","CP, 50ha","both",NA,"AR, NR","",NA,NA,3.32316437931034,119.998798464659,NA,NA
"Mangifera caesia","Anacardiaceae","Mangifera","CP, 50ha","both",NA,"AR, NR","",NA,NA,17.5381934615385,17201.2857142857,0.41,NA
"Mangifera indica","Anacardiaceae","Mangifera","50ha","unlogged",NA,NA,"Yellow, red, yellow, amarillo",NA,NA,17.5381934615385,12442.26,0.54,NA
"Mangifera odorata","Anacardiaceae","Mangifera","50ha","unlogged",NA,NA,"",NA,NA,17.5381934615385,17201.2857142857,0.48,NA
"Mangifera pajang","Anacardiaceae","Mangifera","CP, 50ha","both",NA,"AR","",NA,NA,17.5381934615385,17201.2857142857,0.49,NA
"Mangifera rufocostata","Anacardiaceae","Mangifera","50ha","unlogged",NA,NA,"",NA,NA,17.5381934615385,17201.2857142857,NA,NA
"Mangifera species 1","Anacardiaceae","Mangifera","50ha","unlogged",NA,NA,"",NA,NA,17.5381934615385,17201.2857142857,NA,NA
"Mangifera swintonioides","Anacardiaceae","Mangifera","50ha","unlogged",NA,NA,"",NA,NA,17.5381934615385,17201.2857142857,NA,NA
"Mangifera unknown mixed","Anacardiaceae","Mangifera","CP, 50ha","both",NA,"AR, NR","",NA,NA,NA,NA,NA,NA
"Maranthes corymbosa","Chrysobalanaceae","Maranthes","50ha","unlogged",NA,NA,"",NA,NA,22.1142857142857,2536.14322477778,0.8,NA
"Marsypopetalum pallidum","Annonaceae","Marsypopetalum","50ha","unlogged",NA,NA,"",NA,NA,16.6527142857143,1341.40229068627,NA,NA
"Mastixia trichotoma","Nyssaceae","Mastixia","CP, 50ha","both",NA,"AR, NR","",NA,NA,NA,NA,0.39,NA
"Meiogyne virgata","Annonaceae","Meiogyne","CP, 50ha","both",NA,"NR, no seedling data, AR","",NA,NA,16.6527142857143,1341.40229068627,NA,NA
"Melanochyla auriculata","Anacardiaceae","Melanochyla","50ha","unlogged",NA,NA,"",NA,NA,17.5381934615385,1133.94134912719,0.58,NA
"Melanochyla beccariana","Anacardiaceae","Melanochyla","CP, 50ha","both",NA,"NR","",NA,NA,17.5381934615385,1133.94134912719,NA,NA
"Melanochyla unknown mixed","Anacardiaceae","Melanochyla","50ha","unlogged",NA,NA,"",NA,NA,NA,NA,NA,NA
"Melastoma malabathricum","Melastomataceae","Melastoma","50ha","unlogged",NA,NA,"pink_violet_purple",NA,NA,0.6,0.06,0.45,NA
"Melicope  lunu-ankenda","Rutaceae","Melicope ",NA,NA,NA,NA,"",NA,NA,NA,NA,NA,NA
"Melicope  unknown mixed","Rutaceae","Melicope ",NA,NA,NA,NA,"",NA,NA,NA,NA,NA,NA
"Meliosma pinnata","Sabiaceae","Meliosma","CP, 50ha","both",NA,"AR","",NA,NA,NA,NA,0.32,NA
"Meliosma sumatrana","Sabiaceae","Meliosma","CP, 50ha","both",NA,"NR","",NA,NA,NA,NA,0.4,NA
"Memecylon  species 1","Melastomataceae","Memecylon","50ha","unlogged",NA,NA,"",NA,NA,11.462962962963,116.824508333333,NA,NA
"Memecylon lilacinum","Melastomataceae","Memecylon","50ha","unlogged",NA,NA,"",NA,NA,11.462962962963,116.824508333333,0.87,NA
"Memecylon oleifolium","Melastomataceae","Memecylon","50ha","unlogged",NA,NA,"",NA,NA,11.462962962963,116.824508333333,NA,NA
"Memecylon paniculatum","Melastomataceae","Memecylon","CP, 50ha","both",NA,"NR","",NA,NA,11.462962962963,116.824508333333,0.72,NA
"Memecylon species 2","Melastomataceae","Memecylon","50ha","unlogged",NA,NA,"",NA,NA,11.462962962963,116.824508333333,NA,NA
"Memecylon species 3","Melastomataceae","Memecylon","50ha","unlogged",NA,NA,"",NA,NA,11.462962962963,116.824508333333,NA,NA
"Merope angulata","Rutaceae","Merope","50ha","unlogged",NA,NA,"",NA,NA,4.323085,124.165051964912,NA,NA
"Mesua unknown mixed","Clusiaceae","Mesua","50ha","unlogged",NA,NA,"",NA,NA,NA,NA,NA,NA
"Microcos antidesmifolia","Malvaceae","Microcos","50ha","unlogged",NA,NA,"",NA,NA,16.6049538461538,881.714199688546,0.47,NA
"Microcos crassifolia","Malvaceae","Microcos","CP, 50ha","both",NA,"AR, NR","",NA,NA,16.6049538461538,280,NA,NA
"Microcos fibrocarpa","Malvaceae","Microcos","CP, 50ha","both",NA,"AR, NR","",NA,NA,16.6049538461538,881.714199688546,NA,NA
"Microcos latistipulata","Malvaceae","Microcos","CP, 50ha","both",NA,"NR, AR","",NA,NA,16.6049538461538,881.714199688546,NA,NA
"Microcos ossea","Malvaceae","Microcos","CP, 50ha","both",NA,"AR, NR","",NA,NA,16.6049538461538,881.714199688546,NA,NA
"Microcos unknown mixed","Malvaceae","Microcos","CP, 50ha","both",NA,"AR","",NA,NA,NA,NA,NA,NA
"Mischocarpus pentapetalus","Sapindaceae","Mischocarpus","50ha","unlogged",NA,NA,"",NA,NA,25.0609611923077,3110.25326076077,NA,NA
"Monanthocitrus oblanceolata","Rutaceae","Monanthocitrus","50ha","unlogged",NA,NA,"",NA,NA,4.323085,124.165051964912,NA,NA
"Monocarpia borneensis","Annonaceae","Monocarpia","50ha","unlogged",NA,NA,"",NA,NA,16.6527142857143,1341.40229068627,NA,NA
"Monoon erianthoides","Annonaceae","Monoon","CP, 50ha","both",NA,"NR","",NA,NA,NA,NA,NA,NA
"Monoon grandiflorum","Annonaceae","Monoon","CP, 50ha","both",NA,"NR, AR","",NA,NA,NA,NA,NA,NA
"Monoon hookerianum","Annonaceae","Monoon","CP, 50ha","both",NA,"NR, AR","",NA,NA,NA,NA,NA,NA
"Monoon species 1","Annonaceae","Monoon","50ha","unlogged",NA,NA,"",NA,NA,NA,NA,NA,NA
"Monoon species 2","Annonaceae","Monoon","50ha","unlogged",NA,NA,"",NA,NA,NA,NA,NA,NA
"Monoon xanthopetalum","Annonaceae","Monoon","50ha","unlogged",NA,NA,"",NA,NA,NA,NA,NA,NA
"Myristica cinnamomea","Myristicaceae","Myristica","50ha","unlogged",NA,NA,"",NA,NA,19.2894347826087,7900,0.57,NA
"Myrmeconauclea strigosa","Rubiaceae","Myrmeconauclea","50ha","unlogged",NA,NA,"",NA,NA,7.3621533880597,59.1893790915751,NA,NA
"Nauclea sp1","Rubiaceae","Nauclea","CP","logged",NA,"AR, NR","",NA,NA,7.3621533880597,64.578,NA,NA
"Nauclea subdita","Rubiaceae","Nauclea","CP","logged",NA,"NR","",NA,NA,7.3621533880597,64.578,0.48,NA
"Nauclea unknown mixed","Rubiaceae","Nauclea","CP, 50ha","both",NA,"AR, no seedling data","",NA,NA,NA,NA,NA,NA
"Neesia synandra","Malvaceae","Neesia","CP, 50ha","both",NA,"AR, NR","",NA,NA,16.6049538461538,881.714199688546,NA,NA
"Neesia unknown mixed","Malvaceae","Neesia","CP","logged",NA,"AR, NR","",NA,NA,NA,NA,NA,NA
"Neo-Uvaria acuminatissima","Annonaceae","Neo-Uvaria","50ha","unlogged",NA,NA,"",NA,NA,NA,NA,NA,NA
"Neo-Uvaria acuminatissima","Annonaceae","Neo-Uvaria","50ha","unlogged",NA,"AR, NR","",NA,NA,NA,NA,NA,NA
"Neo-Uvaria acuminatissima","Annonaceae","Neo-Uvaria","CP","logged",NA,NA,"",NA,NA,NA,NA,NA,NA
"Neo-Uvaria acuminatissima","Annonaceae","Neo-Uvaria","CP","logged",NA,"AR, NR","",NA,NA,NA,NA,NA,NA
"Neo-Uvaria unknown mixed","Annonaceae","Neo-Uvaria","50ha","unlogged",NA,NA,"",NA,NA,NA,NA,NA,NA
"Neolamarckia cadamba","Rubiaceae","Neolamarckia","CP, 50ha","both",NA,"AR","",NA,NA,7.3621533880597,40,NA,NA
"Neonauclea  gigantea","Rubiaceae","Neonauclea ","CP","logged",NA,"NR","",NA,NA,7.3621533880597,59.1893790915751,NA,NA
"Neonauclea sp","Rubiaceae","Neonauclea","CP","logged",NA,"AR","",NA,NA,7.3621533880597,59.1893790915751,NA,NA
"Neonauclea sp1","Rubiaceae","Neonauclea","CP","logged",NA,"AR","",NA,NA,7.3621533880597,59.1893790915751,NA,NA
"Neoscortechinia kingii","Euphorbiaceae","Neoscortechinia","CP, 50ha","both",NA,"AR, NR","",NA,NA,3.32316437931034,119.998798464659,0.58,NA
"Nephelium cuspidatum","Sapindaceae","Nephelium","CP, 50ha","both",NA,"NR","",NA,NA,25.2,1774.225,0.77,NA
"Nephelium maingayi","Sapindaceae","Nephelium","CP, 50ha","both",NA,"AR, NR","",NA,NA,25.2,1774.225,NA,NA
"Nephelium ramboutan-ake","Sapindaceae","Nephelium","CP, 50ha","both",NA,"AR, NR","",NA,NA,25.2,1774.225,0.7,NA
"Nothaphoebe canescens","Lauraceae","Nothaphoebe","CP, 50ha","both",NA,"AR","",NA,NA,13.1101518518519,2100,NA,NA
"Nothaphoebe heterophylla","Lauraceae","Nothaphoebe","50ha","unlogged",NA,NA,"",NA,NA,13.1101518518519,2100,NA,NA
"Nothaphoebe umbelliflora","Lauraceae","Nothaphoebe","CP, 50ha","both",NA,"NR, AR","",NA,NA,13.1101518518519,2100,NA,NA
"Nothaphoebe unknown","Lauraceae","Nothaphoebe","50ha","unlogged",NA,NA,"",NA,NA,13.1101518518519,2100,NA,NA
"Nothaphoebe unknown mixed","Lauraceae","Nothaphoebe","CP","logged",NA,"AR","",NA,NA,NA,NA,NA,NA
"Nyssa javanica","Nyssaceae","Nyssa","50ha","unlogged",NA,NA,"",NA,NA,NA,64.52,0.48,NA
"Ochanostachys amentacea","Olacaceae","Ochanostachys","CP, 50ha","both",NA,"AR, NR","",NA,NA,1.7,3200,0.77,"III"
"Octomeles sumatrana","Tetramelaceae","Octomeles","CP, 50ha","both",NA,"NR, AR","",NA,NA,NA,0.15,NA,NA
"Oreocnide trinervis","Urticaceae","Oreocnide","50ha","unlogged",NA,NA,"",NA,NA,2.95503,237.305657053435,NA,NA
"Ormosia bancana","Fabaceae","Ormosia","CP, 50ha","both",NA,"NR","",NA,NA,10.8666666666667,1652.87871095238,0.56,NA
"Orophea corymbosa","Annonaceae","Orophea","CP, 50ha","both",NA,"NR, no seedling data","",NA,NA,16.6527142857143,1341.40229068627,NA,NA
"Orophea creaghii","Annonaceae","Orophea","50ha","unlogged",NA,NA,"",NA,NA,16.6527142857143,1341.40229068627,NA,NA
"Orophea myriantha","Annonaceae","Orophea","CP, 50ha","both",NA,"NR, no seedling data, AR","",NA,NA,16.6527142857143,1341.40229068627,NA,NA
"Palaquium beccarianum","Sapotaceae","Palaquium","CP, 50ha","both",NA,"NR, AR","",NA,NA,17.8,1642.70909090909,0.49,NA
"Palaquium dasyphyllum","Sapotaceae","Palaquium","CP, 50ha","both",NA,"NR","",NA,NA,17.8,1642.70909090909,0.5,NA
"Palaquium maingayi","Sapotaceae","Palaquium","CP, 50ha","both",NA,"AR","",NA,NA,17.8,1642.70909090909,0.6,NA
"Palaquium sericeum","Sapotaceae","Palaquium","50ha","unlogged",NA,NA,"",NA,NA,17.8,1642.70909090909,NA,NA
"Palaquium unknown mixed","Sapotaceae","Palaquium","50ha","unlogged",NA,NA,"",NA,NA,NA,NA,NA,NA
"Pangium edule","Achariaceae","Pangium","50ha","unlogged",NA,NA,"",NA,NA,NA,576.8788,0.5,NA
"Paranephelium macrophyllum","Sapindaceae","Paranephelium","CP, 50ha","both",NA,"NR, no seedling data","",NA,NA,25.0609611923077,3110.25326076077,NA,NA
"Paranephelium xestophyllum","Sapindaceae","Paranephelium","CP, 50ha","both",NA,"NR, AR","",NA,NA,25.0609611923077,3110.25326076077,0.81,NA
"Parashorea malaanonan","Dipterocarpaceae","Parashorea","CP, 50ha, IF","both","ActiveRestoration, NaturalRegeneration","AR, NR","",NA,NA,NA,1784.06,0.56,NA
"Parashorea tomentella","Dipterocarpaceae","Parashorea","CP, 50ha, IF","both","NaturalRegeneration","AR, NR, no seedling data","",NA,NA,NA,5710,NA,NA
"Parastemon urophyllus","Chrysobalanaceae","Parastemon","50ha","unlogged",NA,NA,"",NA,NA,22.1142857142857,2536.14322477778,0.87,NA
"Paratrophis glabra","Moraceae","Paratrophis","50ha","unlogged",NA,NA,"",NA,NA,8.35052992307692,416.30593131746,NA,NA
"Parinari excelsa","Chrysobalanaceae","Parinari","CP, 50ha","both",NA,"AR","white",NA,NA,21.1,6701.83,0.7,NA
"Parinari oblongifolia","Chrysobalanaceae","Parinari","CP, 50ha","both",NA,"AR","",NA,NA,21.1,5600,0.62,NA
"Parinari unknown mixed","Chrysobalanaceae","Parinari","CP, 50ha","both",NA,"NR","",NA,NA,NA,NA,NA,NA
"Parkia speciosa","Fabaceae","Parkia","50ha","unlogged",NA,NA,"",NA,NA,25.9101628865979,540,0.4,"II"
"Parkia unknown mixed","Fabaceae","Parkia","CP","logged",NA,"AR","",NA,NA,NA,NA,NA,NA
"Pavetta wallichiana","Rubiaceae","Pavetta","50ha","unlogged",NA,NA,"",NA,NA,7.3621533880597,219,NA,NA
"Payena Unknown species1","Sapotaceae","Payena","50ha","unlogged",NA,NA,"",NA,NA,15.1297037037037,6649.36413870779,NA,NA
"Payena acuminata","Sapotaceae","Payena","CP, 50ha","both",NA,"NR","",NA,NA,15.1297037037037,6649.36413870779,0.58,NA
"Payena microphylla","Sapotaceae","Payena","CP, 50ha","both",NA,"NR","",NA,NA,15.1297037037037,6649.36413870779,0.77,NA
"Payena unknown mixed","Sapotaceae","Payena","CP","logged",NA,"AR, NR","",NA,NA,NA,NA,NA,NA
"Peltophorum racemosum","Fabaceae","Peltophorum","CP, 50ha","both",NA,"AR, NR","",NA,NA,10.126,105.227142857143,NA,NA
"Pentace adenophora","Malvaceae","Pentace","CP, 50ha","both",NA,"AR, NR","",NA,NA,16.6049538461538,881.714199688546,NA,NA
"Pentace laxiflora","Malvaceae","Pentace","CP, 50ha, IF","both","NaturalRegeneration","AR, NR","",NA,NA,16.6049538461538,881.714199688546,NA,NA
"Pentace unknown mixed","Malvaceae","Pentace","CP","logged",NA,"AR","",NA,NA,NA,NA,NA,NA
"Phaeanthus ophthalmicus","Annonaceae","Phaeanthus","50ha","unlogged",NA,NA,"",NA,NA,16.6527142857143,300,NA,NA
"Phaeanthus splendens","Annonaceae","Phaeanthus","CP, 50ha","both",NA,"AR, no seedling data, NR","",NA,NA,16.6527142857143,1341.40229068627,NA,NA
"Phaleria  capitata","Thymelaeaceae","Phaleria ",NA,NA,NA,NA,"",NA,NA,NA,NA,NA,NA
"Phoebe grandis","Lauraceae","Phoebe","50ha","unlogged",NA,NA,"",NA,NA,13.1101518518519,330,0.49,NA
"Phyllanthaceae species 1","Antidesma species 1","Phyllanthaceae","CP","logged",NA,"NR","",NA,NA,NA,NA,NA,NA
"Phyllanthus  borneensis","Phyllanthaceae","Phyllanthus ","50ha","unlogged",NA,NA,"",NA,NA,0.0032,96.1842727272727,NA,NA
"Phyllanthus  subscandens","Phyllanthaceae","Phyllanthus ","CP, 50ha","both",NA,"AR, NR","",NA,NA,0.0032,96.1842727272727,NA,NA
"Phyyanthus  lancisepalus","Phyllanthaceae","Phyyanthus ","CP, 50ha","both",NA,"AR, NR","",NA,NA,NA,NA,NA,NA
"Planchonia brevistipitata","Lecythidaceae","Planchonia","CP, 50ha","both",NA,"AR, NR","",NA,NA,25.446,3611.80207938462,NA,NA
"Planchonia unknown","Lecythidaceae","Planchonia","50ha","unlogged",NA,NA,"",NA,NA,25.446,3611.80207938462,NA,NA
"Planchonia unknown mixed","Lecythidaceae","Planchonia","CP","logged",NA,"AR","",NA,NA,NA,NA,NA,NA
"Planchonia valida","Lecythidaceae","Planchonia","50ha","unlogged",NA,NA,"",NA,NA,25.446,3611.80207938462,0.64,NA
"Polyalthia borneensis","Annonaceae","Polyalthia","50ha","unlogged",NA,NA,"",NA,NA,16.6527142857143,1811.77777777778,NA,NA
"Polyalthia cauliflora","Annonaceae","Polyalthia","CP, 50ha","both",NA,"NR","",NA,NA,16.6527142857143,1811.77777777778,NA,NA
"Polyalthia insignis","Annonaceae","Polyalthia","50ha","unlogged",NA,NA,"",NA,NA,16.6527142857143,1811.77777777778,0.43,NA
"Polyalthia microtus","Annonaceae","Polyalthia","50ha","unlogged",NA,NA,"",NA,NA,16.6527142857143,1811.77777777778,NA,NA
"Polyalthia obliqua","Annonaceae","Polyalthia","CP, 50ha","both",NA,"NR","",NA,NA,16.6527142857143,1811.77777777778,NA,NA
"Polyalthia saprosma","Annonaceae","Polyalthia","50ha","unlogged",NA,NA,"",NA,NA,16.6527142857143,1811.77777777778,NA,NA
"Polyalthia species 3","Annonaceae","Polyalthia","50ha","unlogged",NA,NA,"",NA,NA,16.6527142857143,1811.77777777778,NA,NA
"Polyosma integrifolia","Escalloniaceae","Polyosma","50ha","unlogged",NA,NA,"",NA,NA,NA,NA,0.53,NA
"Pometia pinnata","Sapindaceae","Pometia","CP, 50ha","both",NA,"AR, NR","",NA,NA,25.0609611923077,668.31,0.63,"III"
"Popowia hirta","Annonaceae","Popowia","50ha","unlogged",NA,NA,"",NA,NA,16.6527142857143,1341.40229068627,0.56,NA
"Popowia odoardi","Annonaceae","Popowia","50ha","unlogged",NA,NA,"",NA,NA,16.6527142857143,1341.40229068627,NA,NA
"Popowia pisocarpa","Annonaceae","Popowia","50ha","unlogged",NA,NA,"",NA,NA,16.6527142857143,1341.40229068627,NA,NA
"Popowia unknown mixed","Annonaceae","Popowia","50ha","unlogged",NA,NA,"",NA,NA,NA,NA,NA,NA
"Prainea limpato","Moraceae","Prainea","50ha","unlogged",NA,NA,"",NA,NA,8.35052992307692,416.30593131746,0.65,NA
"Praravinia suberosa","Rubiaceae","Praravinia","50ha","unlogged",NA,NA,"",NA,NA,7.3621533880597,59.1893790915751,NA,NA
"Praravinia unknown mixed","Rubiaceae","Praravinia","50ha","unlogged",NA,NA,"",NA,NA,NA,NA,NA,NA
"Praravinia verruculosa","Rubiaceae","Praravinia","50ha","unlogged",NA,NA,"",NA,NA,7.3621533880597,59.1893790915751,NA,NA
"Prasoxylon alliaceum","Meliaceae","Prasoxylon","50ha","unlogged",NA,NA,"",NA,NA,NA,NA,NA,NA
"Prasoxylon excelsum","Meliaceae","Prasoxylon","50ha","unlogged",NA,NA,"",NA,NA,NA,NA,NA,NA
"Prasoxylon rigidum","Meliaceae","Prasoxylon","CP, 50ha","both",NA,"AR","",NA,NA,NA,NA,NA,NA
"Prismatomeris beccariana","Rubiaceae","Prismatomeris","50ha","unlogged",NA,NA,"",NA,NA,7.3621533880597,59.1893790915751,NA,NA
"Prismatomeris species 1","Rubiaceae","Prismatomeris","50ha","unlogged",NA,NA,"",NA,NA,7.3621533880597,59.1893790915751,NA,NA
"Prunus polystachya","Rosaceae","Prunus","CP","logged",NA,"AR","",NA,NA,21.5,1400,0.5,NA
"Prunus unknown mixed","Rosaceae","Prunus","CP","logged",NA,"AR","",NA,NA,NA,NA,NA,NA
"Pseuduvaria pamattonis","Annonaceae","Pseuduvaria","50ha","unlogged",NA,NA,"",NA,NA,16.6527142857143,1341.40229068627,NA,NA
"Pseuduvaria reticulata","Annonaceae","Pseuduvaria","CP, 50ha","both",NA,"no seedling data, AR, NR","",NA,NA,16.6527142857143,1341.40229068627,NA,NA
"Psychotria species 1","Rubiaceae","Psychotria","50ha","unlogged",NA,NA,"",NA,NA,7.16891485714286,127.916400080645,NA,NA
"Psychotria species 2","Rubiaceae","Psychotria","50ha","unlogged",NA,NA,"",NA,NA,7.16891485714286,127.916400080645,NA,NA
"Psydrax dicoccos","Rubiaceae","Psydrax","CP, 50ha","both",NA,"AR, NR","",NA,NA,7.3621533880597,59.1893790915751,NA,NA
"Pternandra coerulescens","Melastomataceae","Pternandra","CP, 50ha","both",NA,"AR, NR","",NA,NA,0.8,1071.53345183784,0.53,NA
"Pterospermum javanicum","Malvaceae","Pterospermum","CP, 50ha, IF","both","ActiveRestoration","no seedling data, NR, AR","",NA,NA,16.6049538461538,881.714199688546,0.4,NA
"Pterospermum subpeltatum","Malvaceae","Pterospermum","50ha","unlogged",NA,NA,"",NA,NA,16.6049538461538,881.714199688546,NA,NA
"Pterospermum unknown mixed","Malvaceae","Pterospermum","CP","logged",NA,"NR","",NA,NA,NA,NA,NA,NA
"Pterygota alata","Malvaceae","Pterygota","CP","logged",NA,"NR","",NA,NA,16.6049538461538,627.43,0.48,NA
"Ptychopyxis arborea","Euphorbiaceae","Ptychopyxis","CP, 50ha","both",NA,"AR, NR","",NA,NA,3.32316437931034,119.998798464659,NA,NA
"Putranjiva roxburghii","Putranjivaceae","Putranjiva","50ha","unlogged",NA,NA,"",NA,NA,10.1,568.18,0.67,NA
"Pyrenaria acuminata","Theaceae","Pyrenaria","50ha","unlogged",NA,NA,"",NA,NA,NA,1118.061,0.48,NA
"Quercus argentata","Fagaceae","Quercus","50ha","unlogged",NA,NA,"",NA,NA,20.9,2609.75332595616,0.74,NA
"Quercus unknown mixed","Fagaceae","Quercus","50ha","unlogged",NA,NA,"",NA,NA,NA,NA,NA,NA
"Reinwardtiodendron humile","Meliaceae","Reinwardtiodendron","CP, 50ha","both",NA,"AR, NR","",NA,NA,9.17797857142857,704.921018041667,0.81,NA
"Rennellia borneensis","Rubiaceae","Rennellia","50ha","unlogged",NA,NA,"",NA,NA,7.3621533880597,59.1893790915751,NA,NA
"Richetia faguetiana","Dipterocarpaceae","Richetia","CP, 50ha","both",NA,"AR, NR","",NA,NA,NA,NA,NA,NA
"Ridsdalea pseudoternifolia","Rubiaceae","Ridsdalea","CP, 50ha","both",NA,"AR","",NA,NA,7.3621533880597,59.1893790915751,NA,NA
"Rinorea bengalensis","Violaceae","Rinorea","50ha","unlogged",NA,NA,"",NA,NA,4.6,1.87513677118644,NA,NA
"Rinorea congesta","Violaceae","Rinorea","50ha","unlogged",NA,NA,"",NA,NA,4.6,1.87513677118644,NA,NA
"Rinorea unknown","Violaceae","Rinorea","50ha","unlogged",NA,NA,"",NA,NA,4.6,1.87513677118644,NA,NA
"Rubroshorea argentifolia","Dipterocarpaceae","Rubroshorea","CP, 50ha","both",NA,"AR, NR","",NA,NA,NA,NA,NA,NA
"Rubroshorea beccariana","Dipterocarpaceae","Rubroshorea","CP","logged",NA,"AR, NR","",NA,NA,NA,NA,NA,NA
"Rubroshorea fallax","Dipterocarpaceae","Rubroshorea","CP, IF","logged","NaturalRegeneration","AR, NR","",NA,NA,NA,NA,NA,NA
"Rubroshorea gibbosa","Dipterocarpaceae","Rubroshorea","CP, 50ha, IF","both","ActiveRestoration, NaturalRegeneration","AR, no seedling data, NR","",NA,NA,NA,NA,NA,NA
"Rubroshorea johorensis","Dipterocarpaceae","Rubroshorea","CP, 50ha, IF","both","ActiveRestoration, NaturalRegeneration","AR, NR, no seedling data","",NA,NA,NA,NA,NA,NA
"Rubroshorea leprosula","Dipterocarpaceae","Rubroshorea","CP, 50ha, IF","both","ActiveRestoration","AR, NR","",NA,NA,NA,NA,NA,NA
"Rubroshorea macrophylla","Dipterocarpaceae","Rubroshorea","CP, IF","logged","ActiveRestoration","AR, NR","",NA,NA,NA,NA,NA,NA
"Rubroshorea macroptera","Dipterocarpaceae","Rubroshorea","CP","logged",NA,"AR, NR","",NA,NA,NA,NA,NA,NA
"Rubroshorea mecistopteryx","Dipterocarpaceae","Rubroshorea","CP","logged",NA,"AR","",NA,NA,NA,NA,NA,NA
"Rubroshorea ovalis","Dipterocarpaceae","Rubroshorea","CP","logged",NA,"AR, NR","",NA,NA,NA,NA,NA,NA
"Rubroshorea ovata","Dipterocarpaceae","Rubroshorea","CP","logged",NA,"NR","",NA,NA,NA,NA,NA,NA
"Rubroshorea parvifolia","Dipterocarpaceae","Rubroshorea","CP, 50ha, IF","both","ActiveRestoration, NaturalRegeneration","AR, NR","",NA,NA,NA,NA,NA,NA
"Rubroshorea pauciflora","Dipterocarpaceae","Rubroshorea","CP, 50ha, IF","both","ActiveRestoration, NaturalRegeneration","AR, NR, no seedling data","",NA,NA,NA,NA,NA,NA
"Ryparosa acuminata","Achariaceae","Ryparosa","CP, 50ha","both",NA,"AR, NR","",NA,NA,NA,576.8788,NA,NA
"Ryparosa hullettii","Achariaceae","Ryparosa","CP, 50ha","both",NA,"AR","",NA,NA,NA,576.8788,0.54,NA
"Ryparosa unknown mixed","Achariaceae","Ryparosa","50ha","unlogged",NA,NA,"",NA,NA,NA,NA,NA,NA
"Sageraea elliptica","Annonaceae","Sageraea","CP","logged",NA,"AR, NR","",NA,NA,16.6527142857143,487.8,0.67,NA
"Sageraea lanceolata","Annonaceae","Sageraea","50ha","unlogged",NA,NA,"",NA,NA,16.6527142857143,1341.40229068627,0.63,NA
"Sageraea sarawakensis","Annonaceae","Sageraea","50ha","unlogged",NA,NA,"",NA,NA,16.6527142857143,1341.40229068627,NA,NA
"Santiria laevigata","Burseraceae","Santiria","CP, 50ha","both",NA,"NR, AR","",NA,NA,10.6,2816.2775,0.52,"IV"
"Santiria species 1","Burseraceae","Santiria","50ha","unlogged",NA,NA,"",NA,NA,10.6,2816.2775,NA,NA
"Santiria tomentosa","Burseraceae","Santiria","CP, 50ha","both",NA,"AR","",NA,NA,10.6,830,0.58,NA
"Saraca declinata","Fabaceae","Saraca","50ha","unlogged",NA,NA,"yellow_orange_pink",NA,NA,25.9101628865979,273.929465733062,0.44,NA
"Saurauia agamae","Actinidiaceae","Saurauia","50ha","unlogged",NA,NA,"white_pale pink",3,2,NA,1.66333333333333,NA,NA
"Saurauia sp","Actinidiaceae","Saurauia","50ha","unlogged",NA,NA,"",NA,NA,NA,1.66333333333333,NA,NA
"Saurauia unknown mixed","Actinidiaceae","Saurauia","50ha","unlogged",NA,NA,"",NA,NA,NA,NA,NA,NA
"Scaphium longiflorum","Malvaceae","Scaphium","CP","logged",NA,"AR, NR","",NA,NA,16.6049538461538,881.714199688546,0.44,NA
"Scaphium macropodum","Malvaceae","Scaphium","CP, 50ha","both",NA,"AR, NR","",NA,NA,16.6049538461538,2210,0.51,NA
"Scaphium unknown mixed","Malvaceae","Scaphium","CP","logged",NA,"NR","",NA,NA,NA,NA,NA,NA
"Scleropyrum pentandrum","Santalaceae","Scleropyrum","50ha","unlogged",NA,NA,"",NA,NA,NA,137.20475862069,NA,NA
"Scorodocarpus borneensis","Olacaceae","Scorodocarpus","CP, 50ha","both",NA,"AR, NR","",NA,NA,14.3,774.215142857143,0.72,"II"
"Semecarpus bunburyanus","Anacardiaceae","Semecarpus","CP, 50ha","both",NA,"NR","",NA,NA,17.5381934615385,1111,NA,NA
"Shorea atrinervosa","Dipterocarpaceae","Shorea","CP, 50ha","both",NA,"AR, NR","",NA,NA,NA,3763.05833333333,0.77,NA
"Shorea leptoderma","Dipterocarpaceae","Shorea","50ha","unlogged",NA,NA,"",NA,NA,NA,540,NA,NA
"Shorea seminis","Dipterocarpaceae","Shorea","CP, 50ha","both",NA,"AR, NR","",NA,NA,NA,3763.05833333333,0.72,NA
"Shorea sp","Dipterocarpaceae","Shorea","CP","logged",NA,"AR","",NA,NA,NA,3763.05833333333,NA,NA
"Shorea superba","Dipterocarpaceae","Shorea","CP, 50ha","both",NA,"AR, NR","",NA,NA,NA,3763.05833333333,0.69,"V"
"Shorea unknown mixed","Dipterocarpaceae","Shorea","CP, 50ha","both",NA,"AR, NR, no seedling data","",NA,NA,NA,NA,NA,NA
"Sindora irpicina","Fabaceae","Sindora","CP, 50ha","both",NA,"AR, NR","",NA,NA,25.9101628865979,273.929465733062,0.48,NA
"Sloanea javanica","Elaeocarpaceae","Sloanea","50ha","unlogged",NA,NA,"",NA,NA,12,105.966666666667,0.54,"II"
"Spathiostemon javensis","Euphorbiaceae","Spathiostemon","CP, 50ha","both",NA,"AR, NR","",NA,NA,3.32316437931034,119.998798464659,NA,NA
"Stemonurus grandifolius","Stemonuraceae","Stemonurus","CP, 50ha","both",NA,"AR, NR","",NA,NA,NA,NA,NA,NA
"Stemonurus malaccensis","Stemonuraceae","Stemonurus","50ha","unlogged",NA,NA,"",NA,NA,NA,5000,NA,NA
"Stemonurus scorpioides","Stemonuraceae","Stemonurus","CP, 50ha","both",NA,"NR, AR","",NA,NA,NA,NA,0.51,NA
"Stemonurus unknown mixed","Stemonuraceae","Stemonurus","CP, 50ha","both",NA,"AR","",NA,NA,NA,NA,NA,NA
"Sterculia cordata","Malvaceae","Sterculia","CP, 50ha","both",NA,"AR","",NA,NA,14.5,819.743785114286,0.32,NA
"Sterculia lanceolata","Malvaceae","Sterculia","50ha","unlogged",NA,NA,"",NA,NA,14.5,367.78,0.46,NA
"Sterculia rubiginosa","Malvaceae","Sterculia","50ha","unlogged",NA,NA,"",NA,NA,14.5,819.743785114286,NA,NA
"Sterculia stipulata","Malvaceae","Sterculia","50ha","unlogged",NA,NA,"",NA,NA,14.5,300,NA,NA
"Sterculia unknown mixed","Malvaceae","Sterculia","50ha","unlogged",NA,NA,"",NA,NA,NA,NA,NA,NA
"Strombosia ceylanica","Olacaceae","Strombosia","50ha","unlogged",NA,NA,"",NA,NA,20.5,774.215142857143,0.74,NA
"Suregada multiflora","Euphorbiaceae","Suregada","50ha","unlogged",NA,NA,"",NA,NA,3.32316437931034,124,0.65,NA
"Sympetalandra unijuga","Fabaceae","Sympetalandra","CP","logged",NA,"NR, AR","",NA,NA,25.9101628865979,273.929465733062,NA,NA
"Symplocos fasciculata","Symplocaceae","Symplocos","CP, 50ha","both",NA,"AR, NR","",NA,NA,NA,200,0.3,NA
"Symplocos odoratissima","Symplocaceae","Symplocos","50ha","unlogged",NA,NA,"",NA,NA,NA,200,NA,NA
"Symplocos unknown mixed","Symplocaceae","Symplocos","CP","logged",NA,"AR","",NA,NA,NA,NA,NA,NA
"Syzygium barringtonioides","Myrtaceae","Syzygium","50ha","unlogged",NA,NA,"",18,18,10.40958425,4119.74672716827,NA,NA
"Syzygium christmannii","Myrtaceae","Syzygium","50ha","unlogged",NA,NA,"",NA,NA,10.40958425,4119.74672716827,NA,NA
"Syzygium creaghii","Myrtaceae","Syzygium","50ha","unlogged",NA,NA,"",NA,NA,10.40958425,4119.74672716827,NA,NA
"Syzygium elliptilimbum","Myrtaceae","Syzygium","50ha","unlogged",NA,NA,"",NA,NA,10.40958425,4119.74672716827,NA,NA
"Syzygium elopurae","Myrtaceae","Syzygium","50ha","unlogged",NA,NA,"",NA,NA,10.40958425,4119.74672716827,NA,NA
"Syzygium fastigiatum","Myrtaceae","Syzygium","50ha","unlogged",NA,NA,"",NA,NA,10.40958425,4119.74672716827,NA,NA
"Syzygium hirtum","Myrtaceae","Syzygium","CP, 50ha","both",NA,"AR","",NA,NA,10.40958425,4119.74672716827,NA,NA
"Syzygium imperiale","Myrtaceae","Syzygium","50ha","unlogged",NA,NA,"",NA,NA,10.40958425,4119.74672716827,NA,NA
"Syzygium kiauense","Myrtaceae","Syzygium","50ha","unlogged",NA,NA,"",NA,NA,10.40958425,4119.74672716827,NA,NA
"Syzygium kunstleri","Myrtaceae","Syzygium","50ha","unlogged",NA,NA,"",NA,NA,10.40958425,4119.74672716827,NA,NA
"Syzygium leptostemon","Myrtaceae","Syzygium","50ha","unlogged",NA,NA,"",NA,NA,10.40958425,4119.74672716827,NA,NA
"Syzygium panzeri","Myrtaceae","Syzygium","50ha","unlogged",NA,NA,"",NA,NA,10.40958425,4119.74672716827,NA,NA
"Syzygium penibukanense","Myrtaceae","Syzygium","50ha","unlogged",NA,NA,"",NA,NA,10.40958425,4119.74672716827,NA,NA
"Syzygium pustulatum","Myrtaceae","Syzygium","50ha","unlogged",NA,NA,"",NA,NA,10.40958425,4119.74672716827,NA,NA
"Syzygium scortechinii","Myrtaceae","Syzygium","50ha","unlogged",NA,NA,"",NA,NA,10.40958425,4119.74672716827,NA,NA
"Syzygium tawahense","Myrtaceae","Syzygium","50ha","unlogged",NA,NA,"",NA,NA,10.40958425,4119.74672716827,0.69,NA
"Syzygium unknown mixed","Myrtaceae","Syzygium","CP, 50ha","both",NA,"AR, NR, no seedling data","",NA,NA,NA,NA,NA,NA
"Tabernaemontana macrocarpa","Apocynaceae","Tabernaemontana","50ha","unlogged",NA,NA,"",NA,NA,9.35,120.854673565217,0.44,NA
"Tabernaemontana pauciflora","Apocynaceae","Tabernaemontana","50ha","unlogged",NA,NA,"",NA,NA,9.35,120.854673565217,NA,NA
"Tabernaemontana unknown mixed","Apocynaceae","Tabernaemontana","50ha","unlogged",NA,NA,"",NA,NA,NA,NA,NA,NA
"Teijsmanniodendron bogoriense","Lamiaceae","Teijsmanniodendron","50ha","unlogged",NA,NA,"",80,20,7.21,25.4065073459038,0.41,NA
"Teijsmanniodendron pteropodum","Lamiaceae","Teijsmanniodendron","CP","logged",NA,"AR","violet_pale blue",50,15,7.21,25.4065073459038,0.35,NA
"Teijsmanniodendron unknown mixed","Lamiaceae","Teijsmanniodendron","CP","logged",NA,"AR, NR","",NA,NA,NA,NA,NA,NA
"Terminalia citrina","Combretaceae","Terminalia","50ha","unlogged",NA,NA,"",NA,NA,2.7,123.46,NA,NA
"Terminalia ivorensis","Combretaceae","Terminalia","50ha","unlogged",NA,NA,"",NA,NA,2.7,133.38,0.45,NA
"Terminalia phellocarpa","Combretaceae","Terminalia","50ha","unlogged",NA,NA,"",NA,NA,2.7,1076.30982319658,NA,NA
"Terminalia species 1","Combretaceae","Terminalia","50ha","unlogged",NA,NA,"",NA,NA,2.7,1076.30982319658,NA,NA
"Terminalia species 2","Combretaceae","Terminalia","50ha","unlogged",NA,NA,"",NA,NA,2.7,1076.30982319658,NA,NA
"Timonius lasianthoides","Rubiaceae","Timonius","50ha","unlogged",NA,NA,"",NA,NA,5.4,4.4,NA,NA
"Timonius wallichianus","Rubiaceae","Timonius","50ha","unlogged",NA,NA,"",NA,NA,5.4,4.4,0.76,NA
"Triomma malaccensis","Burseraceae","Triomma","CP, 50ha","both",NA,"NR","",NA,NA,11.1479552,2816.2775,0.58,"IV"
"Tritaxis denticulata","Euphorbiaceae","Tritaxis","CP, 50ha","both",NA,"NR","",NA,NA,3.32316437931034,119.998798464659,NA,NA
"Unknown species 8","Annonaceae","Unknown","CP","logged",NA,"NR","",NA,NA,NA,NA,NA,NA
"Unknown unknown mixed","Annonaceae","Unknown","CP","logged",NA,"AR, NR","",NA,NA,NA,NA,NA,NA
"Urophyllum  corymbosum","Rubiaceae","Urophyllum ","CP","logged",NA,"AR","",NA,NA,7.3621533880597,59.1893790915751,NA,NA
"Urophyllum sandahanicum","Rubiaceae","Urophyllum","CP, 50ha","both",NA,"AR, NR","",NA,NA,7.3621533880597,59.1893790915751,NA,NA
"Urophyllum  glabrum","Rubiaceae","Urophyllum ","CP","logged",NA,"NR","",NA,NA,NA,NA,NA,NA
"Urophyllum  unknown mixed","Rubiaceae","Urophyllum ","CP","logged",NA,"AR","",NA,NA,NA,NA,NA,NA
"Utania cuspidata","Gentianaceae","Utania","CP, 50ha","both",NA,"AR","",NA,NA,NA,NA,NA,NA
"Vatica albiramis","Dipterocarpaceae","Vatica","CP, 50ha","both",NA,"AR","",NA,NA,NA,4086.875,NA,NA
"Vatica chartacea","Dipterocarpaceae","Vatica","50ha","unlogged",NA,NA,"",NA,NA,NA,4086.875,NA,NA
"Vatica dulitensis","Dipterocarpaceae","Vatica","CP","logged",NA,"AR, NR","",NA,NA,NA,4086.875,NA,NA
"Vatica oblongifolia","Dipterocarpaceae","Vatica","50ha","unlogged",NA,NA,"",NA,NA,NA,4086.875,0.7,NA
"Vatica sarawakensis","Dipterocarpaceae","Vatica","CP, 50ha","both",NA,"AR","",NA,NA,NA,4086.875,NA,NA
"Vatica umbonata","Dipterocarpaceae","Vatica","50ha","unlogged",NA,NA,"",NA,NA,NA,4086.875,0.76,NA
"Vitex pinnata","Lamiaceae","Vitex","CP, 50ha","both",NA,"AR, NR","violet_lavender white_greenish yellow",7.5,4.5,7.21,95,NA,NA
"Walsura pachycaulon","Meliaceae","Walsura","50ha","unlogged",NA,NA,"",NA,NA,9.17797857142857,704.921018041667,NA,NA
"Walsura pinnata","Meliaceae","Walsura","CP, 50ha","both",NA,"AR, NR","",NA,NA,9.17797857142857,704.921018041667,NA,NA
"Walsura species 1","Meliaceae","Walsura","50ha","unlogged",NA,NA,"",NA,NA,9.17797857142857,704.921018041667,NA,NA
"Xanthophyllum adenotus","Polygalaceae","Xanthophyllum","50ha","unlogged",NA,NA,"",NA,NA,8.4,25.6287764666667,NA,NA
"Xanthophyllum flavescens","Polygalaceae","Xanthophyllum","CP, 50ha","both",NA,"AR, NR","",NA,NA,8.4,25.6287764666667,0.66,NA
"Xanthophyllum pachycarpon","Polygalaceae","Xanthophyllum","50ha","unlogged",NA,NA,"",NA,NA,8.4,25.6287764666667,NA,NA
"Xanthophyllum reticulatum","Polygalaceae","Xanthophyllum","50ha","unlogged",NA,NA,"",NA,NA,8.4,25.6287764666667,NA,NA
"Xanthophyllum species 1","Polygalaceae","Xanthophyllum","50ha","unlogged",NA,NA,"",NA,NA,8.4,25.6287764666667,NA,NA
"Xanthophyllum species 2","Polygalaceae","Xanthophyllum","50ha","unlogged",NA,NA,"",NA,NA,8.4,25.6287764666667,NA,NA
"Xanthophyllum species 3","Polygalaceae","Xanthophyllum","50ha","unlogged",NA,NA,"",NA,NA,8.4,25.6287764666667,NA,NA
"Xanthophyllum species 4","Polygalaceae","Xanthophyllum","50ha","unlogged",NA,NA,"",NA,NA,8.4,25.6287764666667,NA,NA
"Xanthophyllum species 5","Polygalaceae","Xanthophyllum","50ha","unlogged",NA,NA,"",NA,NA,8.4,25.6287764666667,NA,NA
"Xanthophyllum species 6","Polygalaceae","Xanthophyllum","50ha","unlogged",NA,NA,"",NA,NA,8.4,25.6287764666667,NA,NA
"Xanthophyllum species 7","Polygalaceae","Xanthophyllum","50ha","unlogged",NA,NA,"",NA,NA,8.4,25.6287764666667,NA,NA
"Xanthophyllum unknown mixed","Polygalaceae","Xanthophyllum","CP","logged",NA,"AR, NR","",NA,NA,NA,NA,NA,NA
"Xanthophyllum vitellinum","Polygalaceae","Xanthophyllum","50ha","unlogged",NA,NA,"",NA,NA,8.4,25.6287764666667,0.73,NA
"Xylopia ferruginea","Annonaceae","Xylopia","CP, 50ha","both",NA,"AR","",NA,NA,7.9,101.70275,0.35,NA
"Ziziphus augustifolia","Rhamnaceae","Ziziphus","CP, 50ha","both",NA,"AR, NR","",NA,NA,2.33038,695.024418571429,NA,NA
"unknown unknown","Magnoliaceae","unknown","CP","logged",NA,"NR, AR","",NA,NA,NA,NA,NA,NA
"unknown unknown mixed","Magnoliaceae","unknown","CP","logged",NA,"NR","",NA,NA,NA,NA,NA,NA
