"binomial_name","family.x","genus","species","history_at_INDFORSUS_site","species_origin","logging_status","flowering_at_size_class","reference"
"Acranthera frutescens","Rubiaceae","Acranthera","frutescens",NA,"50ha","unlogged",NA,"Lambir dataset"
"Acranthera velutinervia","Rubiaceae","Acranthera","velutinervia",NA,"50ha","unlogged",NA,"Lambir dataset"
"Actinodaphne borneensis","Lauraceae","Actinodaphne","borneensis",NA,"50ha","unlogged",NA,"Lambir dataset"
"Actinodaphne glomerata","Lauraceae","Actinodaphne","glomerata",NA,"50ha","unlogged",NA,"Lambir dataset"
"Actinodaphne macrophylla","Lauraceae","Actinodaphne","macrophylla",NA,"50ha","unlogged",NA,"Lambir dataset"
"Actinodaphne pruinosa","Lauraceae","Actinodaphne","pruinosa",NA,"50ha","unlogged",NA,"Lambir dataset"
"Actinodaphne species 1","Lauraceae","Actinodaphne","species 1",NA,"50ha","unlogged",NA,"Lambir dataset"
"Actinodaphne unknown mixed","Lauraceae","Actinodaphne","unknown mixed",NA,"50ha, CP","both",NA,"Lambir dataset"
"Adenanthera kostermansii","Fabaceae","Adenanthera","kostermansii",NA,"50ha, CP","both",NA,"Lambir dataset"
"Adenanthera malayana","Fabaceae","Adenanthera","malayana",NA,"50ha, CP","both",NA,"Lambir dataset"
"Adinandra unknown mixed","Theaceae","Adinandra","unknown mixed",NA,"CP","logged",NA,"Lambir dataset"
"Aglaia angustifolia","Meliaceae","Aglaia","angustifolia",NA,"50ha, CP","both",NA,"Lambir dataset"
"Aglaia argentea","Meliaceae","Aglaia","argentea",NA,"50ha, CP","both",NA,"Lambir dataset"
"Aglaia crassinervia","Meliaceae","Aglaia","crassinervia",NA,"50ha","unlogged",NA,"Lambir dataset"
"Aglaia edulis","Meliaceae","Aglaia","edulis",NA,"50ha","unlogged",NA,"Lambir dataset"
"Aglaia elliptica","Meliaceae","Aglaia","elliptica",NA,"50ha","unlogged",NA,"Lambir dataset"
"Aglaia grandis","Meliaceae","Aglaia","grandis",NA,"50ha","unlogged",NA,"Lambir dataset"
"Aglaia luzoniensis","Meliaceae","Aglaia","luzoniensis",NA,"50ha","unlogged",NA,"Lambir dataset"
"Aglaia macrocarpa","Meliaceae","Aglaia","macrocarpa",NA,"50ha","unlogged",NA,"Lambir dataset"
"Aglaia odoratissima","Meliaceae","Aglaia","odoratissima",NA,"50ha, CP","both",NA,"Lambir dataset"
"Aglaia oligophylla","Meliaceae","Aglaia","oligophylla",NA,"50ha","unlogged",NA,"Lambir dataset"
"Aglaia silvestris","Meliaceae","Aglaia","silvestris",NA,"50ha, CP","both",NA,"Lambir dataset"
"Aglaia spectabilis","Meliaceae","Aglaia","spectabilis",NA,"50ha, CP","both",NA,"Lambir dataset"
"Aglaia tomentosa","Meliaceae","Aglaia","tomentosa",NA,"50ha, CP","both",NA,"Lambir dataset"
"Aglaia unknown mixed","Meliaceae","Aglaia","unknown mixed",NA,"50ha, CP","both",NA,"Lambir dataset"
"Alangium javanicum","Cornaceae","Alangium","javanicum","Unlogged","50ha, CP, IF","both",NA,"Lambir dataset"
"Allophylus cobbe","Sapindaceae","Allophylus","cobbe",NA,"50ha","unlogged",NA,"Lambir dataset"
"Alseodaphne bancana","Lauraceae","Alseodaphne","bancana",NA,"50ha","unlogged",NA,"Lambir dataset"
"Alseodaphne unknown mixed","Lauraceae","Alseodaphne","unknown mixed",NA,"50ha, CP","both",NA,"Lambir dataset"
"Alstonia angustifolia","Apocynaceae","Alstonia","angustifolia",NA,"50ha, CP","both",NA,"Lambir dataset"
"Alstonia iwahigensis","Apocynaceae","Alstonia","iwahigensis",NA,"50ha","unlogged",NA,"Lambir dataset"
"Anaxagorea javanica","Annonaceae","Anaxagorea","javanica",NA,"50ha","unlogged",NA,"Lambir dataset"
"Anisophyllea beccariana","Anisophylleaceae","Anisophyllea","beccariana",NA,"50ha","unlogged",NA,"Lambir dataset"
"Anisophyllea corneri","Anisophylleaceae","Anisophyllea","corneri",NA,"50ha, CP","both",NA,"Lambir dataset"
"Anisoptera costata","Dipterocarpaceae","Anisoptera","costata",NA,"50ha, CP","both",NA,"Lambir dataset"
"Antiaris toxicaria","Moraceae","Antiaris","toxicaria",NA,"50ha","unlogged",NA,"Lambir dataset"
"Antidesma leucopodum","Phyllanthaceae","Antidesma","leucopodum",NA,"50ha","unlogged",NA,"Lambir dataset"
"Antidesma neurocarpum","Phyllanthaceae","Antidesma","neurocarpum",NA,"50ha","unlogged",NA,"Lambir dataset"
"Phyllanthaceae species 1","Antidesma species 1","Phyllanthaceae","species 1",NA,"CP","logged",NA,"Lambir dataset"
"Antidesma roxburghii","Phyllanthaceae","Antidesma","roxburghii",NA,"50ha","unlogged",NA,"Lambir dataset"
"Antidesma unknown mixed","Phyllanthaceae","Antidesma","unknown mixed",NA,"50ha, CP","both",NA,"Lambir dataset"
"Aphanamixis borneensis","Meliaceae","Aphanamixis","borneensis",NA,"50ha","unlogged",NA,"Lambir dataset"
"Aphanamixis unknown mixed","Meliaceae","Aphanamixis","unknown mixed",NA,"50ha","unlogged",NA,"Lambir dataset"
"Aporosa elmeri","Phyllanthaceae","Aporosa","elmeri",NA,"CP","logged",NA,"Lambir dataset"
"Aporosa falcifera","Phyllanthaceae","Aporosa","falcifera",NA,"CP","logged",NA,"Lambir dataset"
"Aporosa frutescens","Phyllanthaceae","Aporosa","frutescens",NA,"CP","logged",NA,"Lambir dataset"
"Aporosa grandistipula","Phyllanthaceae","Aporosa","grandistipula",NA,"CP","logged",NA,"Lambir dataset"
"Aporosa illustris","Phyllanthaceae","Aporosa","illustris",NA,"CP","logged",NA,"Lambir dataset"
"Aporusa unknown mixed","Phyllanthaceae","Aporusa","unknown mixed",NA,"CP","logged",NA,"Lambir dataset"
"Aquilaria beccariana","Thymelaeaceae","Aquilaria","beccariana",NA,"50ha","unlogged",NA,"Lambir dataset"
"Archidendron microcarpum","Fabaceae","Archidendron","microcarpum",NA,"50ha","unlogged","III","Lambir dataset"
"Archidendron unknown mixed","Fabaceae","Archidendron","unknown mixed",NA,"50ha","unlogged",NA,"Lambir dataset"
"Ardisia  colorata","Primulaceae","Ardisia ","colorata",NA,"CP","logged",NA,"Lambir dataset"
"Ardisia  macrophylla","Primulaceae","Ardisia ","macrophylla",NA,"CP","logged",NA,"Lambir dataset"
"Ardisia  unknown mixed","Primulaceae","Ardisia ","unknown mixed",NA,"CP","logged",NA,"Lambir dataset"
"Artocarpus anisophyllus","Moraceae","Artocarpus","anisophyllus",NA,"50ha, CP","both",NA,"Lambir dataset"
"Artocarpus elasticus","Moraceae","Artocarpus","elasticus",NA,"CP","logged","III","Lambir dataset"
"Artocarpus heterophyllus","Moraceae","Artocarpus","heterophyllus",NA,"CP","logged",NA,"Lambir dataset"
"Artocarpus unknown mixed","Moraceae","Artocarpus","unknown mixed",NA,"CP","logged",NA,"Lambir dataset"
"Atuna excelsa","Chrysobalanaceae","Atuna","excelsa",NA,"CP","logged","III","Lambir dataset"
"Azadirachta excelsa","Meliaceae","Azadirachta","excelsa",NA,"50ha, CP","both",NA,"Lambir dataset"
"Baccaurea edulis","Phyllanthaceae","Baccaurea","edulis",NA,"50ha","unlogged",NA,"Lambir dataset"
"Baccaurea lanceolata","Phyllanthaceae","Baccaurea","lanceolata",NA,"50ha, CP","both",NA,"Lambir dataset"
"Baccaurea macrocarpa","Phyllanthaceae","Baccaurea","macrocarpa",NA,"50ha, CP","both",NA,"Lambir dataset"
"Baccaurea parviflora","Phyllanthaceae","Baccaurea","parviflora",NA,"50ha","unlogged",NA,"Lambir dataset"
"Baccaurea species 1","Phyllanthaceae","Baccaurea","species 1",NA,"50ha","unlogged",NA,"Lambir dataset"
"Baccaurea tetrandra","Phyllanthaceae","Baccaurea","tetrandra",NA,"50ha, CP","both",NA,"Lambir dataset"
"Baccaurea unknown mixed","Phyllanthaceae","Baccaurea","unknown mixed",NA,"50ha, CP","both",NA,"Lambir dataset"
"Barringtonia lanceolata","Lecythidaceae ","Barringtonia","lanceolata",NA,"50ha, CP","both",NA,"Lambir dataset"
"Barringtonia macrostachya","Lecythidaceae ","Barringtonia","macrostachya",NA,"50ha, CP","both",NA,"Lambir dataset"
"Barringtonia unknown mixed","Lecythidaceae","Barringtonia","unknown mixed",NA,"50ha","unlogged",NA,"Lambir dataset"
"Beilschmiedia Unknown species 1","Lauraceae","Beilschmiedia","Unknown species 1",NA,"50ha","unlogged",NA,"Lambir dataset"
"Beilschmiedia assamica","Lauraceae","Beilschmiedia","assamica",NA,"50ha","unlogged",NA,"Lambir dataset"
"Beilschmiedia ","Lauraceae","Beilschmiedia","",NA,"50ha, CP","both",NA,"Lambir dataset"
"Beilschmiedia micrantha","Lauraceae","Beilschmiedia","micrantha",NA,"50ha, CP","both",NA,"Lambir dataset"
"Beilschmiedia tawaensis","Lauraceae","Beilschmiedia","tawaensis",NA,"50ha, CP","both",NA,"Lambir dataset"
"Beilschmiedia unknown mixed","Lauraceae","Beilschmiedia","unknown mixed",NA,"CP","logged",NA,"Lambir dataset"
"Bhesa paniculata","Centroplacaceae","Bhesa","paniculata",NA,"50ha","unlogged",NA,"Lambir dataset"
"Blumeodendron kurzii","Euphorbiaceae","Blumeodendron","kurzii",NA,"50ha, CP","both","IV","Lambir dataset"
"Blumeodendron tokbrai","Euphorbiaceae","Blumeodendron","tokbrai",NA,"50ha, CP","both",NA,"Lambir dataset"
"Bridelia ","Phyllanthaceae","Bridelia","",NA,"50ha","unlogged",NA,"Lambir dataset"
"Bridelia cinnamomea","Phyllanthaceae","Bridelia","cinnamomea",NA,"50ha","unlogged",NA,"Lambir dataset"
"Bridelia insulana","Phyllanthaceae","Bridelia","insulana",NA,"50ha, CP","both",NA,"Lambir dataset"
"Brownlowia peltata","Malvaceae","Brownlowia","peltata","Unlogged","50ha, CP, IF","both",NA,"Lambir dataset"
"Brownlowia stipulata","Malvaceae","Brownlowia","stipulata",NA,"50ha, CP","both",NA,"Lambir dataset"
"Buchanania arborescens","Anacardiaceae","Buchanania","arborescens",NA,"50ha","unlogged",NA,"Lambir dataset"
"Buchanania sessilifolia","Anacardiaceae","Buchanania","sessilifolia","Unlogged","50ha, CP, IF","both",NA,"Lambir dataset"
"Buchanania unknown mixed","Anacardiaceae","Buchanania","unknown mixed",NA,"50ha","unlogged",NA,"Lambir dataset"
"Callicarpa longifolia","Lamiaceae","Callicarpa","longifolia",NA,"50ha","unlogged",NA,"Lambir dataset"
"Callicarpa pentandra","Lamiaceae","Callicarpa","pentandra",NA,"50ha, CP","both",NA,"Lambir dataset"
"Callicarpa unknown mixed","Lamiaceae","Callicarpa","unknown mixed",NA,"CP","logged",NA,"Lambir dataset"
"Calophyllum blancoi","Calophyllaceae","Calophyllum","blancoi",NA,"50ha, CP","both",NA,"Lambir dataset"
"Calophyllum gracilipes","Calophyllaceae","Calophyllum","gracilipes",NA,"50ha, CP","both",NA,"Lambir dataset"
"Calophyllum pulcherrimum","Calophyllaceae","Calophyllum","pulcherrimum",NA,"50ha","unlogged",NA,"Lambir dataset"
"Calophyllum soulattri","Calophyllaceae","Calophyllum","soulattri",NA,"50ha, CP","both",NA,"Lambir dataset"
"Calophyllum species 1","Clusiaceae","Calophyllum","species 1",NA,"50ha","unlogged",NA,"Lambir dataset"
"Calophyllum species 2","Clusiaceae","Calophyllum","species 2",NA,"50ha","unlogged",NA,"Lambir dataset"
"Calophyllaceae venulosum","Calophyllaceae","Calophyllaceae","venulosum",NA,"50ha","unlogged",NA,"Lambir dataset"
"Cananga odorata","Annonaceae","Cananga","odorata",NA,"50ha","unlogged",NA,"Lambir dataset"
"Canarium decumanum","Burseraceae","Canarium","decumanum",NA,"CP","logged",NA,"Lambir dataset"
"Canarium denticulatum","Burseraceae","Canarium","denticulatum","ActiveRestoration","CP, IF","logged","II","Lambir dataset"
"Canarium odontophyllum","Burseraceae","Canarium","odontophyllum",NA,"CP","logged",NA,"Lambir dataset"
"Canarium unknown mixed","Burseraceae","Canarium","unknown mixed",NA,"CP","logged",NA,"Lambir dataset"
"Carallia borneensis","Rhizophoraceae","Carallia","borneensis",NA,"50ha","unlogged",NA,"Lambir dataset"
"Carallia species 1","Rhizophoraceae","Carallia","species 1",NA,"50ha","unlogged",NA,"Lambir dataset"
"Caryodaphnopsis tonkinensis","Lauraceae","Caryodaphnopsis","tonkinensis",NA,"50ha, CP","both",NA,"Lambir dataset"
"Casearia grewiifolia","Salicaceae","Casearia","grewiifolia",NA,"50ha, CP","both",NA,"Lambir dataset"
"Castanopsis hypophoenicea","Fagaceae","Castanopsis","hypophoenicea",NA,"50ha, CP","both",NA,"Lambir dataset"
"Castanopsis motleyana","Fagaceae","Castanopsis","motleyana",NA,"CP","logged",NA,"Lambir dataset"
"Castanopsis unknown mixed","Fagaceae","Castanopsis","unknown mixed",NA,"50ha","unlogged",NA,"Lambir dataset"
"Chionanthus curvicarpus","Oleaceae","Chionanthus","curvicarpus",NA,"50ha","unlogged",NA,"Lambir dataset"
"Chionanthus macrocarpus","Oleaceae","Chionanthus","macrocarpus",NA,"50ha","unlogged",NA,"Lambir dataset"
"Chionanthus pluriflorus","Oleaceae","Chionanthus","pluriflorus",NA,"50ha, CP","both",NA,"Lambir dataset"
"Chionanthus unknown mixed","Oleaceae","Chionanthus","unknown mixed",NA,"50ha, CP","both",NA,"Lambir dataset"
"Chisocheton ceramicus","Meliaceae","Chisocheton","ceramicus",NA,"50ha","unlogged",NA,"Lambir dataset"
"Chisocheton macranthus","Meliaceae","Chisocheton","macranthus",NA,"50ha, CP","both",NA,"Lambir dataset"
"Chisocheton patens","Meliaceae","Chisocheton","patens",NA,"50ha, CP","both",NA,"Lambir dataset"
"Chisocheton pentandrus","Meliaceae","Chisocheton","pentandrus",NA,"50ha, CP","both",NA,"Lambir dataset"
"Chisocheton polyandrus","Meliaceae","Chisocheton","polyandrus",NA,"50ha","unlogged",NA,"Lambir dataset"
"Chisocheton sarawakanus","Meliaceae","Chisocheton","sarawakanus",NA,"50ha, CP","both",NA,"Lambir dataset"
"Chisocheton unknown mixed","Meliaceae","Chisocheton","unknown mixed",NA,"50ha, CP","both",NA,"Lambir dataset"
"Cinnamomum iners","Lauraceae","Cinnamomum","iners",NA,"50ha, CP","both",NA,"Lambir dataset"
"Cinnamomum racemosum","Lauraceae","Cinnamomum","racemosum",NA,"50ha","unlogged",NA,"Lambir dataset"
"Cinnamomum unknown mixed","Lauraceae","Cinnamomum","unknown mixed",NA,"50ha, CP","both",NA,"Lambir dataset"
"Clausena excavata","Rutaceae","Clausena","excavata",NA,"50ha, CP","both",NA,"Lambir dataset"
"Clausena unknown","Rutaceae","Clausena","unknown",NA,"50ha","unlogged",NA,"Lambir dataset"
"Cleistanthus hirsutulus","Phyllanthaceae","Cleistanthus","hirsutulus",NA,"50ha, CP","both",NA,"Lambir dataset"
"Cleistanthus oblongifolius","Phyllanthaceae","Cleistanthus","oblongifolius",NA,"CP","logged",NA,"Lambir dataset"
"Cleistanthus podopyxis","Phyllanthaceae","Cleistanthus","podopyxis",NA,"50ha, CP","both",NA,"Lambir dataset"
"Cleistanthus species 2","Phyllanthaceae","Cleistanthus","species 2",NA,"50ha","unlogged",NA,"Lambir dataset"
"Cleistanthus unknown mixed","Phyllanthaceae","Cleistanthus","unknown mixed",NA,"50ha, CP","both",NA,"Lambir dataset"
"Coelostegia borneensis","Malvaceae","Coelostegia","borneensis",NA,"50ha, CP","both",NA,"Lambir dataset"
"Cowiea borneensis","Rubiaceae","Cowiea","borneensis",NA,"50ha","unlogged",NA,"Lambir dataset"
"Crateva magna","Capparaceae","Crateva","magna",NA,"50ha","unlogged",NA,"Lambir dataset"
"Cratoxylum cochinchinense","Hypericaceae","Cratoxylum","cochinchinense",NA,"50ha","unlogged",NA,"Lambir dataset"
"Cratoxylum unknown mixed","Hypericaceae","Cratoxylum","unknown mixed",NA,"CP","logged",NA,"Lambir dataset"
"Croton argyratus","Euphorbiaceae","Croton","argyratus",NA,"CP","logged",NA,"Lambir dataset"
"Croton oblongus","Euphorbiaceae","Croton","oblongus",NA,"50ha","unlogged",NA,"Lambir dataset"
"Croton unknown mixed","Euphorbiaceae","Croton","unknown mixed",NA,"50ha","unlogged",NA,"Lambir dataset"
"Crudia bantamensis","Fabacea","Crudia","bantamensis",NA,"50ha","unlogged",NA,"Lambir dataset"
"Crudia tenuipes","Fabaceae","Crudia","tenuipes",NA,"50ha, CP","both",NA,"Lambir dataset"
"Crudia unknown mixed","Fabaceae","Crudia","unknown mixed",NA,"CP","logged",NA,"Lambir dataset"
"Crypteronia rubiflora","Crypteroniaceae","Crypteronia","rubiflora",NA,"50ha","unlogged",NA,"Lambir dataset"
"Cryptocarya ferrea","Lauraceae","Cryptocarya","ferrea",NA,"50ha, CP","both",NA,"Lambir dataset"
"Cryptocarya pulchrinervia","Lauraceae","Cryptocarya","pulchrinervia",NA,"50ha, CP","both",NA,"Lambir dataset"
"Cryptocarya strictifolia","Lauraceae","Cryptocarya","strictifolia",NA,"CP","logged",NA,"Lambir dataset"
"Cryptocarya teysmanniana","Lauraceae","Cryptocarya","teysmanniana",NA,"50ha","unlogged",NA,"Lambir dataset"
"Cryptocarya unknown mixed","Lauraceae","Cryptocarya","unknown mixed",NA,"CP","logged",NA,"Lambir dataset"
"Cyathocalyx magnifructus","Annonaceae","Cyathocalyx","magnifructus",NA,"50ha, CP","both",NA,"Lambir dataset"
"Cynometra elmeri","Fabaceae","Cynometra","elmeri",NA,"50ha","unlogged",NA,"Lambir dataset"
"Cynometra mirabilis","Fabaceae","Cynometra","mirabilis",NA,"50ha, CP","both",NA,"Lambir dataset"
"Dacryodes laxa","Burseraceae","Dacryodes","laxa",NA,"50ha","unlogged",NA,"Lambir dataset"
"Dacryodes rostrata","Burseraceae","Dacryodes","rostrata",NA,"50ha, CP","both",NA,"Lambir dataset"
"Dacryodes rugosa","Burseraceae","Dacryodes","rugosa",NA,"50ha, CP","both",NA,"Lambir dataset"
"Dacryodes species 1","Burseraceae","Dacryodes","species 1",NA,"50ha","unlogged",NA,"Lambir dataset"
"Dacryodes unknown mixed","Burseraceae","Dacryodes","unknown mixed",NA,"CP","logged",NA,"Lambir dataset"
"Decaspermum parviflorum","Myrtaceae","Decaspermum","parviflorum",NA,"50ha","unlogged",NA,"Lambir dataset"
"Dehaasia caesia","Lauraceae","Dehaasia","caesia",NA,"50ha, CP","both",NA,"Lambir dataset"
"Dehaasia gigantocarpa","Lauraceae","Dehaasia","gigantocarpa",NA,"50ha","unlogged",NA,"Lambir dataset"
"Dehaasia incrassata","Lauraceae","Dehaasia","incrassata",NA,"50ha, CP","both",NA,"Lambir dataset"
"Dehaasia unknown mixed","Lauraceae","Dehaasia","unknown mixed",NA,"50ha, CP","both",NA,"Lambir dataset"
"Dendrocnide elliptica","Urticaceae","Dendrocnide","elliptica",NA,"50ha, CP","both",NA,"Lambir dataset"
"Dendrocnide stimulans","Urticaceae","Dendrocnide","stimulans",NA,"50ha","unlogged",NA,"Lambir dataset"
"Dendrocnide unknown mixed","Urticaceae","Dendrocnide","unknown mixed",NA,"50ha, CP","both",NA,"Lambir dataset"
"Dialium indum","Fabaceae","Dialium","indum",NA,"50ha","unlogged",NA,"Lambir dataset"
"Dialium unknown mixed","Fabaceae","Dialium","unknown mixed",NA,"50ha","unlogged",NA,"Lambir dataset"
"Dillenia borneensis","Dilleniaceae","Dillenia","borneensis",NA,"50ha","unlogged",NA,"Lambir dataset"
"Dillenia excelsa","Dilleniaceae","Dillenia","excelsa",NA,"50ha, CP","both",NA,"Lambir dataset"
"Dillenia species 1","Dilleniaceae","Dillenia","species 1",NA,"50ha, CP","both",NA,"Lambir dataset"
"Dimocarpus dentatus","Sapindaceae","Dimocarpus","dentatus","Unlogged","50ha, CP, IF","both",NA,"Lambir dataset"
"Dimocarpus fumatus","Sapindaceae","Dimocarpus","fumatus",NA,"50ha","unlogged",NA,"Lambir dataset"
"Dimocarpus longan","Sapindaceae","Dimocarpus","longan","ActiveRestoration, NaturalRegeneration, Unlogged","50ha, CP, IF","both",NA,"Lambir dataset"
"Tritaxis denticulata","Euphorbiaceae","Tritaxis","denticulata",NA,"50ha, CP","both",NA,"Lambir dataset"
"Diospyros andamanica","Ebenaceae","Diospyros","andamanica",NA,"50ha, CP","both",NA,"Lambir dataset"
"Diospyros borneensis","Ebenaceae","Diospyros","borneensis",NA,"50ha","unlogged",NA,"Lambir dataset"
"Diospyros cauliflora","Ebenaceae","Diospyros","cauliflora",NA,"50ha, CP","both",NA,"Lambir dataset"
"Diospyros curranii","Ebenaceae","Diospyros","curranii",NA,"50ha, CP","both",NA,"Lambir dataset"
"Diospyros daemona","Ebenaceae","Diospyros","daemona",NA,"50ha","unlogged",NA,"Lambir dataset"
"Diospyros dictyoneura","Ebenaceae","Diospyros","dictyoneura",NA,"50ha, CP","both",NA,"Lambir dataset"
"Diospyros diepenhorstii","Ebenaceae","Diospyros","diepenhorstii",NA,"50ha","unlogged",NA,"Lambir dataset"
"Diospyros elliptifolia","Ebenaceae","Diospyros","elliptifolia",NA,"50ha, CP","both",NA,"Lambir dataset"
"Diospyros euphlehia","Ebenaceae","Diospyros","euphlehia",NA,"50ha, CP","both",NA,"Lambir dataset"
"Diospyros frutescens","Ebenaceae","Diospyros","frutescens",NA,"50ha, CP","both",NA,"Lambir dataset"
"Diospyros peregrina","Ebenaceae","Diospyros","peregrina",NA,"50ha, CP","both",NA,"Lambir dataset"
"Diospyros muricata","Ebenaceae","Diospyros","muricata",NA,"50ha, CP","both",NA,"Lambir dataset"
"Diospyros oblonga","Ebenaceae","Diospyros","oblonga",NA,"50ha, CP","both",NA,"Lambir dataset"
"Diospyros pyrrhocarpa","Ebenaceae","Diospyros","pyrrhocarpa",NA,"50ha","unlogged",NA,"Lambir dataset"
"Diospyros species 1","Ebenaceae","Diospyros","species 1",NA,"50ha","unlogged",NA,"Lambir dataset"
"Diospyros species 2","Ebenaceae","Diospyros","species 2",NA,"50ha","unlogged",NA,"Lambir dataset"
"Diospyros species 3","Ebenaceae","Diospyros","species 3",NA,"50ha","unlogged",NA,"Lambir dataset"
"Diospyros species 4","Ebenaceae","Diospyros","species 4",NA,"50ha","unlogged",NA,"Lambir dataset"
"Diospyros species 6","Ebenaceae","Diospyros","species 6",NA,"50ha","unlogged",NA,"Lambir dataset"
"Diospyros species 7","Ebenaceae","Diospyros","species 7",NA,"50ha","unlogged",NA,"Lambir dataset"
"Diospyros squamifolia ","Ebenaceae","Diospyros","squamifolia ",NA,"50ha","unlogged",NA,"Lambir dataset"
"Diospyros toposia","Ebenaceae","Diospyros","toposia",NA,"50ha, CP","both",NA,"Lambir dataset"
"Diospyros tuberculata","Ebenaceae","Diospyros","tuberculata",NA,"50ha, CP","both",NA,"Lambir dataset"
"Diospyros unknown mixed","Ebenaceae","Diospyros","unknown mixed",NA,"CP","logged",NA,"Lambir dataset"
"Diospyros wallichii","Ebenaceae","Diospyros","wallichii",NA,"50ha","unlogged",NA,"Lambir dataset"
"Discospermum malaccense","Rubiaceae","Discospermum","malaccense",NA,"50ha, CP","both",NA,"Lambir dataset"
"Diplospora unknown mixed","Rubiaceae","Diplospora","unknown mixed",NA,"50ha","unlogged",NA,"Lambir dataset"
"Dipterocarpus applanatus","Dipterocarpaceae","Dipterocarpus","applanatus",NA,"CP","logged",NA,"Lambir dataset"
"Dipterocarpus caudifer","Dipterocarpaceae","Dipterocarpus","caudifer","NaturalRegeneration, ActiveRestoration","CP, IF","logged",NA,"Lambir dataset"
"Dipterocarpus unknown mixed","Dipterocarpaceae","Dipterocarpus","unknown mixed",NA,"CP","logged",NA,"Lambir dataset"
"Dracontomelon costatum","Anacardiaceae","Dracontomelon","costatum",NA,"50ha","unlogged",NA,"Lambir dataset"
"Dracontomelon dao","Anacardiaceae","Dracontomelon","dao",NA,"50ha, CP","both",NA,"Lambir dataset"
"Dracontomelon unknown mixed","Anacardiaceae","Dracontomelon","unknown mixed",NA,"50ha","unlogged",NA,"Lambir dataset"
"Drepananthus havilandii","Annonaceae","Drepananthus","havilandii",NA,"CP","logged",NA,"Lambir dataset"
"Dryobalanops lanceolata","Dipterocarpaceae","Dryobalanops","lanceolata","ActiveRestoration, Unlogged","50ha, CP, IF","both","III","Lambir dataset"
"Drypetes castilloi","Putranjivaceae","Drypetes","castilloi",NA,"50ha, CP","both",NA,"Lambir dataset"
"Drypetes eriocarpa","Putranjivaceae","Drypetes","eriocarpa",NA,"50ha, CP","both",NA,"Lambir dataset"
"Drypetes longifolia","Putranjivaceae","Drypetes","longifolia",NA,"50ha, CP","both",NA,"Lambir dataset"
"Drypetes subcrenata","Putranjivaceae","Drypetes","subcrenata",NA,"50ha","unlogged",NA,"Lambir dataset"
"Drypetes unknown mixed","Putranjivaceae","Drypetes","unknown mixed",NA,"50ha, CP","both",NA,"Lambir dataset"
"Duabanga moluccana","Lythraceae","Duabanga","moluccana",NA,"50ha, CP","both",NA,"Lambir dataset"
"Durio graveolens","Malvaceae","Durio","graveolens",NA,"50ha, CP","both",NA,"Lambir dataset"
"Durio unknown mixed","Malvaceae","Durio","unknown mixed",NA,"50ha, CP","both",NA,"Lambir dataset"
"Prasoxylon alliaceum","Meliaceae","Prasoxylon","alliaceum",NA,"50ha","unlogged",NA,"Lambir dataset"
"Goniocheton arborescens","Meliaceae","Goniocheton","arborescens",NA,"50ha","unlogged",NA,"Lambir dataset"
"Epicharis cumingiana","Meliaceae","Epicharis","cumingiana",NA,"50ha","unlogged",NA,"Lambir dataset"
"Dysoxylum cyrtobotryum","Meliaceae","Dysoxylum","cyrtobotryum",NA,"50ha, CP","both",NA,"Lambir dataset"
"Prasoxylon excelsum","Meliaceae","Prasoxylon","excelsum",NA,"50ha","unlogged",NA,"Lambir dataset"
"Didymocheton gaudichaudianus","Meliaceae","Didymocheton","gaudichaudianus",NA,"50ha","unlogged",NA,"Lambir dataset"
"Dysoxylum grande","Meliaceae","Dysoxylum","grande",NA,"50ha","unlogged",NA,"Lambir dataset"
"Dysoxylum oppositifolium","Meliaceae","Dysoxylum","oppositifolium",NA,"50ha","unlogged",NA,"Lambir dataset"
"Epicharis parasitica","Meliaceae","Epicharis","parasitica",NA,"50ha","unlogged",NA,"Lambir dataset"
"Prasoxylon rigidum","Meliaceae","Prasoxylon","rigidum",NA,"50ha, CP","both",NA,"Lambir dataset"
"Dysoxylum unknown mixed","Meliaceae","Dysoxylum","unknown mixed",NA,"50ha, CP","both",NA,"Lambir dataset"
"Elaeocarpus brunnescens","Elaeocarpaceae","Elaeocarpus","brunnescens",NA,"50ha","unlogged",NA,"Lambir dataset"
"Elaeocarpus stipularis","Elaeocarpaceae","Elaeocarpus","stipularis",NA,"50ha, CP","both",NA,"Lambir dataset"
"Elaeocarpus unknown mixed","Elaeocarpaceae","Elaeocarpus","unknown mixed",NA,"50ha, CP","both",NA,"Lambir dataset"
"Endospermum diadenum","Euphorbiaceae","Endospermum","diadenum",NA,"50ha, CP","both",NA,"Lambir dataset"
"Engelhardia danumensis","Juglandaceae","Engelhardia","danumensis",NA,"50ha","unlogged",NA,"Lambir dataset"
"Erycibe borneensis","Convolvulaceae","Erycibe","borneensis",NA,"50ha, CP","both",NA,"Lambir dataset"
"Erythroxylum cuneatum","Erythroxylaceae","Erythroxylum","cuneatum",NA,"50ha","unlogged",NA,"Lambir dataset"
"Eurycoma longifolia","Simaroubaceae","Eurycoma","longifolia",NA,"50ha","unlogged",NA,"Lambir dataset"
"Eusideroxylon zwageri","Lauraceae","Eusideroxylon","zwageri",NA,"50ha, CP","both",NA,"Lambir dataset"
"Utania cuspidata","Gentianaceae","Utania","cuspidata",NA,"50ha, CP","both",NA,"Lambir dataset"
"Fagraea unknown mixed","Gentianaceae","Fagraea","unknown mixed",NA,"50ha","unlogged",NA,"Lambir dataset"
"Ficus beccarii","Moraceae","Ficus","beccarii",NA,"50ha","unlogged",NA,"Lambir dataset"
"Ficus lepicarpa","Moraceae","Ficus","lepicarpa",NA,"50ha","unlogged",NA,"Lambir dataset"
"Ficus mixed","Moraceae","Ficus","mixed",NA,"50ha","unlogged",NA,"Lambir dataset"
"Ficus obscura","Moraceae","Ficus","obscura",NA,"50ha","unlogged",NA,"Lambir dataset"
"Ficus sinuata","Moraceae","Ficus","sinuata",NA,"50ha","unlogged",NA,"Lambir dataset"
"Ficus species 1","Moraceae","Ficus","species 1",NA,"50ha","unlogged",NA,"Lambir dataset"
"Ficus species 2","Moraceae","Ficus","species 2",NA,"50ha","unlogged",NA,"Lambir dataset"
"Ficus species 3","Moraceae","Ficus","species 3",NA,"50ha","unlogged",NA,"Lambir dataset"
"Ficus species 4","Moraceae","Ficus","species 4",NA,"50ha","unlogged",NA,"Lambir dataset"
"Ficus species 5","Moraceae","Ficus","species 5",NA,"50ha","unlogged",NA,"Lambir dataset"
"Ficus species 6","Moraceae","Ficus","species 6",NA,"50ha","unlogged",NA,"Lambir dataset"
"Ficus species 7","Moraceae","Ficus","species 7",NA,"50ha","unlogged",NA,"Lambir dataset"
"Ficus species 8","Moraceae","Ficus","species 8",NA,"50ha","unlogged",NA,"Lambir dataset"
"Ficus stolonifera","Moraceae","Ficus","stolonifera",NA,"50ha","unlogged",NA,"Lambir dataset"
"Ficus unknown mixed","Moraceae","Ficus","unknown mixed",NA,"CP","logged",NA,"Lambir dataset"
"Ficus variegata","Moraceae","Ficus","variegata",NA,"50ha, CP","both",NA,"Lambir dataset"
"Flacourtia rukam","Salicaceae","Flacourtia","rukam",NA,"50ha","unlogged",NA,"Lambir dataset"
"Fordia brachybotrys","Fabaceae","Fordia","brachybotrys",NA,"50ha, CP","both",NA,"Lambir dataset"
"Fordia splendidissima","Fabaceae","Fordia","splendidissima",NA,"50ha","unlogged",NA,"Lambir dataset"
"Fordia species 1","Fabaceae","Fordia","species 1",NA,"50ha","unlogged",NA,"Lambir dataset"
"Fordia species 3","Fabaceae","Fordia","species 3",NA,"50ha","unlogged",NA,"Lambir dataset"
"Fordia splendidissima","Fabaceae","Fordia","splendidissima",NA,"50ha, CP","both",NA,"Lambir dataset"
"Fordia unknown mixed","Fabaceae","Fordia","unknown mixed",NA,"CP","logged",NA,"Lambir dataset"
"Galearia fulva","Pandaceae","Galearia","fulva",NA,"50ha, CP","both",NA,"Lambir dataset"
"Garcinia nervosa","Clusiaceae","Garcinia","nervosa",NA,"50ha, CP","both",NA,"Lambir dataset"
"Garcinia forbesii","Clusiaceae","Garcinia","forbesii",NA,"50ha, CP","both",NA,"Lambir dataset"
"Garcinia gaudichaudii","Clusiaceae","Garcinia","gaudichaudii",NA,"50ha","unlogged",NA,"Lambir dataset"
"Garcinia parvifolia","Clusiaceae","Garcinia","parvifolia",NA,"50ha","unlogged",NA,"Lambir dataset"
"Garcinia unknown mixed","Clusiaceae","Garcinia","unknown mixed",NA,"CP","logged",NA,"Lambir dataset"
"Gardenia carinata","Rubiaceae","Gardenia","carinata",NA,"50ha","unlogged",NA,"Lambir dataset"
"Gironniera nervosa","Cannabaceae","Gironniera","nervosa",NA,"50ha, CP","both",NA,"Lambir dataset"
"Gironniera species 1","Cannabaceae","Gironniera","species 1",NA,"50ha","unlogged",NA,"Lambir dataset"
"Phyllanthus  borneensis","Phyllanthaceae","Phyllanthus ","borneensis",NA,"50ha","unlogged",NA,"Lambir dataset"
"Glochidion elmeri","Phyllanthaceae","Glochidion","elmeri",NA,"50ha, CP","both",NA,"Lambir dataset"
"Phyyanthus  lancisepalus","Phyllanthaceae","Phyyanthus ","lancisepalus",NA,"50ha, CP","both",NA,"Lambir dataset"
"Glochidion pubicapsa","Phyllanthaceae","Glochidion","pubicapsa",NA,"50ha, CP","both",NA,"Lambir dataset"
"Phyllanthus  subscandens","Phyllanthaceae","Phyllanthus ","subscandens",NA,"50ha, CP","both",NA,"Lambir dataset"
"Glochidion species 1","Phyllanthaceae","Glochidion","species 1",NA,"50ha","unlogged",NA,"Lambir dataset"
"Glochidion species 2","Phyllanthaceae","Glochidion","species 2",NA,"50ha","unlogged",NA,"Lambir dataset"
"Glochidion species 3","Phyllanthaceae","Glochidion","species 3",NA,"50ha","unlogged",NA,"Lambir dataset"
"Glochidion species 4","Phyllanthaceae","Glochidion","species 4",NA,"50ha","unlogged",NA,"Lambir dataset"
"Glochidion species 5","Phyllanthaceae","Glochidion","species 5",NA,"50ha","unlogged",NA,"Lambir dataset"
"Glochidion unknown mixed","Phyllanthaceae","Glochidion","unknown mixed",NA,"50ha, CP","both",NA,"Lambir dataset"
"Glycosmis chlorosperma","Rutaceae","Glycosmis","chlorosperma",NA,"50ha","unlogged",NA,"Lambir dataset"
"Glycosmis macrantha","Rutaceae","Glycosmis","macrantha",NA,"50ha, CP","both",NA,"Lambir dataset"
"Glycosmis unknown mixed","Rutaceae","Glycosmis","unknown mixed",NA,"50ha","unlogged",NA,"Lambir dataset"
"Gomphandra quadrifida","Stemonuraceae","Gomphandra","quadrifida",NA,"50ha","unlogged",NA,"Lambir dataset"
"Goniothalamus gigantifolius","Annonaceae","Goniothalamus","gigantifolius",NA,"50ha","unlogged",NA,"Lambir dataset"
"Goniothalamus species 1","Annonaceae","Goniothalamus","species 1",NA,"50ha","unlogged",NA,"Lambir dataset"
"Goniothalamus species 2","Annonaceae","Goniothalamus","species 2",NA,"50ha","unlogged",NA,"Lambir dataset"
"Goniothalamus species 3","Annonaceae","Goniothalamus","species 3",NA,"50ha","unlogged",NA,"Lambir dataset"
"Goniothalamus uvarioides","Annonaceae","Goniothalamus","uvarioides",NA,"50ha, CP","both",NA,"Lambir dataset"
"Goniothalamus woodii","Annonaceae","Goniothalamus","woodii",NA,"50ha","unlogged",NA,"Lambir dataset"
"Gonocaryum calleryanum","Cardiopteridaceae","Gonocaryum","calleryanum",NA,"50ha","unlogged",NA,"Lambir dataset"
"Gonocaryum macrophyllum","Cardiopteridaceae","Gonocaryum","macrophyllum",NA,"50ha","unlogged",NA,"Lambir dataset"
"Gonystylus keithii","Thymelaeaceae","Gonystylus","keithii",NA,"50ha","unlogged",NA,"Lambir dataset"
"Guioa pleuropteris","Sapindaceae","Guioa","pleuropteris",NA,"50ha, CP","both",NA,"Lambir dataset"
"Hancea penangensis","Euphorbiaceae","Hancea","penangensis",NA,"50ha","unlogged",NA,"Lambir dataset"
"Harpullia arborea","Sapindaceae","Harpullia","arborea",NA,"50ha","unlogged",NA,"Lambir dataset"
"Harpullia species 1","Sapindaceae","Harpullia","species 1",NA,"50ha","unlogged",NA,"Lambir dataset"
"Helicia excelsa","Proteaceae","Helicia","excelsa",NA,"50ha, CP","both",NA,"Lambir dataset"
"Helicia robusta","Proteaceae","Helicia","robusta",NA,"50ha, CP","both",NA,"Lambir dataset"
"Heliciopsis artocarpoides","Proteaceae","Heliciopsis","artocarpoides",NA,"50ha","unlogged",NA,"Lambir dataset"
"Heritiera elata","Malvaceae","Heritiera","elata",NA,"50ha","unlogged",NA,"Lambir dataset"
"Homalium foetidum","Salicaceae","Homalium","foetidum",NA,"50ha","unlogged",NA,"Lambir dataset"
"Hopea ferruginea","Dipterocarpaceae","Hopea","ferruginea",NA,"50ha, CP","both",NA,"Lambir dataset"
"Hopea nervosa","Dipterocarpaceae","Hopea","nervosa",NA,"50ha, CP","both",NA,"Lambir dataset"
"Hopea pentanervia","Dipterocarpaceae","Hopea","pentanervia",NA,"50ha","unlogged",NA,"Lambir dataset"
"Hopea plagata","Dipterocarpaceae","Hopea","plagata",NA,"50ha","unlogged",NA,"Lambir dataset"
"Hopea sangal","Dipterocarpaceae","Hopea","sangal",NA,"50ha, CP","both",NA,"Lambir dataset"
"Hopea unknown mixed","Dipterocarpaceae","Hopea","unknown mixed",NA,"50ha, CP","both",NA,"Lambir dataset"
"Horsfieldia irya","Myristicaceae","Horsfieldia","irya",NA,"50ha","unlogged",NA,"Lambir dataset"
"Horsfieldia polyspherula","Myristicaceae","Horsfieldia","polyspherula",NA,"50ha, CP","both",NA,"Lambir dataset"
"Horsfieldia unknown mixed","Myristicaceae","Horsfieldia","unknown mixed",NA,"50ha","unlogged",NA,"Lambir dataset"
"Huberantha rumphii","Annonaceae","Huberantha","rumphii",NA,"CP","logged",NA,"Lambir dataset"
"Hydnocarpus anomalus","Achariaceae","Hydnocarpus","anomalus",NA,"CP","logged",NA,"Lambir dataset"
"Hydnocarpus borneensis","Achariaceae","Hydnocarpus","borneensis",NA,"50ha, CP","both",NA,"Lambir dataset"
"Hydnocarpus polypetalus","Achariaceae","Hydnocarpus","polypetalus",NA,"50ha","unlogged",NA,"Lambir dataset"
"Hydnocarpus unknown mixed","Achariaceae","Hydnocarpus","unknown mixed",NA,"50ha, CP","both",NA,"Lambir dataset"
"Intsia palembanica","Fabaceae","Intsia","palembanica",NA,"50ha, CP","both",NA,"Lambir dataset"
"Intsia unknown mixed","Fabaceae","Intsia","unknown mixed",NA,"50ha","unlogged",NA,"Lambir dataset"
"Irvingia malayana","Irvingiaceae","Irvingia","malayana",NA,"50ha","unlogged",NA,"Lambir dataset"
"Ixora blumei","Rubiaceae","Ixora","blumei",NA,"50ha, CP","both",NA,"Lambir dataset"
"Ixora brevicaudata","Rubiaceae","Ixora","brevicaudata",NA,"50ha","unlogged",NA,"Lambir dataset"
"Ixora grandifolia","Rubiaceae","Ixora","grandifolia",NA,"50ha, CP","both",NA,"Lambir dataset"
"Ixora unknown mixed","Rubiaceae","Ixora","unknown mixed",NA,"50ha","unlogged",NA,"Lambir dataset"
"Kayea oblongifolia","Calophyllaceae","Kayea","oblongifolia",NA,"50ha","unlogged",NA,"Lambir dataset"
"Kayea unknown mixed","Calophyllaceae","Kayea","unknown mixed",NA,"CP","logged",NA,"Lambir dataset"
"Kibara obtusa","Monimiaceae","Kibara","obtusa",NA,"50ha, CP","both",NA,"Lambir dataset"
"Knema cinerea","Myristicaceae","Knema","cinerea",NA,"50ha","unlogged",NA,"Lambir dataset"
"Knema elmeri","Myristicaceae","Knema","elmeri",NA,"50ha, CP","both",NA,"Lambir dataset"
"Knema furfuracea","Myristicaceae","Knema","furfuracea",NA,"50ha","unlogged",NA,"Lambir dataset"
"Knema glomerata","Myristicaceae","Knema","glomerata",NA,"50ha","unlogged",NA,"Lambir dataset"
"Knema kostermansiana","Myristicaceae","Knema","kostermansiana",NA,"50ha","unlogged",NA,"Lambir dataset"
"Knema latericia","Myristicaceae","Knema","latericia",NA,"50ha, CP","both",NA,"Lambir dataset"
"Knema laurina","Myristicaceae","Knema","laurina",NA,"50ha, CP","both",NA,"Lambir dataset"
"Knema oblongata","Myristicaceae","Knema","oblongata",NA,"50ha","unlogged",NA,"Lambir dataset"
"Knema pectinata","Myristicaceae","Knema","pectinata",NA,"CP","logged",NA,"Lambir dataset"
"Knema pulchra","Myristicaceae","Knema","pulchra",NA,"50ha","unlogged",NA,"Lambir dataset"
"Knema unknown mixed","Myristicaceae","Knema","unknown mixed",NA,"50ha, CP","both",NA,"Lambir dataset"
"Koilodepas laevigatum","Euphorbiaceae","Koilodepas","laevigatum",NA,"50ha","unlogged","III","Lambir dataset"
"Koilodepas longifolium","Euphorbiaceae","Koilodepas","longifolium",NA,"50ha, CP","both",NA,"Lambir dataset"
"Kokoona ochracea","Celastraceae","Kokoona","ochracea",NA,"50ha","unlogged",NA,"Lambir dataset"
"Koompassia excelsa","Fabaceae","Koompassia","excelsa",NA,"50ha, CP","both",NA,"Lambir dataset"
"Kopsia pauciflora","Apocynaceae","Kopsia","pauciflora",NA,"50ha","unlogged",NA,"Lambir dataset"
"Lansium domesticum","Meliaceae","Lansium","domesticum",NA,"50ha, CP","both",NA,"Lambir dataset"
"Lasianthus borneensis","Rubiaceae","Lasianthus","borneensis",NA,"50ha","unlogged",NA,"Lambir dataset"
"Lasianthus reticulatus","Rubiaceae","Lasianthus","reticulatus",NA,"50ha","unlogged",NA,"Lambir dataset"
"Lasianthus species 1","Rubiaceae","Lasianthus","species 1",NA,"50ha","unlogged",NA,"Lambir dataset"
"Lasianthus species 2","Rubiaceae","Lasianthus","species 2",NA,"50ha","unlogged",NA,"Lambir dataset"
"Lasianthus species 3","Rubiaceae","Lasianthus","species 3",NA,"50ha","unlogged",NA,"Lambir dataset"
"Lasianthus unknown mixed","Rubiaceae","Lasianthus","unknown mixed",NA,"50ha","unlogged",NA,"Lambir dataset"
"Leea aculeata","Vitaceae","Leea","aculeata",NA,"50ha, CP","both",NA,"Lambir dataset"
"Leea indica","Vitaceae","Leea","indica",NA,"50ha","unlogged",NA,"Lambir dataset"
"Lepisanthes fruticosa","Sapindaceae","Lepisanthes","fruticosa",NA,"50ha","unlogged",NA,"Lambir dataset"
"Lepisanthes senegalensis","Sapindaceae","Lepisanthes","senegalensis",NA,"50ha, CP","both",NA,"Lambir dataset"
"Lepisanthes tetraphylla","Sapindaceae","Lepisanthes","tetraphylla",NA,"50ha","unlogged",NA,"Lambir dataset"
"Lepisanthes unknown mixed","Sapindaceae","Lepisanthes","unknown mixed",NA,"50ha, CP","both",NA,"Lambir dataset"
"Angelesia splendens","Chrysobalanaceae","Angelesia","splendens",NA,"50ha","unlogged",NA,"Lambir dataset"
"Lithocarpus ewyckii","Fagaceae","Lithocarpus","ewyckii",NA,"50ha, CP","both",NA,"Lambir dataset"
"Lithocarpus gracilis","Fagaceae","Lithocarpus","gracilis",NA,"50ha, CP","both",NA,"Lambir dataset"
"Lithocarpus leptogyne","Fagaceae","Lithocarpus","leptogyne",NA,"50ha, CP","both","III","Lambir dataset"
"Lithocarpus nieuwenhuisii","Fagaceae","Lithocarpus","nieuwenhuisii",NA,"50ha, CP","both",NA,"Lambir dataset"
"Lithocarpus species 1","Fagaceae","Lithocarpus","species 1",NA,"50ha","unlogged",NA,"Lambir dataset"
"Lithocarpus species 2","Fagaceae","Lithocarpus","species 2",NA,"50ha","unlogged",NA,"Lambir dataset"
"Lithocarpus species 3","Fagaceae","Lithocarpus","species 3",NA,"50ha","unlogged",NA,"Lambir dataset"
"Lithocarpus species 4","Fagaceae","Lithocarpus","species 4",NA,"50ha","unlogged",NA,"Lambir dataset"
"Lithocarpus species 5","Fagaceae","Lithocarpus","species 5",NA,"50ha","unlogged",NA,"Lambir dataset"
"Lithocarpus species 6","Fagaceae","Lithocarpus","species 6",NA,"50ha","unlogged",NA,"Lambir dataset"
"Lithocarpus species 7","Fagaceae","Lithocarpus","species 7",NA,"50ha","unlogged",NA,"Lambir dataset"
"Lithocarpus species 8","Fagaceae","Lithocarpus","species 8",NA,"50ha","unlogged",NA,"Lambir dataset"
"Lithocarpus species 9","Fagaceae","Lithocarpus","species 9",NA,"50ha","unlogged",NA,"Lambir dataset"
"Lithocarpus unknown mixed","Fagaceae","Lithocarpus","unknown mixed",NA,"CP","logged",NA,"Lambir dataset"
"Litsea accedens","Lauraceae","Litsea","accedens",NA,"50ha, CP","both",NA,"Lambir dataset"
"Litsea angulata","Lauraceae","Litsea","angulata",NA,"50ha, CP","both",NA,"Lambir dataset"
"Litsea caulocarpa","Lauraceae","Litsea","caulocarpa",NA,"50ha, CP","both",NA,"Lambir dataset"
"Litsea cordata","Lauraceae","Litsea","cordata",NA,"50ha, CP","both",NA,"Lambir dataset"
"Litsea cuprea","Lauraceae","Litsea","cuprea",NA,"50ha","unlogged",NA,"Lambir dataset"
"Litsea curtisii","Lauraceae","Litsea","curtisii",NA,"50ha","unlogged",NA,"Lambir dataset"
"Litsea elliptica","Lauraceae","Litsea","elliptica",NA,"50ha","unlogged",NA,"Lambir dataset"
"Litsea ferruginea","Lauraceae","Litsea","ferruginea",NA,"50ha","unlogged",NA,"Lambir dataset"
"Litsea ficoidea","Lauraceae","Litsea","ficoidea",NA,"50ha","unlogged",NA,"Lambir dataset"
"Litsea fulva","Lauraceae","Litsea","fulva",NA,"50ha, CP","both",NA,"Lambir dataset"
"Litsea garciae","Lauraceae","Litsea","garciae",NA,"50ha, CP","both",NA,"Lambir dataset"
"Litsea grandis","Lauraceae","Litsea","grandis",NA,"50ha, CP","both",NA,"Lambir dataset"
"Litsea ligustrina","Lauraceae","Litsea","ligustrina",NA,"50ha","unlogged",NA,"Lambir dataset"
"Litsea machilifolia","Lauraceae","Litsea","machilifolia",NA,"50ha","unlogged",NA,"Lambir dataset"
"Litsea oppositifolia","Lauraceae","Litsea","oppositifolia",NA,"50ha, CP","both",NA,"Lambir dataset"
"Litsea robusta","Lauraceae","Litsea","robusta",NA,"50ha","unlogged",NA,"Lambir dataset"
"Litsea unknown mixed","Lauraceae","Litsea","unknown mixed",NA,"50ha, CP","both",NA,"Lambir dataset"
"Lophopetalum beccarianum","Celastraceae","Lophopetalum","beccarianum",NA,"50ha, CP","both",NA,"Lambir dataset"
"Lophopetalum javanicum","Celastraceae","Lophopetalum","javanicum",NA,"50ha, CP","both",NA,"Lambir dataset"
"Lophopetalum unknown mixed","Celastraceae","Lophopetalum","unknown mixed",NA,"50ha","unlogged",NA,"Lambir dataset"
"Ludekia borneensis","Rubiaceae","Ludekia","borneensis",NA,"50ha, CP","both",NA,"Lambir dataset"
"Ludekia unknown mixed","Rubiaceae","Ludekia","unknown mixed",NA,"CP","logged",NA,"Lambir dataset"
"Maasia sumatrana","Annonaceae","Maasia","sumatrana",NA,"CP","logged",NA,"Lambir dataset"
"Macaranga conifera","Euphorbiaceae","Macaranga","conifera",NA,"CP","logged",NA,"Lambir dataset"
"Macaranga gigantea","Euphorbiaceae","Macaranga","gigantea",NA,"CP","logged",NA,"Lambir dataset"
"Macaranga hypoleuca","Euphorbiaceae","Macaranga","hypoleuca",NA,"50ha, CP","both",NA,"Lambir dataset"
"Macaranga pearsonii","Euphorbiaceae","Macaranga","pearsonii",NA,"50ha, CP","both",NA,"Lambir dataset"
"Macaranga winkleri","Euphorbiaceae","Macaranga","winkleri",NA,"50ha","unlogged",NA,"Lambir dataset"
"Madhuca elmeri","Sapotaceae","Madhuca","elmeri",NA,"50ha, CP","both",NA,"Lambir dataset"
"Madhuca kingiana","Sapotaceae","Madhuca","kingiana",NA,"50ha, CP","both",NA,"Lambir dataset"
"Madhuca korthalsii","Sapotaceae","Madhuca","korthalsii",NA,"50ha, CP","both",NA,"Lambir dataset"
"Madhuca kunstleri","Sapotaceae","Madhuca","kunstleri",NA,"50ha","unlogged",NA,"Lambir dataset"
"Madhuca mindanaensis","Sapotaceae","Madhuca","mindanaensis",NA,"50ha","unlogged",NA,"Lambir dataset"
"Madhuca unknown mixed","Sapotaceae","Madhuca","unknown mixed",NA,"50ha","unlogged",NA,"Lambir dataset"
"Magnolia beccarii","Magnoliaceae","Magnolia","beccarii",NA,"50ha","unlogged",NA,"Lambir dataset"
"Magnolia acuminata","Magnoliaceae","Magnolia","acuminata",NA,"50ha, CP","both",NA,"Lambir dataset"
"Magnolia gigantifolia","Magnoliaceae","Magnolia","gigantifolia",NA,"50ha, CP","both",NA,"Lambir dataset"
"Mallotus korthalsii","Euphorbiaceae","Mallotus","korthalsii",NA,"50ha, CP","both",NA,"Lambir dataset"
"Mallotus lackeyi","Euphorbiaceae","Mallotus","lackeyi",NA,"50ha, CP","both",NA,"Lambir dataset"
"Mallotus miquelianus","Euphorbiaceae","Mallotus","miquelianus",NA,"50ha","unlogged",NA,"Lambir dataset"
"Hancea penangensis","Euphorbiaceae","Hancea","penangensis",NA,"CP","logged",NA,"Lambir dataset"
"Mallotus species 1","Euphorbiaceae","Mallotus","species 1",NA,"50ha, CP","both",NA,"Lambir dataset"
"Hancea stipularis","Euphorbiaceae","Hancea","stipularis",NA,"CP","logged",NA,"Lambir dataset"
"Mallotus unknown mixed","Euphorbiaceae","Mallotus","unknown mixed",NA,"50ha, CP","both",NA,"Lambir dataset"
"Mallotus wrayi","Euphorbiaceae","Mallotus","wrayi",NA,"50ha, CP","both",NA,"Lambir dataset"
"Mangifera caesia","Anacardiaceae","Mangifera","caesia",NA,"50ha, CP","both",NA,"Lambir dataset"
"Mangifera indica","Anacardiaceae","Mangifera","indica",NA,"50ha","unlogged",NA,"Lambir dataset"
"Mangifera odorata","Anacardiaceae","Mangifera","odorata",NA,"50ha","unlogged",NA,"Lambir dataset"
"Mangifera pajang","Anacardiaceae","Mangifera","pajang",NA,"50ha, CP","both",NA,"Lambir dataset"
"Mangifera rufocostata","Anacardiaceae","Mangifera","rufocostata",NA,"50ha","unlogged",NA,"Lambir dataset"
"Mangifera species 1","Anacardiaceae","Mangifera","species 1",NA,"50ha","unlogged",NA,"Lambir dataset"
"Mangifera swintonioides","Anacardiaceae","Mangifera","swintonioides",NA,"50ha","unlogged",NA,"Lambir dataset"
"Mangifera unknown mixed","Anacardiaceae","Mangifera","unknown mixed",NA,"50ha, CP","both",NA,"Lambir dataset"
"Maranthes corymbosa","Chrysobalanaceae","Maranthes","corymbosa",NA,"50ha","unlogged",NA,"Lambir dataset"
"Marsypopetalum pallidum","Annonaceae","Marsypopetalum","pallidum",NA,"50ha","unlogged",NA,"Lambir dataset"
"Urophyllum  corymbosum","Rubiaceae","Urophyllum ","corymbosum",NA,"CP","logged",NA,"Lambir dataset"
"Mastixia trichotoma","Nyssaceae","Mastixia","trichotoma",NA,"50ha, CP","both",NA,"Lambir dataset"
"Meiogyne virgata","Annonaceae","Meiogyne","virgata",NA,"50ha, CP","both",NA,"Lambir dataset"
"Melanochyla auriculata","Anacardiaceae","Melanochyla","auriculata",NA,"50ha","unlogged",NA,"Lambir dataset"
"Melanochyla beccariana","Anacardiaceae","Melanochyla","beccariana",NA,"50ha, CP","both",NA,"Lambir dataset"
"Melanochyla unknown mixed","Anacardiaceae","Melanochyla","unknown mixed",NA,"50ha","unlogged",NA,"Lambir dataset"
"Melastoma malabathricum","Melastomataceae","Melastoma","malabathricum",NA,"50ha","unlogged",NA,"Lambir dataset"
"Melicope  lunu-ankenda","Rutaceae","Melicope ","lunu-ankenda",NA,"CP","logged",NA,"Lambir dataset"
"Melicope  unknown mixed","Rutaceae","Melicope ","unknown mixed",NA,"CP","logged",NA,"Lambir dataset"
"Meliosma pinnata","Sabiaceae","Meliosma","pinnata",NA,"50ha, CP","both",NA,"Lambir dataset"
"Meliosma sumatrana","Sabiaceae","Meliosma","sumatrana",NA,"50ha, CP","both",NA,"Lambir dataset"
"Memecylon paniculatum","Melastomataceae","Memecylon","paniculatum",NA,"50ha, CP","both",NA,"Lambir dataset"
"Memecylon lilacinum","Melastomataceae","Memecylon","lilacinum",NA,"50ha","unlogged",NA,"Lambir dataset"
"Memecylon oleifolium","Melastomataceae","Memecylon","oleifolium",NA,"50ha","unlogged",NA,"Lambir dataset"
"Memecylon  species 1","Melastomataceae","Memecylon"," species 1",NA,"50ha","unlogged",NA,"Lambir dataset"
"Memecylon species 2","Melastomataceae","Memecylon","species 2",NA,"50ha","unlogged",NA,"Lambir dataset"
"Memecylon species 3","Melastomataceae","Memecylon","species 3",NA,"50ha","unlogged",NA,"Lambir dataset"
"Merope angulata","Rutaceae","Merope","angulata",NA,"50ha","unlogged",NA,"Lambir dataset"
"Kayea borneensis","Calophyllaceae","Kayea","borneensis",NA,"50ha","unlogged",NA,"Lambir dataset"
"Kayea macrantha","Calophyllaceae","Kayea","macrantha",NA,"50ha","unlogged",NA,"Lambir dataset"
"Mesua unknown mixed","Clusiaceae","Mesua","unknown mixed",NA,"50ha","unlogged",NA,"Lambir dataset"
"Microcos antidesmifolia","Malvaceae","Microcos","antidesmifolia",NA,"50ha","unlogged",NA,"Lambir dataset"
"Microcos crassifolia","Malvaceae","Microcos","crassifolia",NA,"50ha, CP","both",NA,"Lambir dataset"
"Microcos fibrocarpa","Malvaceae","Microcos","fibrocarpa",NA,"50ha, CP","both",NA,"Lambir dataset"
"Microcos latistipulata","Malvaceae","Microcos","latistipulata",NA,"50ha, CP","both",NA,"Lambir dataset"
"Microcos ossea","Malvaceae","Microcos","ossea",NA,"50ha, CP","both",NA,"Lambir dataset"
"Microcos unknown mixed","Malvaceae","Microcos","unknown mixed",NA,"50ha, CP","both",NA,"Lambir dataset"
"Mischocarpus pentapetalus","Sapindaceae","Mischocarpus","pentapetalus",NA,"50ha","unlogged",NA,"Lambir dataset"
"Monanthocitrus oblanceolata","Rutaceae","Monanthocitrus","oblanceolata",NA,"50ha","unlogged",NA,"Lambir dataset"
"Monocarpia borneensis","Annonaceae","Monocarpia","borneensis",NA,"50ha","unlogged",NA,"Lambir dataset"
"Monoon erianthoides","Annonaceae","Monoon","erianthoides",NA,"50ha, CP","both",NA,"Lambir dataset"
"Monoon grandiflorum","Annonaceae","Monoon","grandiflorum",NA,"50ha, CP","both",NA,"Lambir dataset"
"Monoon hookerianum","Annonaceae","Monoon","hookerianum",NA,"50ha, CP","both",NA,"Lambir dataset"
"Monoon species 1","Annonaceae","Monoon","species 1",NA,"50ha","unlogged",NA,"Lambir dataset"
"Monoon species 2","Annonaceae","Monoon","species 2",NA,"50ha","unlogged",NA,"Lambir dataset"
"Monoon xanthopetalum","Annonaceae","Monoon","xanthopetalum",NA,"50ha","unlogged",NA,"Lambir dataset"
"Myristica cinnamomea","Myristicaceae","Myristica","cinnamomea",NA,"50ha","unlogged",NA,"Lambir dataset"
"Myrmeconauclea strigosa","Rubiaceae","Myrmeconauclea","strigosa",NA,"50ha","unlogged",NA,"Lambir dataset"
"Nauclea sp1","Rubiaceae","Nauclea","sp1",NA,"CP","logged",NA,"Lambir dataset"
"Nauclea subdita","Rubiaceae","Nauclea","subdita",NA,"CP","logged",NA,"Lambir dataset"
"Nauclea unknown mixed","Rubiaceae","Nauclea","unknown mixed",NA,"50ha, CP","both",NA,"Lambir dataset"
"Neesia synandra","Malvaceae","Neesia","synandra",NA,"50ha, CP","both",NA,"Lambir dataset"
"Neesia unknown mixed","Malvaceae","Neesia","unknown mixed",NA,"CP","logged",NA,"Lambir dataset"
"Neo-Uvaria acuminatissima","Annonaceae","Neo-Uvaria","acuminatissima",NA,"50ha","unlogged",NA,"Lambir dataset"
"Neo-Uvaria unknown mixed","Annonaceae","Neo-Uvaria","unknown mixed",NA,"50ha","unlogged",NA,"Lambir dataset"
"Neo-Uvaria acuminatissima","Annonaceae","Neo-Uvaria","acuminatissima",NA,"CP","logged",NA,"Lambir dataset"
"Neolamarckia cadamba","Rubiaceae","Neolamarckia","cadamba",NA,"50ha, CP","both",NA,"Lambir dataset"
"Neonauclea  gigantea","Rubiaceae","Neonauclea ","gigantea",NA,"CP","logged",NA,"Lambir dataset"
"Neonauclea sp","Rubiaceae","Neonauclea","sp",NA,"CP","logged",NA,"Lambir dataset"
"Neonauclea sp1","Rubiaceae","Neonauclea","sp1",NA,"CP","logged",NA,"Lambir dataset"
"Neoscortechinia kingii","Euphorbiaceae","Neoscortechinia","kingii",NA,"50ha, CP","both",NA,"Lambir dataset"
"Nephelium cuspidatum","Sapindaceae","Nephelium","cuspidatum",NA,"50ha, CP","both",NA,"Lambir dataset"
"Nephelium maingayi","Sapindaceae","Nephelium","maingayi",NA,"50ha, CP","both",NA,"Lambir dataset"
"Nephelium ramboutan-ake","Sapindaceae","Nephelium","ramboutan-ake",NA,"50ha, CP","both",NA,"Lambir dataset"
"Nothaphoebe canescens","Lauraceae","Nothaphoebe","canescens",NA,"50ha, CP","both",NA,"Lambir dataset"
"Nothaphoebe heterophylla","Lauraceae","Nothaphoebe","heterophylla",NA,"50ha","unlogged",NA,"Lambir dataset"
"Nothaphoebe unknown","Lauraceae","Nothaphoebe","unknown",NA,"50ha","unlogged",NA,"Lambir dataset"
"Nothaphoebe umbelliflora","Lauraceae","Nothaphoebe","umbelliflora",NA,"50ha, CP","both",NA,"Lambir dataset"
"Nothaphoebe unknown mixed","Lauraceae","Nothaphoebe","unknown mixed",NA,"CP","logged",NA,"Lambir dataset"
"Nyssa javanica","Nyssaceae","Nyssa","javanica",NA,"50ha","unlogged",NA,"Lambir dataset"
"Ochanostachys amentacea","Olacaceae","Ochanostachys","amentacea",NA,"50ha, CP","both","III","Lambir dataset"
"Octomeles sumatrana","Tetramelaceae","Octomeles","sumatrana",NA,"50ha, CP","both",NA,"Lambir dataset"
"Oreocnide trinervis","Urticaceae","Oreocnide","trinervis",NA,"50ha","unlogged",NA,"Lambir dataset"
"Ormosia bancana","Fabaceae","Ormosia","bancana",NA,"50ha, CP","both",NA,"Lambir dataset"
"Orophea corymbosa","Annonaceae","Orophea","corymbosa",NA,"50ha, CP","both",NA,"Lambir dataset"
"Orophea creaghii","Annonaceae","Orophea","creaghii",NA,"50ha","unlogged",NA,"Lambir dataset"
"Orophea myriantha","Annonaceae","Orophea","myriantha",NA,"50ha, CP","both",NA,"Lambir dataset"
"Palaquium beccarianum","Sapotaceae","Palaquium","beccarianum",NA,"50ha, CP","both",NA,"Lambir dataset"
"Palaquium dasyphyllum","Sapotaceae","Palaquium","dasyphyllum",NA,"50ha, CP","both",NA,"Lambir dataset"
"Palaquium maingayi","Sapotaceae","Palaquium","maingayi",NA,"50ha, CP","both",NA,"Lambir dataset"
"Palaquium sericeum","Sapotaceae","Palaquium","sericeum",NA,"50ha","unlogged",NA,"Lambir dataset"
"Palaquium unknown mixed","Sapotaceae","Palaquium","unknown mixed",NA,"50ha","unlogged",NA,"Lambir dataset"
"Pangium edule","Achariaceae","Pangium","edule",NA,"50ha","unlogged",NA,"Lambir dataset"
"Paranephelium macrophyllum","Sapindaceae","Paranephelium","macrophyllum",NA,"50ha, CP","both",NA,"Lambir dataset"
"Paranephelium xestophyllum","Sapindaceae","Paranephelium","xestophyllum",NA,"50ha, CP","both",NA,"Lambir dataset"
"Parashorea malaanonan","Dipterocarpaceae","Parashorea","malaanonan","ActiveRestoration, NaturalRegeneration, Unlogged","50ha, CP, IF","both",NA,"Lambir dataset"
"Parashorea tomentella","Dipterocarpaceae","Parashorea","tomentella","NaturalRegeneration, Unlogged","50ha, CP, IF","both",NA,"Lambir dataset"
"Parastemon urophyllus","Chrysobalanaceae","Parastemon","urophyllus",NA,"50ha","unlogged",NA,"Lambir dataset"
"Parinari excelsa","Chrysobalanaceae","Parinari","excelsa",NA,"50ha, CP","both",NA,"Lambir dataset"
"Parinari oblongifolia","Chrysobalanaceae","Parinari","oblongifolia",NA,"50ha, CP","both",NA,"Lambir dataset"
"Parinari unknown mixed","Chrysobalanaceae","Parinari","unknown mixed",NA,"50ha, CP","both",NA,"Lambir dataset"
"Parkia speciosa","Fabaceae","Parkia","speciosa",NA,"50ha","unlogged","II","Lambir dataset"
"Parkia unknown mixed","Fabaceae","Parkia","unknown mixed",NA,"CP","logged",NA,"Lambir dataset"
"Pavetta wallichiana","Rubiaceae","Pavetta","wallichiana",NA,"50ha","unlogged",NA,"Lambir dataset"
"Payena Unknown species1","Sapotaceae","Payena","Unknown species1",NA,"50ha","unlogged",NA,"Lambir dataset"
"Payena acuminata","Sapotaceae","Payena","acuminata",NA,"50ha, CP","both",NA,"Lambir dataset"
"Payena microphylla","Sapotaceae","Payena","microphylla",NA,"50ha, CP","both",NA,"Lambir dataset"
"Payena unknown mixed","Sapotaceae","Payena","unknown mixed",NA,"CP","logged",NA,"Lambir dataset"
"Peltophorum racemosum","Fabaceae","Peltophorum","racemosum",NA,"50ha, CP","both",NA,"Lambir dataset"
"Pentace adenophora","Malvaceae","Pentace","adenophora",NA,"50ha, CP","both",NA,"Lambir dataset"
"Pentace laxiflora","Malvaceae","Pentace","laxiflora","NaturalRegeneration, Unlogged","50ha, CP, IF","both",NA,"Lambir dataset"
"Pentace unknown mixed","Malvaceae","Pentace","unknown mixed",NA,"CP","logged",NA,"Lambir dataset"
"Phaeanthus ophthalmicus","Annonaceae","Phaeanthus","ophthalmicus",NA,"50ha","unlogged",NA,"Lambir dataset"
"Phaeanthus splendens","Annonaceae","Phaeanthus","splendens",NA,"50ha, CP","both",NA,"Lambir dataset"
"Phaleria  capitata","Thymelaeaceae","Phaleria ","capitata",NA,"CP","logged",NA,"Lambir dataset"
"Phoebe grandis","Lauraceae","Phoebe","grandis",NA,"50ha","unlogged",NA,"Lambir dataset"
"Planchonia brevistipitata","Lecythidaceae","Planchonia","brevistipitata",NA,"50ha, CP","both",NA,"Lambir dataset"
"Planchonia unknown","Lecythidaceae","Planchonia","unknown",NA,"50ha","unlogged",NA,"Lambir dataset"
"Planchonia unknown mixed","Lecythidaceae","Planchonia","unknown mixed",NA,"CP","logged",NA,"Lambir dataset"
"Planchonia valida","Lecythidaceae","Planchonia","valida",NA,"50ha","unlogged",NA,"Lambir dataset"
"Urophyllum sandahanicum","Rubiaceae","Urophyllum","sandahanicum",NA,"50ha, CP","both",NA,"Lambir dataset"
"Polyalthia borneensis","Annonaceae","Polyalthia","borneensis",NA,"50ha","unlogged",NA,"Lambir dataset"
"Polyalthia cauliflora","Annonaceae","Polyalthia","cauliflora",NA,"50ha, CP","both",NA,"Lambir dataset"
"Polyalthia insignis","Annonaceae","Polyalthia","insignis",NA,"50ha","unlogged",NA,"Lambir dataset"
"Polyalthia microtus","Annonaceae","Polyalthia","microtus",NA,"50ha","unlogged",NA,"Lambir dataset"
"Polyalthia obliqua","Annonaceae","Polyalthia","obliqua",NA,"50ha, CP","both",NA,"Lambir dataset"
"Polyalthia saprosma","Annonaceae","Polyalthia","saprosma",NA,"50ha","unlogged",NA,"Lambir dataset"
"Polyalthia species 3","Annonaceae","Polyalthia","species 3",NA,"50ha","unlogged",NA,"Lambir dataset"
"Polyosma integrifolia","Escalloniaceae","Polyosma","integrifolia",NA,"50ha","unlogged",NA,"Lambir dataset"
"Pometia pinnata","Sapindaceae","Pometia","pinnata",NA,"50ha, CP","both","III","Lambir dataset"
"Popowia hirta","Annonaceae","Popowia","hirta",NA,"50ha","unlogged",NA,"Lambir dataset"
"Popowia odoardi","Annonaceae","Popowia","odoardi",NA,"50ha","unlogged",NA,"Lambir dataset"
"Popowia pisocarpa","Annonaceae","Popowia","pisocarpa",NA,"50ha","unlogged",NA,"Lambir dataset"
"Popowia unknown mixed","Annonaceae","Popowia","unknown mixed",NA,"50ha","unlogged",NA,"Lambir dataset"
"Prainea limpato","Moraceae","Prainea","limpato",NA,"50ha","unlogged",NA,"Lambir dataset"
"Praravinia suberosa","Rubiaceae","Praravinia","suberosa",NA,"50ha","unlogged",NA,"Lambir dataset"
"Praravinia unknown mixed","Rubiaceae","Praravinia","unknown mixed",NA,"50ha","unlogged",NA,"Lambir dataset"
"Praravinia verruculosa","Rubiaceae","Praravinia","verruculosa",NA,"50ha","unlogged",NA,"Lambir dataset"
"Prismatomeris beccariana","Rubiaceae","Prismatomeris","beccariana",NA,"50ha","unlogged",NA,"Lambir dataset"
"Prismatomeris species 1","Rubiaceae","Prismatomeris","species 1",NA,"50ha","unlogged",NA,"Lambir dataset"
"Prunus polystachya","Rosaceae","Prunus","polystachya",NA,"CP","logged",NA,"Lambir dataset"
"Prunus unknown mixed","Rosaceae","Prunus","unknown mixed",NA,"CP","logged",NA,"Lambir dataset"
"Pseuduvaria pamattonis","Annonaceae","Pseuduvaria","pamattonis",NA,"50ha","unlogged",NA,"Lambir dataset"
"Pseuduvaria reticulata","Annonaceae","Pseuduvaria","reticulata",NA,"50ha, CP","both",NA,"Lambir dataset"
"Psychotria species 1","Rubiaceae","Psychotria","species 1",NA,"50ha","unlogged",NA,"Lambir dataset"
"Psychotria species 2","Rubiaceae","Psychotria","species 2",NA,"50ha","unlogged",NA,"Lambir dataset"
"Psydrax dicoccos","Rubiaceae","Psydrax","dicoccos",NA,"50ha, CP","both",NA,"Lambir dataset"
"Pternandra coerulescens","Melastomataceae","Pternandra","coerulescens",NA,"50ha, CP","both",NA,"Lambir dataset"
"Pterospermum javanicum","Malvaceae","Pterospermum","javanicum","ActiveRestoration, Unlogged","50ha, CP, IF","both",NA,"Lambir dataset"
"Pterospermum subpeltatum","Malvaceae","Pterospermum","subpeltatum",NA,"50ha","unlogged",NA,"Lambir dataset"
"Pterospermum unknown mixed","Malvaceae","Pterospermum","unknown mixed",NA,"CP","logged",NA,"Lambir dataset"
"Pterygota alata","Malvaceae","Pterygota","alata",NA,"CP","logged",NA,"Lambir dataset"
"Ptychopyxis arborea","Euphorbiaceae","Ptychopyxis","arborea",NA,"50ha, CP","both",NA,"Lambir dataset"
"Putranjiva roxburghii","Putranjivaceae","Putranjiva","roxburghii",NA,"50ha","unlogged",NA,"Lambir dataset"
"Pyrenaria acuminata","Theaceae","Pyrenaria","acuminata",NA,"50ha","unlogged",NA,"Lambir dataset"
"Quercus argentata","Fagaceae","Quercus","argentata",NA,"50ha","unlogged",NA,"Lambir dataset"
"Quercus unknown mixed","Fagaceae","Quercus","unknown mixed",NA,"50ha","unlogged",NA,"Lambir dataset"
"Reinwardtiodendron humile","Meliaceae","Reinwardtiodendron","humile",NA,"50ha, CP","both",NA,"Lambir dataset"
"Rennellia borneensis","Rubiaceae","Rennellia","borneensis",NA,"50ha","unlogged",NA,"Lambir dataset"
"Rinorea bengalensis","Violaceae","Rinorea","bengalensis",NA,"50ha","unlogged",NA,"Lambir dataset"
"Rinorea congesta","Violaceae","Rinorea","congesta",NA,"50ha","unlogged",NA,"Lambir dataset"
"Rinorea unknown","Violaceae","Rinorea","unknown",NA,"50ha","unlogged",NA,"Lambir dataset"
"Ridsdalea pseudoternifolia","Rubiaceae","Ridsdalea","pseudoternifolia",NA,"50ha, CP","both",NA,"Lambir dataset"
"Ryparosa acuminata","Achariaceae","Ryparosa","acuminata",NA,"50ha, CP","both",NA,"Lambir dataset"
"Ryparosa hullettii","Achariaceae","Ryparosa","hullettii",NA,"50ha, CP","both",NA,"Lambir dataset"
"Ryparosa unknown mixed","Achariaceae","Ryparosa","unknown mixed",NA,"50ha","unlogged",NA,"Lambir dataset"
"Sageraea elliptica","Annonaceae","Sageraea","elliptica",NA,"CP","logged",NA,"Lambir dataset"
"Sageraea lanceolata","Annonaceae","Sageraea","lanceolata",NA,"50ha","unlogged",NA,"Lambir dataset"
"Sageraea sarawakensis","Annonaceae","Sageraea","sarawakensis",NA,"50ha","unlogged",NA,"Lambir dataset"
"Santiria laevigata","Burseraceae","Santiria","laevigata",NA,"50ha, CP","both","IV","Lambir dataset"
"Santiria species 1","Burseraceae","Santiria","species 1",NA,"50ha","unlogged",NA,"Lambir dataset"
"Santiria tomentosa","Burseraceae","Santiria","tomentosa",NA,"50ha, CP","both",NA,"Lambir dataset"
"Saraca declinata","Fabaceae","Saraca","declinata",NA,"50ha","unlogged",NA,"Lambir dataset"
"Saurauia agamae","Actinidiaceae","Saurauia","agamae",NA,"50ha","unlogged",NA,"Lambir dataset"
"Saurauia sp","Actinidiaceae","Saurauia","sp",NA,"50ha","unlogged",NA,"Lambir dataset"
"Saurauia unknown mixed","Actinidiaceae","Saurauia","unknown mixed",NA,"50ha","unlogged",NA,"Lambir dataset"
"Scaphium longiflorum","Malvaceae","Scaphium","longiflorum",NA,"CP","logged",NA,"Lambir dataset"
"Scaphium macropodum","Malvaceae","Scaphium","macropodum",NA,"50ha, CP","both",NA,"Lambir dataset"
"Scaphium unknown mixed","Malvaceae","Scaphium","unknown mixed",NA,"CP","logged",NA,"Lambir dataset"
"Scleropyrum pentandrum","Santalaceae","Scleropyrum","pentandrum",NA,"50ha","unlogged",NA,"Lambir dataset"
"Scorodocarpus borneensis","Olacaceae","Scorodocarpus","borneensis",NA,"50ha, CP","both","II","Lambir dataset"
"Semecarpus bunburyanus","Anacardiaceae","Semecarpus","bunburyanus",NA,"50ha, CP","both",NA,"Lambir dataset"
"Anthoshorea agamae","Dipterocarpaceae","Anthoshorea","agamae",NA,"50ha, CP","both",NA,"Lambir dataset"
"Rubroshorea argentifolia","Dipterocarpaceae","Rubroshorea","argentifolia",NA,"50ha, CP","both",NA,"Lambir dataset"
"Shorea atrinervosa","Dipterocarpaceae","Shorea","atrinervosa",NA,"50ha, CP","both",NA,"Lambir dataset"
"Rubroshorea beccariana","Dipterocarpaceae","Rubroshorea","beccariana",NA,"CP","logged",NA,"Lambir dataset"
"Richetia faguetiana","Dipterocarpaceae","Richetia","faguetiana","Unlogged, ActiveRestoration, NaturalRegeneration","50ha, CP, IF","both",NA,"Lambir dataset"
"Rubroshorea fallax","Dipterocarpaceae","Rubroshorea","fallax","NaturalRegeneration","CP, IF","logged",NA,"Lambir dataset"
"Rubroshorea gibbosa","Dipterocarpaceae","Rubroshorea","gibbosa","ActiveRestoration, NaturalRegeneration, Unlogged","50ha, CP, IF","both",NA,"Lambir dataset"
"Rubroshorea johorensis","Dipterocarpaceae","Rubroshorea","johorensis","ActiveRestoration, NaturalRegeneration, Unlogged","50ha, CP, IF","both",NA,"Lambir dataset"
"Rubroshorea leprosula","Dipterocarpaceae","Rubroshorea","leprosula","ActiveRestoration, Unlogged","50ha, CP, IF","both",NA,"Lambir dataset"
"Shorea leptoderma","Dipterocarpaceae","Shorea","leptoderma",NA,"50ha","unlogged",NA,"Lambir dataset"
"Rubroshorea macrophylla","Dipterocarpaceae","Rubroshorea","macrophylla","ActiveRestoration","CP, IF","logged",NA,"Lambir dataset"
"Rubroshorea macroptera","Dipterocarpaceae","Rubroshorea","macroptera",NA,"CP","logged",NA,"Lambir dataset"
"Rubroshorea mecistopteryx","Dipterocarpaceae","Rubroshorea","mecistopteryx",NA,"CP","logged",NA,"Lambir dataset"
"Rubroshorea ovalis","Dipterocarpaceae","Rubroshorea","ovalis",NA,"CP","logged",NA,"Lambir dataset"
"Rubroshorea ovata","Dipterocarpaceae","Rubroshorea","ovata",NA,"CP","logged",NA,"Lambir dataset"
"Rubroshorea parvifolia","Dipterocarpaceae","Rubroshorea","parvifolia","ActiveRestoration, NaturalRegeneration, Unlogged","50ha, CP, IF","both",NA,"Lambir dataset"
"Rubroshorea pauciflora","Dipterocarpaceae","Rubroshorea","pauciflora","ActiveRestoration, NaturalRegeneration, Unlogged","50ha, CP, IF","both",NA,"Lambir dataset"
"Shorea seminis","Dipterocarpaceae","Shorea","seminis","Unlogged","50ha, CP, IF","both",NA,"Lambir dataset"
"Shorea sp","Dipterocarpaceae","Shorea","sp",NA,"CP","logged",NA,"Lambir dataset"
"Shorea superba","Dipterocarpaceae","Shorea","superba",NA,"50ha, CP","both","V","Lambir dataset"
"Anthoshorea symingtonii","Dipterocarpaceae","Anthoshorea","symingtonii","Unlogged","50ha, IF","unlogged",NA,"Lambir dataset"
"Shorea unknown mixed","Dipterocarpaceae","Shorea","unknown mixed",NA,"50ha, CP","both",NA,"Lambir dataset"
"Sindora irpicina","Fabaceae","Sindora","irpicina",NA,"50ha, CP","both",NA,"Lambir dataset"
"Sloanea javanica","Elaeocarpaceae","Sloanea","javanica",NA,"50ha","unlogged","II","Lambir dataset"
"Spathiostemon javensis","Euphorbiaceae","Spathiostemon","javensis",NA,"50ha, CP","both",NA,"Lambir dataset"
"Stemonurus grandifolius","Stemonuraceae","Stemonurus","grandifolius",NA,"50ha, CP","both",NA,"Lambir dataset"
"Stemonurus malaccensis","Stemonuraceae","Stemonurus","malaccensis",NA,"50ha","unlogged",NA,"Lambir dataset"
"Stemonurus scorpioides","Stemonuraceae","Stemonurus","scorpioides",NA,"50ha, CP","both",NA,"Lambir dataset"
"Stemonurus unknown mixed","Stemonuraceae","Stemonurus","unknown mixed",NA,"50ha, CP","both",NA,"Lambir dataset"
"Sterculia lanceolata","Malvaceae","Sterculia","lanceolata",NA,"50ha","unlogged",NA,"Lambir dataset"
"Sterculia cordata","Malvaceae","Sterculia","cordata",NA,"50ha, CP","both",NA,"Lambir dataset"
"Sterculia rubiginosa","Malvaceae","Sterculia","rubiginosa",NA,"50ha","unlogged",NA,"Lambir dataset"
"Sterculia stipulata","Malvaceae","Sterculia","stipulata",NA,"50ha","unlogged",NA,"Lambir dataset"
"Sterculia unknown mixed","Malvaceae","Sterculia","unknown mixed",NA,"50ha","unlogged",NA,"Lambir dataset"
"Paratrophis glabra","Moraceae","Paratrophis","glabra",NA,"50ha","unlogged",NA,"Lambir dataset"
"Strombosia ceylanica","Olacaceae","Strombosia","ceylanica",NA,"50ha","unlogged",NA,"Lambir dataset"
"Suregada multiflora","Euphorbiaceae","Suregada","multiflora",NA,"50ha","unlogged",NA,"Lambir dataset"
"Sympetalandra unijuga","Fabaceae","Sympetalandra","unijuga",NA,"CP","logged",NA,"Lambir dataset"
"Symplocos fasciculata","Symplocaceae","Symplocos","fasciculata",NA,"50ha, CP","both",NA,"Lambir dataset"
"Symplocos odoratissima","Symplocaceae","Symplocos","odoratissima",NA,"50ha","unlogged",NA,"Lambir dataset"
"Symplocos unknown mixed","Symplocaceae","Symplocos","unknown mixed",NA,"CP","logged",NA,"Lambir dataset"
"Syzygium barringtonioides","Myrtaceae","Syzygium","barringtonioides",NA,"50ha","unlogged",NA,"Lambir dataset"
"Syzygium christmannii","Myrtaceae","Syzygium","christmannii",NA,"50ha","unlogged",NA,"Lambir dataset"
"Syzygium creaghii","Myrtaceae","Syzygium","creaghii",NA,"50ha","unlogged",NA,"Lambir dataset"
"Syzygium elliptilimbum","Myrtaceae","Syzygium","elliptilimbum",NA,"50ha","unlogged",NA,"Lambir dataset"
"Syzygium elopurae","Myrtaceae","Syzygium","elopurae",NA,"50ha","unlogged",NA,"Lambir dataset"
"Syzygium fastigiatum","Myrtaceae","Syzygium","fastigiatum",NA,"50ha","unlogged",NA,"Lambir dataset"
"Syzygium hirtum","Myrtaceae","Syzygium","hirtum",NA,"50ha, CP","both",NA,"Lambir dataset"
"Syzygium imperiale","Myrtaceae","Syzygium","imperiale",NA,"50ha","unlogged",NA,"Lambir dataset"
"Syzygium kiauense","Myrtaceae","Syzygium","kiauense",NA,"50ha","unlogged",NA,"Lambir dataset"
"Syzygium kunstleri","Myrtaceae","Syzygium","kunstleri",NA,"50ha","unlogged",NA,"Lambir dataset"
"Syzygium leptostemon","Myrtaceae","Syzygium","leptostemon",NA,"50ha","unlogged",NA,"Lambir dataset"
"Syzygium panzeri","Myrtaceae","Syzygium","panzeri",NA,"50ha","unlogged",NA,"Lambir dataset"
"Syzygium penibukanense","Myrtaceae","Syzygium","penibukanense",NA,"50ha","unlogged",NA,"Lambir dataset"
"Syzygium pustulatum","Myrtaceae","Syzygium","pustulatum",NA,"50ha","unlogged",NA,"Lambir dataset"
"Syzygium scortechinii","Myrtaceae","Syzygium","scortechinii",NA,"50ha","unlogged",NA,"Lambir dataset"
"Syzygium tawahense","Myrtaceae","Syzygium","tawahense",NA,"50ha","unlogged",NA,"Lambir dataset"
"Syzygium unknown mixed","Myrtaceae","Syzygium","unknown mixed",NA,"50ha, CP","both",NA,"Lambir dataset"
"Tabernaemontana macrocarpa","Apocynaceae","Tabernaemontana","macrocarpa",NA,"50ha","unlogged",NA,"Lambir dataset"
"Tabernaemontana pauciflora","Apocynaceae","Tabernaemontana","pauciflora",NA,"50ha","unlogged",NA,"Lambir dataset"
"Tabernaemontana unknown mixed","Apocynaceae","Tabernaemontana","unknown mixed",NA,"50ha","unlogged",NA,"Lambir dataset"
"unknown unknown","Magnoliaceae","unknown","unknown",NA,"CP","logged",NA,"Lambir dataset"
"unknown unknown mixed","Magnoliaceae","unknown","unknown mixed",NA,"CP","logged",NA,"Lambir dataset"
"Teijsmanniodendron bogoriense","Lamiaceae","Teijsmanniodendron","bogoriense",NA,"50ha","unlogged",NA,"Lambir dataset"
"Teijsmanniodendron pteropodum","Lamiaceae","Teijsmanniodendron","pteropodum",NA,"CP","logged",NA,"Lambir dataset"
"Teijsmanniodendron unknown mixed","Lamiaceae","Teijsmanniodendron","unknown mixed",NA,"CP","logged",NA,"Lambir dataset"
"Terminalia citrina","Combretaceae","Terminalia","citrina",NA,"50ha","unlogged",NA,"Lambir dataset"
"Terminalia ivorensis","Combretaceae","Terminalia","ivorensis",NA,"50ha","unlogged",NA,"Lambir dataset"
"Terminalia phellocarpa","Combretaceae","Terminalia","phellocarpa",NA,"50ha","unlogged",NA,"Lambir dataset"
"Terminalia species 1","Combretaceae","Terminalia","species 1",NA,"50ha","unlogged",NA,"Lambir dataset"
"Terminalia species 2","Combretaceae","Terminalia","species 2",NA,"50ha","unlogged",NA,"Lambir dataset"
"Timonius lasianthoides","Rubiaceae","Timonius","lasianthoides",NA,"50ha","unlogged",NA,"Lambir dataset"
"Timonius wallichianus","Rubiaceae","Timonius","wallichianus",NA,"50ha","unlogged",NA,"Lambir dataset"
"Triomma malaccensis","Burseraceae","Triomma","malaccensis",NA,"50ha, CP","both","IV","Lambir dataset"
"Dalrympelea sphaerocarpa","Staphyleaceae","Dalrympelea","sphaerocarpa",NA,"50ha","unlogged",NA,"Lambir dataset"
"Unknown species 8","Annonaceae","Unknown","species 8",NA,"CP","logged",NA,"Lambir dataset"
"Unknown unknown mixed","Annonaceae","Unknown","unknown mixed",NA,"CP","logged",NA,"Lambir dataset"
"Urophyllum  glabrum","Rubiaceae","Urophyllum ","glabrum",NA,"CP","logged",NA,"Lambir dataset"
"Urophyllum  unknown mixed","Rubiaceae","Urophyllum ","unknown mixed",NA,"CP","logged",NA,"Lambir dataset"
"Vatica albiramis","Dipterocarpaceae","Vatica","albiramis",NA,"50ha, CP","both",NA,"Lambir dataset"
"Vatica chartacea","Dipterocarpaceae","Vatica","chartacea",NA,"50ha","unlogged",NA,"Lambir dataset"
"Vatica dulitensis","Dipterocarpaceae","Vatica","dulitensis",NA,"CP","logged",NA,"Lambir dataset"
"Vatica oblongifolia","Dipterocarpaceae","Vatica","oblongifolia",NA,"50ha","unlogged",NA,"Lambir dataset"
"Vatica sarawakensis","Dipterocarpaceae","Vatica","sarawakensis",NA,"50ha, CP","both",NA,"Lambir dataset"
"Vatica umbonata","Dipterocarpaceae","Vatica","umbonata",NA,"50ha","unlogged",NA,"Lambir dataset"
"Vitex pinnata","Lamiaceae","Vitex","pinnata",NA,"50ha, CP","both",NA,"Lambir dataset"
"Walsura pachycaulon","Meliaceae","Walsura","pachycaulon",NA,"50ha","unlogged",NA,"Lambir dataset"
"Walsura pinnata","Meliaceae","Walsura","pinnata",NA,"50ha, CP","both",NA,"Lambir dataset"
"Walsura species 1","Meliaceae","Walsura","species 1",NA,"50ha","unlogged",NA,"Lambir dataset"
"Xanthophyllum adenotus","Polygalaceae","Xanthophyllum","adenotus",NA,"50ha","unlogged",NA,"Lambir dataset"
"Xanthophyllum flavescens","Polygalaceae","Xanthophyllum","flavescens",NA,"50ha, CP","both",NA,"Lambir dataset"
"Xanthophyllum pachycarpon","Polygalaceae","Xanthophyllum","pachycarpon",NA,"50ha","unlogged",NA,"Lambir dataset"
"Xanthophyllum reticulatum","Polygalaceae","Xanthophyllum","reticulatum",NA,"50ha","unlogged",NA,"Lambir dataset"
"Xanthophyllum species 1","Polygalaceae","Xanthophyllum","species 1",NA,"50ha","unlogged",NA,"Lambir dataset"
"Xanthophyllum species 2","Polygalaceae","Xanthophyllum","species 2",NA,"50ha","unlogged",NA,"Lambir dataset"
"Xanthophyllum species 3","Polygalaceae","Xanthophyllum","species 3",NA,"50ha","unlogged",NA,"Lambir dataset"
"Xanthophyllum species 4","Polygalaceae","Xanthophyllum","species 4",NA,"50ha","unlogged",NA,"Lambir dataset"
"Xanthophyllum species 5","Polygalaceae","Xanthophyllum","species 5",NA,"50ha","unlogged",NA,"Lambir dataset"
"Xanthophyllum species 6","Polygalaceae","Xanthophyllum","species 6",NA,"50ha","unlogged",NA,"Lambir dataset"
"Xanthophyllum species 7","Polygalaceae","Xanthophyllum","species 7",NA,"50ha","unlogged",NA,"Lambir dataset"
"Xanthophyllum unknown mixed","Polygalaceae","Xanthophyllum","unknown mixed",NA,"CP","logged",NA,"Lambir dataset"
"Xanthophyllum vitellinum","Polygalaceae","Xanthophyllum","vitellinum",NA,"50ha","unlogged",NA,"Lambir dataset"
"Xylopia ferruginea","Annonaceae","Xylopia","ferruginea",NA,"50ha, CP","both",NA,"Lambir dataset"
"Ziziphus augustifolia","Rhamnaceae","Ziziphus","augustifolia",NA,"50ha, CP","both",NA,"Lambir dataset"
