"binomial_name","family","genus","species","mean_wood_density_g_cm_3","species_origin","logging_status","history_at_IF_site","history_at_CP_site","reference_wood_density"
"Acranthera frutescens","Rubiaceae","Acranthera","frutescens",NA,"50ha","unlogged",NA,NA,""
"Acranthera velutinervia","Rubiaceae","Acranthera","velutinervia",NA,"50ha","unlogged",NA,NA,""
"Actinodaphne borneensis","Lauraceae","Actinodaphne","borneensis",0.5,"50ha","unlogged",NA,NA,"WDD, TRY"
"Actinodaphne glomerata","Lauraceae","Actinodaphne","glomerata",0.41,"50ha","unlogged",NA,NA,"WDD, TRY"
"Actinodaphne macrophylla","Lauraceae","Actinodaphne","macrophylla",0.59,"50ha","unlogged",NA,NA,"TRY"
"Actinodaphne pruinosa","Lauraceae","Actinodaphne","pruinosa",NA,"50ha","unlogged",NA,NA,""
"Actinodaphne species 1","Lauraceae","Actinodaphne","species 1",NA,"50ha","unlogged",NA,NA,""
"Actinodaphne unknown mixed","Lauraceae","Actinodaphne","unknown mixed",NA,"CP, 50ha","both",NA,"no seedling data, AR, NR",""
"Adenanthera kostermansii","Fabaceae","Adenanthera","kostermansii",NA,"CP, 50ha","both",NA,"AR, NR",""
"Adenanthera malayana","Fabaceae","Adenanthera","malayana",NA,"CP, 50ha","both",NA,"AR",""
"Adinandra unknown mixed","Theaceae","Adinandra","unknown mixed",NA,"CP","logged",NA,"NR",""
"Aglaia angustifolia","Meliaceae","Aglaia","angustifolia",NA,"CP, 50ha","both",NA,"AR",""
"Aglaia argentea","Meliaceae","Aglaia","argentea",0.63,"CP, 50ha","both",NA,"AR, NR","WDD, TRY"
"Aglaia crassinervia","Meliaceae","Aglaia","crassinervia",NA,"50ha","unlogged",NA,NA,""
"Aglaia edulis","Meliaceae","Aglaia","edulis",0.71,"50ha","unlogged",NA,NA,"WDD, TRY"
"Aglaia elliptica","Meliaceae","Aglaia","elliptica",0.66,"50ha","unlogged",NA,NA,"WDD, TRY"
"Aglaia grandis","Meliaceae","Aglaia","grandis",0.68,"50ha","unlogged",NA,NA,"WDD, TRY"
"Aglaia luzoniensis","Meliaceae","Aglaia","luzoniensis",0.67,"50ha","unlogged",NA,NA,"WDD, TRY"
"Aglaia macrocarpa","Meliaceae","Aglaia","macrocarpa",0.56,"50ha","unlogged",NA,NA,"WDD, TRY"
"Aglaia odoratissima","Meliaceae","Aglaia","odoratissima",0.71,"CP, 50ha","both",NA,"AR, NR","WDD, TRY"
"Aglaia oligophylla","Meliaceae","Aglaia","oligophylla",NA,"50ha","unlogged",NA,NA,""
"Aglaia silvestris","Meliaceae","Aglaia","silvestris",0.67,"CP, 50ha","both",NA,"AR, NR","WDD, TRY"
"Aglaia spectabilis","Meliaceae","Aglaia","spectabilis",0.58,"CP, 50ha","both",NA,"AR, NR","WDD, TRY"
"Aglaia tomentosa","Meliaceae","Aglaia","tomentosa",0.7,"CP, 50ha","both",NA,"AR, NR","WDD, TRY"
"Aglaia unknown mixed","Meliaceae","Aglaia","unknown mixed",NA,"CP, 50ha","both",NA,"AR, NR, no seedling data",""
"Alangium javanicum","Cornaceae","Alangium","javanicum",0.75,"CP, 50ha","both",NA,"AR, NR","WDD, TRY"
"Allophylus cobbe","Sapindaceae","Allophylus","cobbe",0.45,"50ha","unlogged",NA,NA,"WDD, TRY"
"Alseodaphne bancana","Lauraceae","Alseodaphne","bancana",0.59,"50ha","unlogged",NA,NA,"WDD, TRY"
"Alseodaphne unknown mixed","Lauraceae","Alseodaphne","unknown mixed",NA,"CP, 50ha","both",NA,"AR",""
"Alstonia angustifolia","Apocynaceae","Alstonia","angustifolia",0.61,"CP, 50ha","both",NA,"NR, AR","WDD, TRY"
"Alstonia iwahigensis","Apocynaceae","Alstonia","iwahigensis",NA,"50ha","unlogged",NA,NA,""
"Anaxagorea javanica","Annonaceae","Anaxagorea","javanica",NA,"50ha","unlogged",NA,NA,""
"Angelesia splendens","Chrysobalanaceae","Angelesia","splendens",NA,"50ha","unlogged",NA,NA,""
"Anisophyllea beccariana","Anisophylleaceae","Anisophyllea","beccariana",0.67,"50ha","unlogged",NA,NA,"WDD, TRY"
"Anisophyllea corneri","Anisophylleaceae","Anisophyllea","corneri",NA,"CP, 50ha","both",NA,"NR, AR",""
"Anisoptera costata","Dipterocarpaceae","Anisoptera","costata",0.6,"CP, 50ha","both",NA,"AR","WDD, TRY"
"Anthoshorea agamae","Dipterocarpaceae","Anthoshorea","agamae",NA,"CP, 50ha","both",NA,"NR, AR",""
"Anthoshorea symingtonii","Dipterocarpaceae","Anthoshorea","symingtonii",NA,"50ha","unlogged",NA,NA,""
"Antiaris toxicaria","Moraceae","Antiaris","toxicaria",0.4,"50ha","unlogged",NA,NA,"WDD, TRY"
"Antidesma leucopodum","Phyllanthaceae","Antidesma","leucopodum",NA,"50ha","unlogged",NA,NA,""
"Antidesma neurocarpum","Phyllanthaceae","Antidesma","neurocarpum",NA,"50ha","unlogged",NA,NA,""
"Antidesma roxburghii","Phyllanthaceae","Antidesma","roxburghii",NA,"50ha","unlogged",NA,NA,""
"Antidesma unknown mixed","Phyllanthaceae","Antidesma","unknown mixed",NA,"CP, 50ha","both",NA,"AR",""
"Aphanamixis borneensis","Meliaceae","Aphanamixis","borneensis",NA,"50ha","unlogged",NA,NA,""
"Aphanamixis unknown mixed","Meliaceae","Aphanamixis","unknown mixed",NA,"50ha","unlogged",NA,NA,""
"Aporosa elmeri","Phyllanthaceae","Aporosa","elmeri",0.6,"CP","logged",NA,"AR, NR","TRY"
"Aporosa falcifera","Phyllanthaceae","Aporosa","falcifera",0.56,"CP","logged",NA,"AR, NR","TRY"
"Aporosa frutescens","Phyllanthaceae","Aporosa","frutescens",NA,"CP","logged",NA,"AR, NR",""
"Aporosa grandistipula","Phyllanthaceae","Aporosa","grandistipula",0.22,"CP","logged",NA,"AR, NR","TRY"
"Aporosa illustris","Phyllanthaceae","Aporosa","illustris",NA,"CP","logged",NA,"NR, AR",""
"Aporusa unknown mixed","Phyllanthaceae","Aporusa","unknown mixed",NA,"CP","logged",NA,"NR, AR",""
"Aquilaria beccariana","Thymelaeaceae","Aquilaria","beccariana",NA,"50ha","unlogged",NA,NA,""
"Archidendron microcarpum","Fabaceae","Archidendron","microcarpum",NA,"50ha","unlogged",NA,NA,""
"Archidendron unknown mixed","Fabaceae","Archidendron","unknown mixed",NA,"50ha","unlogged",NA,NA,""
"Ardisia  colorata","Primulaceae","Ardisia ","colorata",NA,NA,NA,NA,NA,""
"Ardisia  macrophylla","Primulaceae","Ardisia ","macrophylla",NA,NA,NA,NA,NA,""
"Ardisia  unknown mixed","Primulaceae","Ardisia ","unknown mixed",NA,"CP","logged",NA,"AR",""
"Artocarpus anisophyllus","Moraceae","Artocarpus","anisophyllus",0.6,"CP, 50ha","both",NA,"NR","WDD, TRY"
"Artocarpus elasticus","Moraceae","Artocarpus","elasticus",0.38,"CP","logged",NA,"NR","WDD, TRY"
"Artocarpus heterophyllus","Moraceae","Artocarpus","heterophyllus",0.5,"CP","logged",NA,"AR","WDD, TRY"
"Artocarpus unknown mixed","Moraceae","Artocarpus","unknown mixed",NA,"CP","logged",NA,"AR",""
"Atuna excelsa","Chrysobalanaceae","Atuna","excelsa",NA,"CP","logged",NA,"NR",""
"Azadirachta excelsa","Meliaceae","Azadirachta","excelsa",0.52,"CP, 50ha","both",NA,"AR","WDD, TRY"
"Baccaurea edulis","Phyllanthaceae","Baccaurea","edulis",NA,"50ha","unlogged",NA,NA,""
"Baccaurea lanceolata","Phyllanthaceae","Baccaurea","lanceolata",NA,"CP, 50ha","both",NA,"AR, NR",""
"Baccaurea macrocarpa","Phyllanthaceae","Baccaurea","macrocarpa",0.54,"CP, 50ha","both",NA,"no seedling data","WDD, TRY"
"Baccaurea parviflora","Phyllanthaceae","Baccaurea","parviflora",0.72,"50ha","unlogged",NA,NA,"WDD, TRY"
"Baccaurea species 1","Phyllanthaceae","Baccaurea","species 1",NA,"50ha","unlogged",NA,NA,""
"Baccaurea tetrandra","Phyllanthaceae","Baccaurea","tetrandra",NA,"CP, 50ha","both",NA,"AR, NR",""
"Baccaurea unknown mixed","Phyllanthaceae","Baccaurea","unknown mixed",NA,"CP, 50ha","both",NA,"AR, NR",""
"Barringtonia lanceolata","Lecythidaceae ","Barringtonia","lanceolata",NA,"CP, 50ha","both",NA,"AR, NR",""
"Barringtonia macrostachya","Lecythidaceae ","Barringtonia","macrostachya",0.6,"CP, 50ha","both",NA,"AR, NR","WDD, TRY"
"Barringtonia unknown mixed","Lecythidaceae","Barringtonia","unknown mixed",NA,"50ha","unlogged",NA,NA,""
"Beilschmiedia","Lauraceae","Beilschmiedia","",NA,"CP, 50ha","both",NA,"NR",""
"Beilschmiedia Unknown species 1","Lauraceae","Beilschmiedia","Unknown species 1",NA,"50ha","unlogged",NA,NA,""
"Beilschmiedia assamica","Lauraceae","Beilschmiedia","assamica",0.54,"50ha","unlogged",NA,NA,"WDD, TRY"
"Beilschmiedia micrantha","Lauraceae","Beilschmiedia","micrantha",0.38,"CP, 50ha","both",NA,"AR, NR","WDD, TRY"
"Beilschmiedia tawaensis","Lauraceae","Beilschmiedia","tawaensis",NA,"CP, 50ha","both",NA,"AR, NR",""
"Beilschmiedia unknown mixed","Lauraceae","Beilschmiedia","unknown mixed",NA,"CP","logged",NA,"AR, NR",""
"Bhesa paniculata","Centroplacaceae","Bhesa","paniculata",0.66,"50ha","unlogged",NA,NA,"WDD, TRY"
"Blumeodendron kurzii","Euphorbiaceae","Blumeodendron","kurzii",0.54,"CP, 50ha","both",NA,"AR, NR","WDD, TRY"
"Blumeodendron tokbrai","Euphorbiaceae","Blumeodendron","tokbrai",0.58,"CP, 50ha","both",NA,"AR, NR","WDD, TRY"
"Bridelia","Phyllanthaceae","Bridelia","",NA,"50ha","unlogged",NA,NA,""
"Bridelia cinnamomea","Phyllanthaceae","Bridelia","cinnamomea",NA,"50ha","unlogged",NA,NA,""
"Bridelia insulana","Phyllanthaceae","Bridelia","insulana",0.54,"CP, 50ha","both",NA,"no seedling data, AR","WDD, TRY"
"Brownlowia peltata","Malvaceae","Brownlowia","peltata",0.47,"CP, 50ha","both",NA,"NR, AR","WDD, TRY"
"Brownlowia stipulata","Malvaceae","Brownlowia","stipulata",NA,"CP, 50ha","both",NA,"NR",""
"Buchanania arborescens","Anacardiaceae","Buchanania","arborescens",0.46,"50ha","unlogged",NA,NA,"WDD, TRY"
"Buchanania sessilifolia","Anacardiaceae","Buchanania","sessilifolia",0.42,"CP, 50ha","both",NA,"NR","WDD, TRY"
"Buchanania unknown mixed","Anacardiaceae","Buchanania","unknown mixed",NA,"50ha","unlogged",NA,NA,""
"Callicarpa longifolia","Lamiaceae","Callicarpa","longifolia",0.46,"50ha","unlogged",NA,NA,"TRY"
"Callicarpa pentandra","Lamiaceae","Callicarpa","pentandra",0.34,"CP, 50ha","both",NA,"AR, NR","WDD, TRY"
"Callicarpa unknown mixed","Lamiaceae","Callicarpa","unknown mixed",NA,"CP","logged",NA,"AR",""
"Calophyllaceae venulosum","Calophyllaceae","Calophyllaceae","venulosum",NA,"50ha","unlogged",NA,NA,""
"Calophyllum blancoi","Calophyllaceae","Calophyllum","blancoi",0.58,"CP, 50ha","both",NA,"NR, AR","WDD, TRY"
"Calophyllum gracilipes","Calophyllaceae","Calophyllum","gracilipes",NA,"CP, 50ha","both",NA,"AR",""
"Calophyllum pulcherrimum","Calophyllaceae","Calophyllum","pulcherrimum",0.62,"50ha","unlogged",NA,NA,"WDD, TRY"
"Calophyllum soulattri","Calophyllaceae","Calophyllum","soulattri",0.43,"CP, 50ha","both",NA,"NR","WDD, TRY"
"Calophyllum species 1","Clusiaceae","Calophyllum","species 1",NA,"50ha","unlogged",NA,NA,""
"Calophyllum species 2","Clusiaceae","Calophyllum","species 2",NA,"50ha","unlogged",NA,NA,""
"Cananga odorata","Annonaceae","Cananga","odorata",0.33,"50ha","unlogged",NA,NA,"WDD, TRY"
"Canarium decumanum","Burseraceae","Canarium","decumanum",0.34,"CP","logged",NA,"AR, NR","WDD, TRY"
"Canarium denticulatum","Burseraceae","Canarium","denticulatum",0.5,"CP, IF","logged","ActiveRestoration","AR, NR","WDD, TRY"
"Canarium odontophyllum","Burseraceae","Canarium","odontophyllum",0.5,"CP","logged",NA,"AR, NR, no seedling data","WDD, TRY"
"Canarium unknown mixed","Burseraceae","Canarium","unknown mixed",NA,"CP","logged",NA,"AR, NR",""
"Carallia borneensis","Rhizophoraceae","Carallia","borneensis",0.61,"50ha","unlogged",NA,NA,"WDD, TRY"
"Carallia species 1","Rhizophoraceae","Carallia","species 1",NA,"50ha","unlogged",NA,NA,""
"Caryodaphnopsis tonkinensis","Lauraceae","Caryodaphnopsis","tonkinensis",0.49,"CP, 50ha","both",NA,"NR, no seedling data, AR","TRY"
"Casearia grewiifolia","Salicaceae","Casearia","grewiifolia",0.49,"CP, 50ha","both",NA,"AR","WDD, TRY"
"Castanopsis hypophoenicea","Fagaceae","Castanopsis","hypophoenicea",NA,"CP, 50ha","both",NA,"AR, NR",""
"Castanopsis motleyana","Fagaceae","Castanopsis","motleyana",0.64,"CP","logged",NA,"NR","TRY"
"Castanopsis unknown mixed","Fagaceae","Castanopsis","unknown mixed",NA,"50ha","unlogged",NA,NA,""
"Chionanthus curvicarpus","Oleaceae","Chionanthus","curvicarpus",NA,"50ha","unlogged",NA,NA,""
"Chionanthus macrocarpus","Oleaceae","Chionanthus","macrocarpus",0.53,"50ha","unlogged",NA,NA,"TRY"
"Chionanthus pluriflorus","Oleaceae","Chionanthus","pluriflorus",NA,"CP, 50ha","both",NA,"AR, NR",""
"Chionanthus unknown mixed","Oleaceae","Chionanthus","unknown mixed",NA,"CP, 50ha","both",NA,"NR",""
"Chisocheton ceramicus","Meliaceae","Chisocheton","ceramicus",0.43,"50ha","unlogged",NA,NA,"WDD, TRY"
"Chisocheton macranthus","Meliaceae","Chisocheton","macranthus",NA,"CP, 50ha","both",NA,"AR, NR",""
"Chisocheton patens","Meliaceae","Chisocheton","patens",0.48,"CP, 50ha","both",NA,"NR","WDD, TRY"
"Chisocheton pentandrus","Meliaceae","Chisocheton","pentandrus",0.5,"CP, 50ha","both",NA,"AR","WDD, TRY"
"Chisocheton polyandrus","Meliaceae","Chisocheton","polyandrus",NA,"50ha","unlogged",NA,NA,""
"Chisocheton sarawakanus","Meliaceae","Chisocheton","sarawakanus",0.6,"CP, 50ha","both",NA,"AR, NR","WDD, TRY"
"Chisocheton unknown mixed","Meliaceae","Chisocheton","unknown mixed",NA,"CP, 50ha","both",NA,"AR, NR",""
"Cinnamomum iners","Lauraceae","Cinnamomum","iners",0.5,"CP, 50ha","both",NA,"AR","WDD, TRY"
"Cinnamomum racemosum","Lauraceae","Cinnamomum","racemosum",NA,"50ha","unlogged",NA,NA,""
"Cinnamomum unknown mixed","Lauraceae","Cinnamomum","unknown mixed",NA,"CP, 50ha","both",NA,"NR",""
"Clausena excavata","Rutaceae","Clausena","excavata",NA,"CP, 50ha","both",NA,"NR",""
"Clausena unknown","Rutaceae","Clausena","unknown",NA,"50ha","unlogged",NA,NA,""
"Cleistanthus hirsutulus","Phyllanthaceae","Cleistanthus","hirsutulus",NA,"CP, 50ha","both",NA,"AR, NR",""
"Cleistanthus oblongifolius","Phyllanthaceae","Cleistanthus","oblongifolius",0.59,"CP","logged",NA,"NR, AR","TRY"
"Cleistanthus podopyxis","Phyllanthaceae","Cleistanthus","podopyxis",NA,"CP, 50ha","both",NA,"no seedling data, AR",""
"Cleistanthus species 2","Phyllanthaceae","Cleistanthus","species 2",NA,"50ha","unlogged",NA,NA,""
"Cleistanthus unknown mixed","Phyllanthaceae","Cleistanthus","unknown mixed",NA,"CP, 50ha","both",NA,"AR, NR",""
"Coelostegia borneensis","Malvaceae","Coelostegia","borneensis",0.58,"CP, 50ha","both",NA,"AR","WDD, TRY"
"Cowiea borneensis","Rubiaceae","Cowiea","borneensis",NA,"50ha","unlogged",NA,NA,""
"Crateva magna","Capparaceae","Crateva","magna",0.34,"50ha","unlogged",NA,NA,"TRY"
"Cratoxylum cochinchinense","Hypericaceae","Cratoxylum","cochinchinense",0.69,"50ha","unlogged",NA,NA,"WDD, TRY"
"Cratoxylum unknown mixed","Hypericaceae","Cratoxylum","unknown mixed",NA,"CP","logged",NA,"AR, NR",""
"Croton argyratus","Euphorbiaceae","Croton","argyratus",0.66,"CP","logged",NA,"NR","WDD, TRY"
"Croton oblongus","Euphorbiaceae","Croton","oblongus",NA,"50ha","unlogged",NA,NA,""
"Croton unknown mixed","Euphorbiaceae","Croton","unknown mixed",NA,"50ha","unlogged",NA,NA,""
"Crudia bantamensis","Fabacea","Crudia","bantamensis",NA,"50ha","unlogged",NA,NA,""
"Crudia tenuipes","Fabaceae","Crudia","tenuipes",0.86,"CP, 50ha","both",NA,"AR","WDD, TRY"
"Crudia unknown mixed","Fabaceae","Crudia","unknown mixed",NA,"CP","logged",NA,"AR, NR",""
"Crypteronia rubiflora","Crypteroniaceae","Crypteronia","rubiflora",NA,"50ha","unlogged",NA,NA,""
"Cryptocarya ferrea","Lauraceae","Cryptocarya","ferrea",0.64,"CP, 50ha","both",NA,"AR, NR","WDD, TRY"
"Cryptocarya pulchrinervia","Lauraceae","Cryptocarya","pulchrinervia",NA,"CP, 50ha","both",NA,"no seedling data, NR",""
"Cryptocarya strictifolia","Lauraceae","Cryptocarya","strictifolia",NA,"CP","logged",NA,"AR",""
"Cryptocarya teysmanniana","Lauraceae","Cryptocarya","teysmanniana",NA,"50ha","unlogged",NA,NA,""
"Cryptocarya unknown mixed","Lauraceae","Cryptocarya","unknown mixed",NA,"CP","logged",NA,"AR",""
"Cyathocalyx magnifructus","Annonaceae","Cyathocalyx","magnifructus",NA,"CP, 50ha","both",NA,"AR",""
"Cynometra elmeri","Fabaceae","Cynometra","elmeri",NA,"50ha","unlogged",NA,NA,""
"Cynometra mirabilis","Fabaceae","Cynometra","mirabilis",NA,"CP, 50ha","both",NA,"NR",""
"Dacryodes laxa","Burseraceae","Dacryodes","laxa",0.68,"50ha","unlogged",NA,NA,"WDD, TRY"
"Dacryodes rostrata","Burseraceae","Dacryodes","rostrata",0.54,"CP, 50ha","both",NA,"AR","WDD, TRY"
"Dacryodes rugosa","Burseraceae","Dacryodes","rugosa",0.74,"CP, 50ha","both",NA,"AR, NR","WDD, TRY"
"Dacryodes species 1","Burseraceae","Dacryodes","species 1",NA,"50ha","unlogged",NA,NA,""
"Dacryodes unknown mixed","Burseraceae","Dacryodes","unknown mixed",NA,"CP","logged",NA,"AR, NR",""
"Dalrympelea sphaerocarpa","Staphyleaceae","Dalrympelea","sphaerocarpa",0.36,"50ha","unlogged",NA,NA,"TRY"
"Decaspermum parviflorum","Myrtaceae","Decaspermum","parviflorum",NA,"50ha","unlogged",NA,NA,""
"Dehaasia caesia","Lauraceae","Dehaasia","caesia",0.66,"CP, 50ha","both",NA,"AR, NR","WDD, TRY"
"Dehaasia gigantocarpa","Lauraceae","Dehaasia","gigantocarpa",NA,"50ha","unlogged",NA,NA,""
"Dehaasia incrassata","Lauraceae","Dehaasia","incrassata",0.46,"CP, 50ha","both",NA,"AR, NR","WDD, TRY"
"Dehaasia unknown mixed","Lauraceae","Dehaasia","unknown mixed",NA,"CP, 50ha","both",NA,"AR, NR",""
"Dendrocnide elliptica","Urticaceae","Dendrocnide","elliptica",NA,"CP, 50ha","both",NA,"AR, NR",""
"Dendrocnide stimulans","Urticaceae","Dendrocnide","stimulans",NA,"50ha","unlogged",NA,NA,""
"Dendrocnide unknown mixed","Urticaceae","Dendrocnide","unknown mixed",NA,"CP, 50ha","both",NA,"NR",""
"Dialium indum","Fabaceae","Dialium","indum",0.82,"50ha","unlogged",NA,NA,"WDD, TRY"
"Dialium unknown mixed","Fabaceae","Dialium","unknown mixed",NA,"50ha","unlogged",NA,NA,""
"Didymocheton gaudichaudianus","Meliaceae","Didymocheton","gaudichaudianus",NA,"50ha","unlogged",NA,NA,""
"Dillenia borneensis","Dilleniaceae","Dillenia","borneensis",0.61,"50ha","unlogged",NA,NA,"WDD, TRY"
"Dillenia excelsa","Dilleniaceae","Dillenia","excelsa",0.63,"CP, 50ha","both",NA,"NR, AR","WDD, TRY"
"Dillenia species 1","Dilleniaceae","Dillenia","species 1",NA,"CP, 50ha","both",NA,"NR",""
"Dimocarpus dentatus","Sapindaceae","Dimocarpus","dentatus",NA,"CP, 50ha","both",NA,"NR, AR",""
"Dimocarpus fumatus","Sapindaceae","Dimocarpus","fumatus",NA,"50ha","unlogged",NA,NA,""
"Dimocarpus longan","Sapindaceae","Dimocarpus","longan",0.71,"CP, 50ha, IF","both","ActiveRestoration, NaturalRegeneration","AR, NR","WDD, TRY"
"Diospyros andamanica","Ebenaceae","Diospyros","andamanica",0.6,"CP, 50ha","both",NA,"NR, AR","WDD, TRY"
"Diospyros borneensis","Ebenaceae","Diospyros","borneensis",0.55,"50ha","unlogged",NA,NA,"WDD, TRY"
"Diospyros cauliflora","Ebenaceae","Diospyros","cauliflora",0.54,"CP, 50ha","both",NA,"NR, no seedling data, AR","WDD, TRY"
"Diospyros curranii","Ebenaceae","Diospyros","curranii",0.62,"CP, 50ha","both",NA,"AR, NR","WDD, TRY"
"Diospyros daemona","Ebenaceae","Diospyros","daemona",NA,"50ha","unlogged",NA,NA,""
"Diospyros dictyoneura","Ebenaceae","Diospyros","dictyoneura",0.54,"CP, 50ha","both",NA,"NR","TRY"
"Diospyros diepenhorstii","Ebenaceae","Diospyros","diepenhorstii",0.57,"50ha","unlogged",NA,NA,"WDD, TRY"
"Diospyros elliptifolia","Ebenaceae","Diospyros","elliptifolia",NA,"CP, 50ha","both",NA,"AR, NR",""
"Diospyros euphlehia","Ebenaceae","Diospyros","euphlehia",NA,"CP, 50ha","both",NA,"AR",""
"Diospyros frutescens","Ebenaceae","Diospyros","frutescens",NA,"CP, 50ha","both",NA,"NR",""
"Diospyros muricata","Ebenaceae","Diospyros","muricata",NA,"CP, 50ha","both",NA,"AR",""
"Diospyros oblonga","Ebenaceae","Diospyros","oblonga",0.75,"CP, 50ha","both",NA,"AR, NR","WDD, TRY"
"Diospyros peregrina","Ebenaceae","Diospyros","peregrina",0.72,"CP, 50ha","both",NA,"AR, NR","WDD"
"Diospyros pyrrhocarpa","Ebenaceae","Diospyros","pyrrhocarpa",0.64,"50ha","unlogged",NA,NA,"WDD, TRY"
"Diospyros species 1","Ebenaceae","Diospyros","species 1",NA,"50ha","unlogged",NA,NA,""
"Diospyros species 2","Ebenaceae","Diospyros","species 2",NA,"50ha","unlogged",NA,NA,""
"Diospyros species 3","Ebenaceae","Diospyros","species 3",NA,"50ha","unlogged",NA,NA,""
"Diospyros species 4","Ebenaceae","Diospyros","species 4",NA,"50ha","unlogged",NA,NA,""
"Diospyros species 6","Ebenaceae","Diospyros","species 6",NA,"50ha","unlogged",NA,NA,""
"Diospyros species 7","Ebenaceae","Diospyros","species 7",NA,"50ha","unlogged",NA,NA,""
"Diospyros squamifolia","Ebenaceae","Diospyros","squamifolia ",NA,"50ha","unlogged",NA,NA,""
"Diospyros toposia","Ebenaceae","Diospyros","toposia",0.7,"CP, 50ha","both",NA,"NR, AR","WDD, TRY"
"Diospyros tuberculata","Ebenaceae","Diospyros","tuberculata",0.45,"CP, 50ha","both",NA,"NR, AR","WDD, TRY"
"Diospyros unknown mixed","Ebenaceae","Diospyros","unknown mixed",NA,"CP","logged",NA,"AR, NR",""
"Diospyros wallichii","Ebenaceae","Diospyros","wallichii",0.6,"50ha","unlogged",NA,NA,"WDD, TRY"
"Diplospora unknown mixed","Rubiaceae","Diplospora","unknown mixed",NA,"50ha","unlogged",NA,NA,""
"Dipterocarpus applanatus","Dipterocarpaceae","Dipterocarpus","applanatus",0.56,"CP","logged",NA,"AR, NR","WDD, TRY"
"Dipterocarpus caudifer","Dipterocarpaceae","Dipterocarpus","caudifer",NA,"CP, IF","logged","ActiveRestoration, NaturalRegeneration","AR, NR",""
"Dipterocarpus unknown mixed","Dipterocarpaceae","Dipterocarpus","unknown mixed",NA,"CP","logged",NA,"AR, NR",""
"Discospermum malaccense","Rubiaceae","Discospermum","malaccense",NA,"CP, 50ha","both",NA,"AR, NR",""
"Dracontomelon costatum","Anacardiaceae","Dracontomelon","costatum",0.47,"50ha","unlogged",NA,NA,"WDD, TRY"
"Dracontomelon dao","Anacardiaceae","Dracontomelon","dao",0.52,"CP, 50ha","both",NA,"NR","WDD, TRY"
"Dracontomelon unknown mixed","Anacardiaceae","Dracontomelon","unknown mixed",NA,"50ha","unlogged",NA,NA,""
"Drepananthus havilandii","Annonaceae","Drepananthus","havilandii",0.6,"CP","logged",NA,"NR","TRY"
"Dryobalanops lanceolata","Dipterocarpaceae","Dryobalanops","lanceolata",0.58,"CP, 50ha, IF","both","ActiveRestoration","AR, NR, no seedling data","WDD, TRY"
"Drypetes castilloi","Putranjivaceae","Drypetes","castilloi",NA,"CP, 50ha","both",NA,"NR",""
"Drypetes eriocarpa","Putranjivaceae","Drypetes","eriocarpa",NA,"CP, 50ha","both",NA,"AR",""
"Drypetes longifolia","Putranjivaceae","Drypetes","longifolia",0.66,"CP, 50ha","both",NA,"AR, NR, no seedling data","WDD, TRY"
"Drypetes subcrenata","Putranjivaceae","Drypetes","subcrenata",NA,"50ha","unlogged",NA,NA,""
"Drypetes unknown mixed","Putranjivaceae","Drypetes","unknown mixed",NA,"CP, 50ha","both",NA,"AR, NR",""
"Duabanga moluccana","Lythraceae","Duabanga","moluccana",0.33,"CP, 50ha","both",NA,"AR, NR","WDD, TRY"
"Durio graveolens","Malvaceae","Durio","graveolens",0.56,"CP, 50ha","both",NA,"NR","WDD, TRY"
"Durio unknown mixed","Malvaceae","Durio","unknown mixed",NA,"CP, 50ha","both",NA,"AR",""
"Dysoxylum cyrtobotryum","Meliaceae","Dysoxylum","cyrtobotryum",NA,"CP, 50ha","both",NA,"NR, AR",""
"Dysoxylum grande","Meliaceae","Dysoxylum","grande",0.65,"50ha","unlogged",NA,NA,"WDD, TRY"
"Dysoxylum oppositifolium","Meliaceae","Dysoxylum","oppositifolium",0.76,"50ha","unlogged",NA,NA,"WDD, TRY"
"Dysoxylum unknown mixed","Meliaceae","Dysoxylum","unknown mixed",NA,"CP, 50ha","both",NA,"NR, AR",""
"Elaeocarpus brunnescens","Elaeocarpaceae","Elaeocarpus","brunnescens",NA,"50ha","unlogged",NA,NA,""
"Elaeocarpus stipularis","Elaeocarpaceae","Elaeocarpus","stipularis",0.44,"CP, 50ha","both",NA,"NR, AR","WDD, TRY"
"Elaeocarpus unknown mixed","Elaeocarpaceae","Elaeocarpus","unknown mixed",NA,"CP, 50ha","both",NA,"AR",""
"Endospermum diadenum","Euphorbiaceae","Endospermum","diadenum",0.36,"CP, 50ha","both",NA,"AR, NR","WDD, TRY"
"Engelhardia danumensis","Juglandaceae","Engelhardia","danumensis",NA,"50ha","unlogged",NA,NA,""
"Epicharis cumingiana","Meliaceae","Epicharis","cumingiana",NA,"50ha","unlogged",NA,NA,""
"Epicharis parasitica","Meliaceae","Epicharis","parasitica",NA,"50ha","unlogged",NA,NA,""
"Erycibe borneensis","Convolvulaceae","Erycibe","borneensis",NA,"CP, 50ha","both",NA,"NR",""
"Erythroxylum cuneatum","Erythroxylaceae","Erythroxylum","cuneatum",0.7,"50ha","unlogged",NA,NA,"WDD, TRY"
"Eurycoma longifolia","Simaroubaceae","Eurycoma","longifolia",0.5,"50ha","unlogged",NA,NA,"WDD, TRY"
"Eusideroxylon zwageri","Lauraceae","Eusideroxylon","zwageri",0.79,"CP, 50ha","both",NA,"NR","WDD, TRY"
"Fagraea unknown mixed","Gentianaceae","Fagraea","unknown mixed",NA,"50ha","unlogged",NA,NA,""
"Ficus beccarii","Moraceae","Ficus","beccarii",NA,"50ha","unlogged",NA,NA,""
"Ficus lepicarpa","Moraceae","Ficus","lepicarpa",NA,"50ha","unlogged",NA,NA,""
"Ficus mixed","Moraceae","Ficus","mixed",NA,"50ha","unlogged",NA,NA,""
"Ficus obscura","Moraceae","Ficus","obscura",NA,"50ha","unlogged",NA,NA,""
"Ficus sinuata","Moraceae","Ficus","sinuata",NA,"50ha","unlogged",NA,NA,""
"Ficus species 1","Moraceae","Ficus","species 1",NA,"50ha","unlogged",NA,NA,""
"Ficus species 2","Moraceae","Ficus","species 2",NA,"50ha","unlogged",NA,NA,""
"Ficus species 3","Moraceae","Ficus","species 3",NA,"50ha","unlogged",NA,NA,""
"Ficus species 4","Moraceae","Ficus","species 4",NA,"50ha","unlogged",NA,NA,""
"Ficus species 5","Moraceae","Ficus","species 5",NA,"50ha","unlogged",NA,NA,""
"Ficus species 6","Moraceae","Ficus","species 6",NA,"50ha","unlogged",NA,NA,""
"Ficus species 7","Moraceae","Ficus","species 7",NA,"50ha","unlogged",NA,NA,""
"Ficus species 8","Moraceae","Ficus","species 8",NA,"50ha","unlogged",NA,NA,""
"Ficus stolonifera","Moraceae","Ficus","stolonifera",0.39,"50ha","unlogged",NA,NA,"TRY"
"Ficus unknown mixed","Moraceae","Ficus","unknown mixed",NA,"CP","logged",NA,"AR, NR",""
"Ficus variegata","Moraceae","Ficus","variegata",0.34,"CP, 50ha","both",NA,"NR","WDD, TRY"
"Flacourtia rukam","Salicaceae","Flacourtia","rukam",0.75,"50ha","unlogged",NA,NA,"WDD, TRY"
"Fordia brachybotrys","Fabaceae","Fordia","brachybotrys",NA,"CP, 50ha","both",NA,"AR, NR",""
"Fordia species 1","Fabaceae","Fordia","species 1",NA,"50ha","unlogged",NA,NA,""
"Fordia species 3","Fabaceae","Fordia","species 3",NA,"50ha","unlogged",NA,NA,""
"Fordia splendidissima","Fabaceae","Fordia","splendidissima",0.64,"CP, 50ha","both",NA,"AR, NR","WDD, TRY"
"Fordia unknown mixed","Fabaceae","Fordia","unknown mixed",NA,"CP","logged",NA,"NR",""
"Galearia fulva","Pandaceae","Galearia","fulva",NA,"CP, 50ha","both",NA,"AR",""
"Garcinia forbesii","Clusiaceae","Garcinia","forbesii",NA,"CP, 50ha","both",NA,"AR, NR",""
"Garcinia gaudichaudii","Clusiaceae","Garcinia","gaudichaudii",0.72,"50ha","unlogged",NA,NA,"WDD, TRY"
"Garcinia nervosa","Clusiaceae","Garcinia","nervosa",0.78,"CP, 50ha","both",NA,"AR","WDD, TRY"
"Garcinia parvifolia","Clusiaceae","Garcinia","parvifolia",0.47,"50ha","unlogged",NA,NA,"WDD, TRY"
"Garcinia unknown mixed","Clusiaceae","Garcinia","unknown mixed",NA,"CP","logged",NA,"AR",""
"Gardenia carinata","Rubiaceae","Gardenia","carinata",NA,"50ha","unlogged",NA,NA,""
"Gironniera nervosa","Cannabaceae","Gironniera","nervosa",0.45,"CP, 50ha","both",NA,"AR, NR","WDD, TRY"
"Gironniera species 1","Cannabaceae","Gironniera","species 1",NA,"50ha","unlogged",NA,NA,""
"Glochidion elmeri","Phyllanthaceae","Glochidion","elmeri",NA,"CP, 50ha","both",NA,"AR, NR",""
"Glochidion pubicapsa","Phyllanthaceae","Glochidion","pubicapsa",NA,"CP, 50ha","both",NA,"AR",""
"Glochidion species 1","Phyllanthaceae","Glochidion","species 1",NA,"50ha","unlogged",NA,NA,""
"Glochidion species 2","Phyllanthaceae","Glochidion","species 2",NA,"50ha","unlogged",NA,NA,""
"Glochidion species 3","Phyllanthaceae","Glochidion","species 3",NA,"50ha","unlogged",NA,NA,""
"Glochidion species 4","Phyllanthaceae","Glochidion","species 4",NA,"50ha","unlogged",NA,NA,""
"Glochidion species 5","Phyllanthaceae","Glochidion","species 5",NA,"50ha","unlogged",NA,NA,""
"Glochidion unknown mixed","Phyllanthaceae","Glochidion","unknown mixed",NA,"CP, 50ha","both",NA,"AR, NR",""
"Glycosmis chlorosperma","Rutaceae","Glycosmis","chlorosperma",NA,"50ha","unlogged",NA,NA,""
"Glycosmis macrantha","Rutaceae","Glycosmis","macrantha",NA,"CP, 50ha","both",NA,"AR",""
"Glycosmis unknown mixed","Rutaceae","Glycosmis","unknown mixed",NA,"50ha","unlogged",NA,NA,""
"Gomphandra quadrifida","Stemonuraceae","Gomphandra","quadrifida",NA,"50ha","unlogged",NA,NA,""
"Goniocheton arborescens","Meliaceae","Goniocheton","arborescens",NA,"50ha","unlogged",NA,NA,""
"Goniothalamus gigantifolius","Annonaceae","Goniothalamus","gigantifolius",NA,"50ha","unlogged",NA,NA,""
"Goniothalamus species 1","Annonaceae","Goniothalamus","species 1",NA,"50ha","unlogged",NA,NA,""
"Goniothalamus species 2","Annonaceae","Goniothalamus","species 2",NA,"50ha","unlogged",NA,NA,""
"Goniothalamus species 3","Annonaceae","Goniothalamus","species 3",NA,"50ha","unlogged",NA,NA,""
"Goniothalamus uvarioides","Annonaceae","Goniothalamus","uvarioides",NA,"CP, 50ha","both",NA,"NR",""
"Goniothalamus woodii","Annonaceae","Goniothalamus","woodii",NA,"50ha","unlogged",NA,NA,""
"Gonocaryum calleryanum","Cardiopteridaceae","Gonocaryum","calleryanum",0.67,"50ha","unlogged",NA,NA,"WDD, TRY"
"Gonocaryum macrophyllum","Cardiopteridaceae","Gonocaryum","macrophyllum",NA,"50ha","unlogged",NA,NA,""
"Gonystylus keithii","Thymelaeaceae","Gonystylus","keithii",0.52,"50ha","unlogged",NA,NA,"WDD, TRY"
"Guioa pleuropteris","Sapindaceae","Guioa","pleuropteris",NA,"CP, 50ha","both",NA,"NR, AR",""
"Hancea penangensis","Euphorbiaceae","Hancea","penangensis",0.54,"50ha, CP","both",NA,"AR, NR","TRY"
"Hancea stipularis","Euphorbiaceae","Hancea","stipularis",0.58,"CP","logged",NA,"AR, NR","TRY"
"Harpullia arborea","Sapindaceae","Harpullia","arborea",0.54,"50ha","unlogged",NA,NA,"WDD, TRY"
"Harpullia species 1","Sapindaceae","Harpullia","species 1",NA,"50ha","unlogged",NA,NA,""
"Helicia excelsa","Proteaceae","Helicia","excelsa",0.56,"CP, 50ha","both",NA,"AR, NR","WDD, TRY"
"Helicia robusta","Proteaceae","Helicia","robusta",NA,"CP, 50ha","both",NA,"AR",""
"Heliciopsis artocarpoides","Proteaceae","Heliciopsis","artocarpoides",0.55,"50ha","unlogged",NA,NA,"WDD, TRY"
"Heritiera elata","Malvaceae","Heritiera","elata",0.7,"50ha","unlogged",NA,NA,"WDD, TRY"
"Homalium foetidum","Salicaceae","Homalium","foetidum",0.73,"50ha","unlogged",NA,NA,"WDD, TRY"
"Hopea ferruginea","Dipterocarpaceae","Hopea","ferruginea",0.6,"CP, 50ha","both",NA,"AR","WDD, TRY"
"Hopea nervosa","Dipterocarpaceae","Hopea","nervosa",0.61,"CP, 50ha","both",NA,"AR, NR","WDD, TRY"
"Hopea pentanervia","Dipterocarpaceae","Hopea","pentanervia",0.93,"50ha","unlogged",NA,NA,"WDD, TRY"
"Hopea plagata","Dipterocarpaceae","Hopea","plagata",0.71,"50ha","unlogged",NA,NA,"WDD, TRY"
"Hopea sangal","Dipterocarpaceae","Hopea","sangal",0.6,"CP, 50ha","both",NA,"AR, NR","TRY"
"Hopea unknown mixed","Dipterocarpaceae","Hopea","unknown mixed",NA,"CP, 50ha","both",NA,"NR, AR",""
"Horsfieldia irya","Myristicaceae","Horsfieldia","irya",0.41,"50ha","unlogged",NA,NA,"WDD, TRY"
"Horsfieldia polyspherula","Myristicaceae","Horsfieldia","polyspherula",NA,"CP, 50ha","both",NA,"NR",""
"Horsfieldia unknown mixed","Myristicaceae","Horsfieldia","unknown mixed",NA,"50ha","unlogged",NA,NA,""
"Huberantha rumphii","Annonaceae","Huberantha","rumphii",0.62,"CP","logged",NA,"AR, NR","TRY"
"Hydnocarpus anomalus","Achariaceae","Hydnocarpus","anomalus",NA,"CP","logged",NA,"AR, NR",""
"Hydnocarpus borneensis","Achariaceae","Hydnocarpus","borneensis",NA,"CP, 50ha","both",NA,"AR, NR",""
"Hydnocarpus polypetalus","Achariaceae","Hydnocarpus","polypetalus",0.55,"50ha","unlogged",NA,NA,"WDD, TRY"
"Hydnocarpus unknown mixed","Achariaceae","Hydnocarpus","unknown mixed",NA,"CP, 50ha","both",NA,"NR",""
"Intsia palembanica","Fabaceae","Intsia","palembanica",0.66,"CP, 50ha","both",NA,"NR, AR","WDD, TRY"
"Intsia unknown mixed","Fabaceae","Intsia","unknown mixed",NA,"50ha","unlogged",NA,NA,""
"Irvingia malayana","Irvingiaceae","Irvingia","malayana",0.88,"50ha","unlogged",NA,NA,"WDD, TRY"
"Ixora blumei","Rubiaceae","Ixora","blumei",0.72,"CP, 50ha","both",NA,"NR, AR","WDD, TRY"
"Ixora brevicaudata","Rubiaceae","Ixora","brevicaudata",NA,"50ha","unlogged",NA,NA,""
"Ixora grandifolia","Rubiaceae","Ixora","grandifolia",0.69,"CP, 50ha","both",NA,"AR","WDD, TRY"
"Ixora unknown mixed","Rubiaceae","Ixora","unknown mixed",NA,"50ha","unlogged",NA,NA,""
"Kayea borneensis","Calophyllaceae","Kayea","borneensis",NA,"50ha","unlogged",NA,NA,""
"Kayea macrantha","Calophyllaceae","Kayea","macrantha",NA,"50ha","unlogged",NA,NA,""
"Kayea oblongifolia","Calophyllaceae","Kayea","oblongifolia",NA,"50ha","unlogged",NA,NA,""
"Kayea unknown mixed","Calophyllaceae","Kayea","unknown mixed",NA,"CP","logged",NA,"NR",""
"Kibara obtusa","Monimiaceae","Kibara","obtusa",NA,"CP, 50ha","both",NA,"AR",""
"Knema cinerea","Myristicaceae","Knema","cinerea",NA,"50ha","unlogged",NA,NA,""
"Knema elmeri","Myristicaceae","Knema","elmeri",NA,"CP, 50ha","both",NA,"AR, NR",""
"Knema furfuracea","Myristicaceae","Knema","furfuracea",0.55,"50ha","unlogged",NA,NA,"WDD, TRY"
"Knema glomerata","Myristicaceae","Knema","glomerata",0.52,"50ha","unlogged",NA,NA,"WDD"
"Knema kostermansiana","Myristicaceae","Knema","kostermansiana",NA,"50ha","unlogged",NA,NA,""
"Knema latericia","Myristicaceae","Knema","latericia",NA,"CP, 50ha","both",NA,"AR, NR",""
"Knema laurina","Myristicaceae","Knema","laurina",0.47,"CP, 50ha","both",NA,"AR, NR","WDD, TRY"
"Knema oblongata","Myristicaceae","Knema","oblongata",0.57,"50ha","unlogged",NA,NA,"WDD, TRY"
"Knema pectinata","Myristicaceae","Knema","pectinata",NA,"CP","logged",NA,"NR",""
"Knema pulchra","Myristicaceae","Knema","pulchra",NA,"50ha","unlogged",NA,NA,""
"Knema unknown mixed","Myristicaceae","Knema","unknown mixed",NA,"CP, 50ha","both",NA,"AR",""
"Koilodepas laevigatum","Euphorbiaceae","Koilodepas","laevigatum",NA,"50ha","unlogged",NA,NA,""
"Koilodepas longifolium","Euphorbiaceae","Koilodepas","longifolium",NA,"CP, 50ha","both",NA,"AR, NR",""
"Kokoona ochracea","Celastraceae","Kokoona","ochracea",NA,"50ha","unlogged",NA,NA,""
"Koompassia excelsa","Fabaceae","Koompassia","excelsa",0.69,"CP, 50ha","both",NA,"AR, NR","WDD, TRY"
"Kopsia pauciflora","Apocynaceae","Kopsia","pauciflora",NA,"50ha","unlogged",NA,NA,""
"Lansium domesticum","Meliaceae","Lansium","domesticum",0.77,"CP, 50ha","both",NA,"NR, no seedling data, AR","WDD, TRY"
"Lasianthus borneensis","Rubiaceae","Lasianthus","borneensis",NA,"50ha","unlogged",NA,NA,""
"Lasianthus reticulatus","Rubiaceae","Lasianthus","reticulatus",NA,"50ha","unlogged",NA,NA,""
"Lasianthus species 1","Rubiaceae","Lasianthus","species 1",NA,"50ha","unlogged",NA,NA,""
"Lasianthus species 2","Rubiaceae","Lasianthus","species 2",NA,"50ha","unlogged",NA,NA,""
"Lasianthus species 3","Rubiaceae","Lasianthus","species 3",NA,"50ha","unlogged",NA,NA,""
"Lasianthus unknown mixed","Rubiaceae","Lasianthus","unknown mixed",NA,"50ha","unlogged",NA,NA,""
"Leea aculeata","Vitaceae","Leea","aculeata",NA,"CP, 50ha","both",NA,"NR, AR",""
"Leea indica","Vitaceae","Leea","indica",0.48,"50ha","unlogged",NA,NA,"WDD, TRY"
"Lepisanthes fruticosa","Sapindaceae","Lepisanthes","fruticosa",NA,"50ha","unlogged",NA,NA,""
"Lepisanthes senegalensis","Sapindaceae","Lepisanthes","senegalensis",0.63,"CP, 50ha","both",NA,"AR, NR","WDD, TRY"
"Lepisanthes tetraphylla","Sapindaceae","Lepisanthes","tetraphylla",0.81,"50ha","unlogged",NA,NA,"WDD, TRY"
"Lepisanthes unknown mixed","Sapindaceae","Lepisanthes","unknown mixed",NA,"CP, 50ha","both",NA,"NR",""
"Lithocarpus ewyckii","Fagaceae","Lithocarpus","ewyckii",NA,"CP, 50ha","both",NA,"AR, NR",""
"Lithocarpus gracilis","Fagaceae","Lithocarpus","gracilis",0.49,"CP, 50ha","both",NA,"AR, NR","WDD, TRY"
"Lithocarpus leptogyne","Fagaceae","Lithocarpus","leptogyne",NA,"CP, 50ha","both",NA,"AR, NR",""
"Lithocarpus nieuwenhuisii","Fagaceae","Lithocarpus","nieuwenhuisii",NA,"CP, 50ha","both",NA,"AR, NR",""
"Lithocarpus species 1","Fagaceae","Lithocarpus","species 1",NA,"50ha","unlogged",NA,NA,""
"Lithocarpus species 2","Fagaceae","Lithocarpus","species 2",NA,"50ha","unlogged",NA,NA,""
"Lithocarpus species 3","Fagaceae","Lithocarpus","species 3",NA,"50ha","unlogged",NA,NA,""
"Lithocarpus species 4","Fagaceae","Lithocarpus","species 4",NA,"50ha","unlogged",NA,NA,""
"Lithocarpus species 5","Fagaceae","Lithocarpus","species 5",NA,"50ha","unlogged",NA,NA,""
"Lithocarpus species 6","Fagaceae","Lithocarpus","species 6",NA,"50ha","unlogged",NA,NA,""
"Lithocarpus species 7","Fagaceae","Lithocarpus","species 7",NA,"50ha","unlogged",NA,NA,""
"Lithocarpus species 8","Fagaceae","Lithocarpus","species 8",NA,"50ha","unlogged",NA,NA,""
"Lithocarpus species 9","Fagaceae","Lithocarpus","species 9",NA,"50ha","unlogged",NA,NA,""
"Lithocarpus unknown mixed","Fagaceae","Lithocarpus","unknown mixed",NA,"CP","logged",NA,"AR, NR, no seedling data",""
"Litsea accedens","Lauraceae","Litsea","accedens",0.42,"CP, 50ha","both",NA,"AR, NR","WDD, TRY"
"Litsea angulata","Lauraceae","Litsea","angulata",0.36,"CP, 50ha","both",NA,"AR, NR","WDD, TRY"
"Litsea caulocarpa","Lauraceae","Litsea","caulocarpa",NA,"CP, 50ha","both",NA,"AR, NR",""
"Litsea cordata","Lauraceae","Litsea","cordata",0.36,"CP, 50ha","both",NA,"NR","WDD, TRY"
"Litsea cuprea","Lauraceae","Litsea","cuprea",NA,"50ha","unlogged",NA,NA,""
"Litsea curtisii","Lauraceae","Litsea","curtisii",0.32,"50ha","unlogged",NA,NA,"WDD, TRY"
"Litsea elliptica","Lauraceae","Litsea","elliptica",0.45,"50ha","unlogged",NA,NA,"WDD"
"Litsea ferruginea","Lauraceae","Litsea","ferruginea",0.45,"50ha","unlogged",NA,NA,"WDD, TRY"
"Litsea ficoidea","Lauraceae","Litsea","ficoidea",NA,"50ha","unlogged",NA,NA,""
"Litsea fulva","Lauraceae","Litsea","fulva",0.51,"CP, 50ha","both",NA,"AR","WDD, TRY"
"Litsea garciae","Lauraceae","Litsea","garciae",0.36,"CP, 50ha","both",NA,"NR, AR","WDD, TRY"
"Litsea grandis","Lauraceae","Litsea","grandis",0.43,"CP, 50ha","both",NA,"NR, AR","WDD, TRY"
"Litsea ligustrina","Lauraceae","Litsea","ligustrina",0.55,"50ha","unlogged",NA,NA,"TRY"
"Litsea machilifolia","Lauraceae","Litsea","machilifolia",0.33,"50ha","unlogged",NA,NA,"WDD, TRY"
"Litsea oppositifolia","Lauraceae","Litsea","oppositifolia",0.51,"CP, 50ha","both",NA,"AR, no seedling data","WDD, TRY"
"Litsea robusta","Lauraceae","Litsea","robusta",0.37,"50ha","unlogged",NA,NA,"WDD, TRY"
"Litsea unknown mixed","Lauraceae","Litsea","unknown mixed",NA,"CP, 50ha","both",NA,"AR, NR",""
"Lophopetalum beccarianum","Celastraceae","Lophopetalum","beccarianum",0.51,"CP, 50ha","both",NA,"NR","WDD, TRY"
"Lophopetalum javanicum","Celastraceae","Lophopetalum","javanicum",0.48,"CP, 50ha","both",NA,"AR, NR","TRY"
"Lophopetalum unknown mixed","Celastraceae","Lophopetalum","unknown mixed",NA,"50ha","unlogged",NA,NA,""
"Ludekia borneensis","Rubiaceae","Ludekia","borneensis",NA,"CP, 50ha","both",NA,"AR, NR",""
"Ludekia unknown mixed","Rubiaceae","Ludekia","unknown mixed",NA,"CP","logged",NA,"NR",""
"Maasia sumatrana","Annonaceae","Maasia","sumatrana",0.52,"CP","logged",NA,"AR, NR","TRY"
"Macaranga conifera","Euphorbiaceae","Macaranga","conifera",0.33,"CP","logged",NA,"AR","WDD, TRY"
"Macaranga gigantea","Euphorbiaceae","Macaranga","gigantea",0.3,"CP","logged",NA,"AR, NR","WDD, TRY"
"Macaranga hypoleuca","Euphorbiaceae","Macaranga","hypoleuca",0.27,"CP, 50ha","both",NA,"AR, NR","WDD, TRY"
"Macaranga pearsonii","Euphorbiaceae","Macaranga","pearsonii",NA,"CP, 50ha","both",NA,"AR, NR",""
"Macaranga winkleri","Euphorbiaceae","Macaranga","winkleri",0.39,"50ha","unlogged",NA,NA,"TRY"
"Madhuca elmeri","Sapotaceae","Madhuca","elmeri",NA,"CP, 50ha","both",NA,"NR",""
"Madhuca kingiana","Sapotaceae","Madhuca","kingiana",0.61,"CP, 50ha","both",NA,"AR, NR","WDD, TRY"
"Madhuca korthalsii","Sapotaceae","Madhuca","korthalsii",0.54,"CP, 50ha","both",NA,"AR, NR","WDD, TRY"
"Madhuca kunstleri","Sapotaceae","Madhuca","kunstleri",NA,"50ha","unlogged",NA,NA,""
"Madhuca mindanaensis","Sapotaceae","Madhuca","mindanaensis",NA,"50ha","unlogged",NA,NA,""
"Madhuca unknown mixed","Sapotaceae","Madhuca","unknown mixed",NA,"50ha","unlogged",NA,NA,""
"Magnolia acuminata","Magnoliaceae","Magnolia","acuminata",0.48,"CP, 50ha","both",NA,"AR, NR","WDD, TRY"
"Magnolia beccarii","Magnoliaceae","Magnolia","beccarii",NA,"50ha","unlogged",NA,NA,""
"Magnolia gigantifolia","Magnoliaceae","Magnolia","gigantifolia",0.56,"CP, 50ha","both",NA,"NR, AR","WDD, TRY"
"Mallotus korthalsii","Euphorbiaceae","Mallotus","korthalsii",NA,"CP, 50ha","both",NA,"AR, NR",""
"Mallotus lackeyi","Euphorbiaceae","Mallotus","lackeyi",NA,"CP, 50ha","both",NA,"AR",""
"Mallotus miquelianus","Euphorbiaceae","Mallotus","miquelianus",NA,"50ha","unlogged",NA,NA,""
"Mallotus species 1","Euphorbiaceae","Mallotus","species 1",NA,"CP, 50ha","both",NA,"AR, NR, no seedling data",""
"Mallotus unknown mixed","Euphorbiaceae","Mallotus","unknown mixed",NA,"CP, 50ha","both",NA,"AR",""
"Mallotus wrayi","Euphorbiaceae","Mallotus","wrayi",NA,"CP, 50ha","both",NA,"AR, NR",""
"Mangifera caesia","Anacardiaceae","Mangifera","caesia",0.41,"CP, 50ha","both",NA,"AR, NR","WDD, TRY"
"Mangifera indica","Anacardiaceae","Mangifera","indica",0.54,"50ha","unlogged",NA,NA,"WDD, TRY"
"Mangifera odorata","Anacardiaceae","Mangifera","odorata",0.48,"50ha","unlogged",NA,NA,"WDD, TRY"
"Mangifera pajang","Anacardiaceae","Mangifera","pajang",0.49,"CP, 50ha","both",NA,"AR","WDD, TRY"
"Mangifera rufocostata","Anacardiaceae","Mangifera","rufocostata",NA,"50ha","unlogged",NA,NA,""
"Mangifera species 1","Anacardiaceae","Mangifera","species 1",NA,"50ha","unlogged",NA,NA,""
"Mangifera swintonioides","Anacardiaceae","Mangifera","swintonioides",NA,"50ha","unlogged",NA,NA,""
"Mangifera unknown mixed","Anacardiaceae","Mangifera","unknown mixed",NA,"CP, 50ha","both",NA,"AR, NR",""
"Maranthes corymbosa","Chrysobalanaceae","Maranthes","corymbosa",0.8,"50ha","unlogged",NA,NA,"WDD, TRY"
"Marsypopetalum pallidum","Annonaceae","Marsypopetalum","pallidum",NA,"50ha","unlogged",NA,NA,""
"Mastixia trichotoma","Nyssaceae","Mastixia","trichotoma",0.39,"CP, 50ha","both",NA,"AR, NR","WDD, TRY"
"Meiogyne virgata","Annonaceae","Meiogyne","virgata",NA,"CP, 50ha","both",NA,"NR, no seedling data, AR",""
"Melanochyla auriculata","Anacardiaceae","Melanochyla","auriculata",0.58,"50ha","unlogged",NA,NA,"WDD, TRY"
"Melanochyla beccariana","Anacardiaceae","Melanochyla","beccariana",NA,"CP, 50ha","both",NA,"NR",""
"Melanochyla unknown mixed","Anacardiaceae","Melanochyla","unknown mixed",NA,"50ha","unlogged",NA,NA,""
"Melastoma malabathricum","Melastomataceae","Melastoma","malabathricum",0.45,"50ha","unlogged",NA,NA,"WDD, TRY"
"Melicope  lunu-ankenda","Rutaceae","Melicope ","lunu-ankenda",NA,NA,NA,NA,NA,""
"Melicope  unknown mixed","Rutaceae","Melicope ","unknown mixed",NA,NA,NA,NA,NA,""
"Meliosma pinnata","Sabiaceae","Meliosma","pinnata",0.32,"CP, 50ha","both",NA,"AR","WDD, TRY"
"Meliosma sumatrana","Sabiaceae","Meliosma","sumatrana",0.4,"CP, 50ha","both",NA,"NR","WDD, TRY"
"Memecylon  species 1","Melastomataceae","Memecylon"," species 1",NA,"50ha","unlogged",NA,NA,""
"Memecylon lilacinum","Melastomataceae","Memecylon","lilacinum",0.87,"50ha","unlogged",NA,NA,"WDD, TRY"
"Memecylon oleifolium","Melastomataceae","Memecylon","oleifolium",NA,"50ha","unlogged",NA,NA,""
"Memecylon paniculatum","Melastomataceae","Memecylon","paniculatum",0.72,"CP, 50ha","both",NA,"NR","WDD, TRY"
"Memecylon species 2","Melastomataceae","Memecylon","species 2",NA,"50ha","unlogged",NA,NA,""
"Memecylon species 3","Melastomataceae","Memecylon","species 3",NA,"50ha","unlogged",NA,NA,""
"Merope angulata","Rutaceae","Merope","angulata",NA,"50ha","unlogged",NA,NA,""
"Mesua unknown mixed","Clusiaceae","Mesua","unknown mixed",NA,"50ha","unlogged",NA,NA,""
"Microcos antidesmifolia","Malvaceae","Microcos","antidesmifolia",0.47,"50ha","unlogged",NA,NA,"WDD, TRY"
"Microcos crassifolia","Malvaceae","Microcos","crassifolia",NA,"CP, 50ha","both",NA,"AR, NR",""
"Microcos fibrocarpa","Malvaceae","Microcos","fibrocarpa",NA,"CP, 50ha","both",NA,"AR, NR",""
"Microcos latistipulata","Malvaceae","Microcos","latistipulata",NA,"CP, 50ha","both",NA,"NR, AR",""
"Microcos ossea","Malvaceae","Microcos","ossea",NA,"CP, 50ha","both",NA,"AR, NR",""
"Microcos unknown mixed","Malvaceae","Microcos","unknown mixed",NA,"CP, 50ha","both",NA,"AR",""
"Mischocarpus pentapetalus","Sapindaceae","Mischocarpus","pentapetalus",0.79,"50ha","unlogged",NA,NA,"TRY"
"Monanthocitrus oblanceolata","Rutaceae","Monanthocitrus","oblanceolata",NA,"50ha","unlogged",NA,NA,""
"Monocarpia borneensis","Annonaceae","Monocarpia","borneensis",NA,"50ha","unlogged",NA,NA,""
"Monoon erianthoides","Annonaceae","Monoon","erianthoides",NA,"CP, 50ha","both",NA,"NR",""
"Monoon grandiflorum","Annonaceae","Monoon","grandiflorum",NA,"CP, 50ha","both",NA,"NR, AR",""
"Monoon hookerianum","Annonaceae","Monoon","hookerianum",NA,"CP, 50ha","both",NA,"NR, AR",""
"Monoon species 1","Annonaceae","Monoon","species 1",NA,"50ha","unlogged",NA,NA,""
"Monoon species 2","Annonaceae","Monoon","species 2",NA,"50ha","unlogged",NA,NA,""
"Monoon xanthopetalum","Annonaceae","Monoon","xanthopetalum",NA,"50ha","unlogged",NA,NA,""
"Myristica cinnamomea","Myristicaceae","Myristica","cinnamomea",0.57,"50ha","unlogged",NA,NA,"WDD, TRY"
"Myrmeconauclea strigosa","Rubiaceae","Myrmeconauclea","strigosa",NA,"50ha","unlogged",NA,NA,""
"Nauclea sp1","Rubiaceae","Nauclea","sp1",NA,"CP","logged",NA,"AR, NR",""
"Nauclea subdita","Rubiaceae","Nauclea","subdita",0.48,"CP","logged",NA,"NR","WDD, TRY"
"Nauclea unknown mixed","Rubiaceae","Nauclea","unknown mixed",NA,"CP, 50ha","both",NA,"AR, no seedling data",""
"Neesia synandra","Malvaceae","Neesia","synandra",NA,"CP, 50ha","both",NA,"AR, NR",""
"Neesia unknown mixed","Malvaceae","Neesia","unknown mixed",NA,"CP","logged",NA,"AR, NR",""
"Neo-Uvaria acuminatissima","Annonaceae","Neo-Uvaria","acuminatissima",NA,"50ha, CP","both",NA,"AR, NR",""
"Neo-Uvaria unknown mixed","Annonaceae","Neo-Uvaria","unknown mixed",NA,"50ha","unlogged",NA,NA,""
"Neolamarckia cadamba","Rubiaceae","Neolamarckia","cadamba",NA,"CP, 50ha","both",NA,"AR",""
"Neonauclea  gigantea","Rubiaceae","Neonauclea ","gigantea",NA,"CP","logged",NA,"NR",""
"Neonauclea sp","Rubiaceae","Neonauclea","sp",0.73,"CP","logged",NA,"AR","TRY"
"Neonauclea sp1","Rubiaceae","Neonauclea","sp1",NA,"CP","logged",NA,"AR",""
"Neoscortechinia kingii","Euphorbiaceae","Neoscortechinia","kingii",0.58,"CP, 50ha","both",NA,"AR, NR","WDD, TRY"
"Nephelium cuspidatum","Sapindaceae","Nephelium","cuspidatum",0.77,"CP, 50ha","both",NA,"NR","WDD, TRY"
"Nephelium maingayi","Sapindaceae","Nephelium","maingayi",NA,"CP, 50ha","both",NA,"AR, NR",""
"Nephelium ramboutan-ake","Sapindaceae","Nephelium","ramboutan-ake",0.7,"CP, 50ha","both",NA,"AR, NR","WDD, TRY"
"Nothaphoebe canescens","Lauraceae","Nothaphoebe","canescens",NA,"CP, 50ha","both",NA,"AR",""
"Nothaphoebe heterophylla","Lauraceae","Nothaphoebe","heterophylla",NA,"50ha","unlogged",NA,NA,""
"Nothaphoebe umbelliflora","Lauraceae","Nothaphoebe","umbelliflora",0.41,"CP, 50ha","both",NA,"NR, AR","TRY"
"Nothaphoebe unknown","Lauraceae","Nothaphoebe","unknown",NA,"50ha","unlogged",NA,NA,""
"Nothaphoebe unknown mixed","Lauraceae","Nothaphoebe","unknown mixed",NA,"CP","logged",NA,"AR",""
"Nyssa javanica","Nyssaceae","Nyssa","javanica",0.48,"50ha","unlogged",NA,NA,"WDD, TRY"
"Ochanostachys amentacea","Olacaceae","Ochanostachys","amentacea",0.77,"CP, 50ha","both",NA,"AR, NR","WDD, TRY"
"Octomeles sumatrana","Tetramelaceae","Octomeles","sumatrana",0.3,"CP, 50ha","both",NA,"NR, AR","TRY"
"Oreocnide trinervis","Urticaceae","Oreocnide","trinervis",NA,"50ha","unlogged",NA,NA,""
"Ormosia bancana","Fabaceae","Ormosia","bancana",0.56,"CP, 50ha","both",NA,"NR","WDD, TRY"
"Orophea corymbosa","Annonaceae","Orophea","corymbosa",NA,"CP, 50ha","both",NA,"NR, no seedling data",""
"Orophea creaghii","Annonaceae","Orophea","creaghii",NA,"50ha","unlogged",NA,NA,""
"Orophea myriantha","Annonaceae","Orophea","myriantha",NA,"CP, 50ha","both",NA,"NR, no seedling data, AR",""
"Palaquium beccarianum","Sapotaceae","Palaquium","beccarianum",0.49,"CP, 50ha","both",NA,"NR, AR","WDD, TRY"
"Palaquium dasyphyllum","Sapotaceae","Palaquium","dasyphyllum",0.5,"CP, 50ha","both",NA,"NR","WDD, TRY"
"Palaquium maingayi","Sapotaceae","Palaquium","maingayi",0.6,"CP, 50ha","both",NA,"AR","WDD, TRY"
"Palaquium sericeum","Sapotaceae","Palaquium","sericeum",NA,"50ha","unlogged",NA,NA,""
"Palaquium unknown mixed","Sapotaceae","Palaquium","unknown mixed",NA,"50ha","unlogged",NA,NA,""
"Pangium edule","Achariaceae","Pangium","edule",0.5,"50ha","unlogged",NA,NA,"WDD, TRY"
"Paranephelium macrophyllum","Sapindaceae","Paranephelium","macrophyllum",NA,"CP, 50ha","both",NA,"NR, no seedling data",""
"Paranephelium xestophyllum","Sapindaceae","Paranephelium","xestophyllum",0.81,"CP, 50ha","both",NA,"NR, AR","WDD, TRY"
"Parashorea malaanonan","Dipterocarpaceae","Parashorea","malaanonan",0.56,"CP, 50ha, IF","both","ActiveRestoration, NaturalRegeneration","AR, NR","WDD, TRY"
"Parashorea tomentella","Dipterocarpaceae","Parashorea","tomentella",NA,"CP, 50ha, IF","both","NaturalRegeneration","AR, NR, no seedling data",""
"Parastemon urophyllus","Chrysobalanaceae","Parastemon","urophyllus",0.87,"50ha","unlogged",NA,NA,"WDD, TRY"
"Paratrophis glabra","Moraceae","Paratrophis","glabra",NA,"50ha","unlogged",NA,NA,""
"Parinari excelsa","Chrysobalanaceae","Parinari","excelsa",0.7,"CP, 50ha","both",NA,"AR","WDD, TRY"
"Parinari oblongifolia","Chrysobalanaceae","Parinari","oblongifolia",0.62,"CP, 50ha","both",NA,"AR","WDD, TRY"
"Parinari unknown mixed","Chrysobalanaceae","Parinari","unknown mixed",NA,"CP, 50ha","both",NA,"NR",""
"Parkia speciosa","Fabaceae","Parkia","speciosa",0.4,"50ha","unlogged",NA,NA,"WDD, TRY"
"Parkia unknown mixed","Fabaceae","Parkia","unknown mixed",NA,"CP","logged",NA,"AR",""
"Pavetta wallichiana","Rubiaceae","Pavetta","wallichiana",NA,"50ha","unlogged",NA,NA,""
"Payena Unknown species1","Sapotaceae","Payena","Unknown species1",NA,"50ha","unlogged",NA,NA,""
"Payena acuminata","Sapotaceae","Payena","acuminata",0.58,"CP, 50ha","both",NA,"NR","WDD, TRY"
"Payena microphylla","Sapotaceae","Payena","microphylla",0.77,"CP, 50ha","both",NA,"NR","WDD, TRY"
"Payena unknown mixed","Sapotaceae","Payena","unknown mixed",NA,"CP","logged",NA,"AR, NR",""
"Peltophorum racemosum","Fabaceae","Peltophorum","racemosum",NA,"CP, 50ha","both",NA,"AR, NR",""
"Pentace adenophora","Malvaceae","Pentace","adenophora",NA,"CP, 50ha","both",NA,"AR, NR",""
"Pentace laxiflora","Malvaceae","Pentace","laxiflora",NA,"CP, 50ha, IF","both","NaturalRegeneration","AR, NR",""
"Pentace unknown mixed","Malvaceae","Pentace","unknown mixed",NA,"CP","logged",NA,"AR",""
"Phaeanthus ophthalmicus","Annonaceae","Phaeanthus","ophthalmicus",0.89,"50ha","unlogged",NA,NA,"TRY"
"Phaeanthus splendens","Annonaceae","Phaeanthus","splendens",NA,"CP, 50ha","both",NA,"AR, no seedling data, NR",""
"Phaleria  capitata","Thymelaeaceae","Phaleria ","capitata",NA,NA,NA,NA,NA,""
"Phoebe grandis","Lauraceae","Phoebe","grandis",0.49,"50ha","unlogged",NA,NA,"WDD, TRY"
"Phyllanthaceae species 1","Antidesma species 1","Phyllanthaceae","species 1",NA,"CP","logged",NA,"NR",""
"Phyllanthus  borneensis","Phyllanthaceae","Phyllanthus ","borneensis",NA,"50ha","unlogged",NA,NA,""
"Phyllanthus  subscandens","Phyllanthaceae","Phyllanthus ","subscandens",NA,"CP, 50ha","both",NA,"AR, NR",""
"Phyyanthus  lancisepalus","Phyllanthaceae","Phyyanthus ","lancisepalus",NA,"CP, 50ha","both",NA,"AR, NR",""
"Planchonia brevistipitata","Lecythidaceae","Planchonia","brevistipitata",NA,"CP, 50ha","both",NA,"AR, NR",""
"Planchonia unknown","Lecythidaceae","Planchonia","unknown",NA,"50ha","unlogged",NA,NA,""
"Planchonia unknown mixed","Lecythidaceae","Planchonia","unknown mixed",NA,"CP","logged",NA,"AR",""
"Planchonia valida","Lecythidaceae","Planchonia","valida",0.64,"50ha","unlogged",NA,NA,"WDD, TRY"
"Polyalthia borneensis","Annonaceae","Polyalthia","borneensis",NA,"50ha","unlogged",NA,NA,""
"Polyalthia cauliflora","Annonaceae","Polyalthia","cauliflora",0.65,"CP, 50ha","both",NA,"NR","TRY"
"Polyalthia insignis","Annonaceae","Polyalthia","insignis",0.43,"50ha","unlogged",NA,NA,"WDD, TRY"
"Polyalthia microtus","Annonaceae","Polyalthia","microtus",NA,"50ha","unlogged",NA,NA,""
"Polyalthia obliqua","Annonaceae","Polyalthia","obliqua",NA,"CP, 50ha","both",NA,"NR",""
"Polyalthia saprosma","Annonaceae","Polyalthia","saprosma",NA,"50ha","unlogged",NA,NA,""
"Polyalthia species 3","Annonaceae","Polyalthia","species 3",NA,"50ha","unlogged",NA,NA,""
"Polyosma integrifolia","Escalloniaceae","Polyosma","integrifolia",0.53,"50ha","unlogged",NA,NA,"WDD, TRY"
"Pometia pinnata","Sapindaceae","Pometia","pinnata",0.63,"CP, 50ha","both",NA,"AR, NR","WDD, TRY"
"Popowia hirta","Annonaceae","Popowia","hirta",0.56,"50ha","unlogged",NA,NA,"WDD, TRY"
"Popowia odoardi","Annonaceae","Popowia","odoardi",NA,"50ha","unlogged",NA,NA,""
"Popowia pisocarpa","Annonaceae","Popowia","pisocarpa",NA,"50ha","unlogged",NA,NA,""
"Popowia unknown mixed","Annonaceae","Popowia","unknown mixed",NA,"50ha","unlogged",NA,NA,""
"Prainea limpato","Moraceae","Prainea","limpato",0.65,"50ha","unlogged",NA,NA,"WDD, TRY"
"Praravinia suberosa","Rubiaceae","Praravinia","suberosa",NA,"50ha","unlogged",NA,NA,""
"Praravinia unknown mixed","Rubiaceae","Praravinia","unknown mixed",NA,"50ha","unlogged",NA,NA,""
"Praravinia verruculosa","Rubiaceae","Praravinia","verruculosa",NA,"50ha","unlogged",NA,NA,""
"Prasoxylon alliaceum","Meliaceae","Prasoxylon","alliaceum",NA,"50ha","unlogged",NA,NA,""
"Prasoxylon excelsum","Meliaceae","Prasoxylon","excelsum",NA,"50ha","unlogged",NA,NA,""
"Prasoxylon rigidum","Meliaceae","Prasoxylon","rigidum",NA,"CP, 50ha","both",NA,"AR",""
"Prismatomeris beccariana","Rubiaceae","Prismatomeris","beccariana",NA,"50ha","unlogged",NA,NA,""
"Prismatomeris species 1","Rubiaceae","Prismatomeris","species 1",NA,"50ha","unlogged",NA,NA,""
"Prunus polystachya","Rosaceae","Prunus","polystachya",0.5,"CP","logged",NA,"AR","WDD, TRY"
"Prunus unknown mixed","Rosaceae","Prunus","unknown mixed",NA,"CP","logged",NA,"AR",""
"Pseuduvaria pamattonis","Annonaceae","Pseuduvaria","pamattonis",NA,"50ha","unlogged",NA,NA,""
"Pseuduvaria reticulata","Annonaceae","Pseuduvaria","reticulata",0.76,"CP, 50ha","both",NA,"no seedling data, AR, NR","TRY"
"Psychotria species 1","Rubiaceae","Psychotria","species 1",NA,"50ha","unlogged",NA,NA,""
"Psychotria species 2","Rubiaceae","Psychotria","species 2",NA,"50ha","unlogged",NA,NA,""
"Psydrax dicoccos","Rubiaceae","Psydrax","dicoccos",0.71,"CP, 50ha","both",NA,"AR, NR","TRY"
"Pternandra coerulescens","Melastomataceae","Pternandra","coerulescens",0.53,"CP, 50ha","both",NA,"AR, NR","WDD"
"Pterospermum javanicum","Malvaceae","Pterospermum","javanicum",0.4,"CP, 50ha, IF","both","ActiveRestoration","no seedling data, NR, AR","WDD, TRY"
"Pterospermum subpeltatum","Malvaceae","Pterospermum","subpeltatum",NA,"50ha","unlogged",NA,NA,""
"Pterospermum unknown mixed","Malvaceae","Pterospermum","unknown mixed",NA,"CP","logged",NA,"NR",""
"Pterygota alata","Malvaceae","Pterygota","alata",0.48,"CP","logged",NA,"NR","WDD, TRY"
"Ptychopyxis arborea","Euphorbiaceae","Ptychopyxis","arborea",0.56,"CP, 50ha","both",NA,"AR, NR","TRY"
"Putranjiva roxburghii","Putranjivaceae","Putranjiva","roxburghii",0.67,"50ha","unlogged",NA,NA,"WDD, TRY"
"Pyrenaria acuminata","Theaceae","Pyrenaria","acuminata",0.48,"50ha","unlogged",NA,NA,"WDD, TRY"
"Quercus argentata","Fagaceae","Quercus","argentata",0.74,"50ha","unlogged",NA,NA,"WDD, TRY"
"Quercus unknown mixed","Fagaceae","Quercus","unknown mixed",NA,"50ha","unlogged",NA,NA,""
"Reinwardtiodendron humile","Meliaceae","Reinwardtiodendron","humile",0.81,"CP, 50ha","both",NA,"AR, NR","WDD, TRY"
"Rennellia borneensis","Rubiaceae","Rennellia","borneensis",NA,"50ha","unlogged",NA,NA,""
"Richetia faguetiana","Dipterocarpaceae","Richetia","faguetiana",NA,"CP, 50ha","both",NA,"AR, NR",""
"Ridsdalea pseudoternifolia","Rubiaceae","Ridsdalea","pseudoternifolia",NA,"CP, 50ha","both",NA,"AR",""
"Rinorea bengalensis","Violaceae","Rinorea","bengalensis",NA,"50ha","unlogged",NA,NA,""
"Rinorea congesta","Violaceae","Rinorea","congesta",NA,"50ha","unlogged",NA,NA,""
"Rinorea unknown","Violaceae","Rinorea","unknown",NA,"50ha","unlogged",NA,NA,""
"Rubroshorea argentifolia","Dipterocarpaceae","Rubroshorea","argentifolia",NA,"CP, 50ha","both",NA,"AR, NR",""
"Rubroshorea beccariana","Dipterocarpaceae","Rubroshorea","beccariana",NA,"CP","logged",NA,"AR, NR",""
"Rubroshorea fallax","Dipterocarpaceae","Rubroshorea","fallax",NA,"CP, IF","logged","NaturalRegeneration","AR, NR",""
"Rubroshorea gibbosa","Dipterocarpaceae","Rubroshorea","gibbosa",NA,"CP, 50ha, IF","both","ActiveRestoration, NaturalRegeneration","AR, no seedling data, NR",""
"Rubroshorea johorensis","Dipterocarpaceae","Rubroshorea","johorensis",NA,"CP, 50ha, IF","both","ActiveRestoration, NaturalRegeneration","AR, NR, no seedling data",""
"Rubroshorea leprosula","Dipterocarpaceae","Rubroshorea","leprosula",NA,"CP, 50ha, IF","both","ActiveRestoration","AR, NR",""
"Rubroshorea macrophylla","Dipterocarpaceae","Rubroshorea","macrophylla",NA,"CP, IF","logged","ActiveRestoration","AR, NR",""
"Rubroshorea macroptera","Dipterocarpaceae","Rubroshorea","macroptera",NA,"CP","logged",NA,"AR, NR",""
"Rubroshorea mecistopteryx","Dipterocarpaceae","Rubroshorea","mecistopteryx",NA,"CP","logged",NA,"AR",""
"Rubroshorea ovalis","Dipterocarpaceae","Rubroshorea","ovalis",NA,"CP","logged",NA,"AR, NR",""
"Rubroshorea ovata","Dipterocarpaceae","Rubroshorea","ovata",NA,"CP","logged",NA,"NR",""
"Rubroshorea parvifolia","Dipterocarpaceae","Rubroshorea","parvifolia",NA,"CP, 50ha, IF","both","ActiveRestoration, NaturalRegeneration","AR, NR",""
"Rubroshorea pauciflora","Dipterocarpaceae","Rubroshorea","pauciflora",NA,"CP, 50ha, IF","both","ActiveRestoration, NaturalRegeneration","AR, NR, no seedling data",""
"Ryparosa acuminata","Achariaceae","Ryparosa","acuminata",NA,"CP, 50ha","both",NA,"AR, NR",""
"Ryparosa hullettii","Achariaceae","Ryparosa","hullettii",0.54,"CP, 50ha","both",NA,"AR","WDD, TRY"
"Ryparosa unknown mixed","Achariaceae","Ryparosa","unknown mixed",NA,"50ha","unlogged",NA,NA,""
"Sageraea elliptica","Annonaceae","Sageraea","elliptica",0.67,"CP","logged",NA,"AR, NR","WDD, TRY"
"Sageraea lanceolata","Annonaceae","Sageraea","lanceolata",0.63,"50ha","unlogged",NA,NA,"WDD, TRY"
"Sageraea sarawakensis","Annonaceae","Sageraea","sarawakensis",NA,"50ha","unlogged",NA,NA,""
"Santiria laevigata","Burseraceae","Santiria","laevigata",0.52,"CP, 50ha","both",NA,"NR, AR","WDD, TRY"
"Santiria species 1","Burseraceae","Santiria","species 1",NA,"50ha","unlogged",NA,NA,""
"Santiria tomentosa","Burseraceae","Santiria","tomentosa",0.58,"CP, 50ha","both",NA,"AR","WDD, TRY"
"Saraca declinata","Fabaceae","Saraca","declinata",0.44,"50ha","unlogged",NA,NA,"WDD, TRY"
"Saurauia agamae","Actinidiaceae","Saurauia","agamae",NA,"50ha","unlogged",NA,NA,""
"Saurauia sp","Actinidiaceae","Saurauia","sp",NA,"50ha","unlogged",NA,NA,""
"Saurauia unknown mixed","Actinidiaceae","Saurauia","unknown mixed",NA,"50ha","unlogged",NA,NA,""
"Scaphium longiflorum","Malvaceae","Scaphium","longiflorum",0.44,"CP","logged",NA,"AR, NR","WDD, TRY"
"Scaphium macropodum","Malvaceae","Scaphium","macropodum",0.51,"CP, 50ha","both",NA,"AR, NR","WDD, TRY"
"Scaphium unknown mixed","Malvaceae","Scaphium","unknown mixed",NA,"CP","logged",NA,"NR",""
"Scleropyrum pentandrum","Santalaceae","Scleropyrum","pentandrum",NA,"50ha","unlogged",NA,NA,""
"Scorodocarpus borneensis","Olacaceae","Scorodocarpus","borneensis",0.72,"CP, 50ha","both",NA,"AR, NR","WDD, TRY"
"Semecarpus bunburyanus","Anacardiaceae","Semecarpus","bunburyanus",NA,"CP, 50ha","both",NA,"NR",""
"Shorea atrinervosa","Dipterocarpaceae","Shorea","atrinervosa",0.77,"CP, 50ha","both",NA,"AR, NR","WDD, TRY"
"Shorea leptoderma","Dipterocarpaceae","Shorea","leptoderma",NA,"50ha","unlogged",NA,NA,""
"Shorea seminis","Dipterocarpaceae","Shorea","seminis",0.72,"CP, 50ha","both",NA,"AR, NR","WDD, TRY"
"Shorea sp","Dipterocarpaceae","Shorea","sp",0.71,"CP","logged",NA,"AR","TRY"
"Shorea superba","Dipterocarpaceae","Shorea","superba",0.69,"CP, 50ha","both",NA,"AR, NR","WDD, TRY"
"Shorea unknown mixed","Dipterocarpaceae","Shorea","unknown mixed",NA,"CP, 50ha","both",NA,"AR, NR, no seedling data",""
"Sindora irpicina","Fabaceae","Sindora","irpicina",0.48,"CP, 50ha","both",NA,"AR, NR","WDD, TRY"
"Sloanea javanica","Elaeocarpaceae","Sloanea","javanica",0.54,"50ha","unlogged",NA,NA,"WDD, TRY"
"Spathiostemon javensis","Euphorbiaceae","Spathiostemon","javensis",0.66,"CP, 50ha","both",NA,"AR, NR","TRY"
"Stemonurus grandifolius","Stemonuraceae","Stemonurus","grandifolius",NA,"CP, 50ha","both",NA,"AR, NR",""
"Stemonurus malaccensis","Stemonuraceae","Stemonurus","malaccensis",NA,"50ha","unlogged",NA,NA,""
"Stemonurus scorpioides","Stemonuraceae","Stemonurus","scorpioides",0.51,"CP, 50ha","both",NA,"NR, AR","WDD, TRY"
"Stemonurus unknown mixed","Stemonuraceae","Stemonurus","unknown mixed",NA,"CP, 50ha","both",NA,"AR",""
"Sterculia cordata","Malvaceae","Sterculia","cordata",0.32,"CP, 50ha","both",NA,"AR","WDD, TRY"
"Sterculia lanceolata","Malvaceae","Sterculia","lanceolata",0.46,"50ha","unlogged",NA,NA,"WDD, TRY"
"Sterculia rubiginosa","Malvaceae","Sterculia","rubiginosa",NA,"50ha","unlogged",NA,NA,""
"Sterculia stipulata","Malvaceae","Sterculia","stipulata",NA,"50ha","unlogged",NA,NA,""
"Sterculia unknown mixed","Malvaceae","Sterculia","unknown mixed",NA,"50ha","unlogged",NA,NA,""
"Strombosia ceylanica","Olacaceae","Strombosia","ceylanica",0.74,"50ha","unlogged",NA,NA,"WDD, TRY"
"Suregada multiflora","Euphorbiaceae","Suregada","multiflora",0.65,"50ha","unlogged",NA,NA,"WDD, TRY"
"Sympetalandra unijuga","Fabaceae","Sympetalandra","unijuga",NA,"CP","logged",NA,"NR, AR",""
"Symplocos fasciculata","Symplocaceae","Symplocos","fasciculata",0.3,"CP, 50ha","both",NA,"AR, NR","WDD, TRY"
"Symplocos odoratissima","Symplocaceae","Symplocos","odoratissima",NA,"50ha","unlogged",NA,NA,""
"Symplocos unknown mixed","Symplocaceae","Symplocos","unknown mixed",NA,"CP","logged",NA,"AR",""
"Syzygium barringtonioides","Myrtaceae","Syzygium","barringtonioides",NA,"50ha","unlogged",NA,NA,""
"Syzygium christmannii","Myrtaceae","Syzygium","christmannii",NA,"50ha","unlogged",NA,NA,""
"Syzygium creaghii","Myrtaceae","Syzygium","creaghii",NA,"50ha","unlogged",NA,NA,""
"Syzygium elliptilimbum","Myrtaceae","Syzygium","elliptilimbum",NA,"50ha","unlogged",NA,NA,""
"Syzygium elopurae","Myrtaceae","Syzygium","elopurae",NA,"50ha","unlogged",NA,NA,""
"Syzygium fastigiatum","Myrtaceae","Syzygium","fastigiatum",NA,"50ha","unlogged",NA,NA,""
"Syzygium hirtum","Myrtaceae","Syzygium","hirtum",NA,"CP, 50ha","both",NA,"AR",""
"Syzygium imperiale","Myrtaceae","Syzygium","imperiale",NA,"50ha","unlogged",NA,NA,""
"Syzygium kiauense","Myrtaceae","Syzygium","kiauense",NA,"50ha","unlogged",NA,NA,""
"Syzygium kunstleri","Myrtaceae","Syzygium","kunstleri",0.71,"50ha","unlogged",NA,NA,"TRY"
"Syzygium leptostemon","Myrtaceae","Syzygium","leptostemon",0.54,"50ha","unlogged",NA,NA,"TRY"
"Syzygium panzeri","Myrtaceae","Syzygium","panzeri",NA,"50ha","unlogged",NA,NA,""
"Syzygium penibukanense","Myrtaceae","Syzygium","penibukanense",NA,"50ha","unlogged",NA,NA,""
"Syzygium pustulatum","Myrtaceae","Syzygium","pustulatum",NA,"50ha","unlogged",NA,NA,""
"Syzygium scortechinii","Myrtaceae","Syzygium","scortechinii",NA,"50ha","unlogged",NA,NA,""
"Syzygium tawahense","Myrtaceae","Syzygium","tawahense",0.69,"50ha","unlogged",NA,NA,"WDD, TRY"
"Syzygium unknown mixed","Myrtaceae","Syzygium","unknown mixed",NA,"CP, 50ha","both",NA,"AR, NR, no seedling data",""
"Tabernaemontana macrocarpa","Apocynaceae","Tabernaemontana","macrocarpa",0.44,"50ha","unlogged",NA,NA,"WDD, TRY"
"Tabernaemontana pauciflora","Apocynaceae","Tabernaemontana","pauciflora",0.42,"50ha","unlogged",NA,NA,"TRY"
"Tabernaemontana unknown mixed","Apocynaceae","Tabernaemontana","unknown mixed",NA,"50ha","unlogged",NA,NA,""
"Teijsmanniodendron bogoriense","Lamiaceae","Teijsmanniodendron","bogoriense",0.41,"50ha","unlogged",NA,NA,"WDD, TRY"
"Teijsmanniodendron pteropodum","Lamiaceae","Teijsmanniodendron","pteropodum",0.35,"CP","logged",NA,"AR","WDD, TRY"
"Teijsmanniodendron unknown mixed","Lamiaceae","Teijsmanniodendron","unknown mixed",NA,"CP","logged",NA,"AR, NR",""
"Terminalia citrina","Combretaceae","Terminalia","citrina",0.71,"50ha","unlogged",NA,NA,"TRY"
"Terminalia ivorensis","Combretaceae","Terminalia","ivorensis",0.45,"50ha","unlogged",NA,NA,"WDD, TRY"
"Terminalia phellocarpa","Combretaceae","Terminalia","phellocarpa",0.52,"50ha","unlogged",NA,NA,"TRY"
"Terminalia species 1","Combretaceae","Terminalia","species 1",NA,"50ha","unlogged",NA,NA,""
"Terminalia species 2","Combretaceae","Terminalia","species 2",NA,"50ha","unlogged",NA,NA,""
"Timonius lasianthoides","Rubiaceae","Timonius","lasianthoides",NA,"50ha","unlogged",NA,NA,""
"Timonius wallichianus","Rubiaceae","Timonius","wallichianus",0.76,"50ha","unlogged",NA,NA,"WDD, TRY"
"Triomma malaccensis","Burseraceae","Triomma","malaccensis",0.58,"CP, 50ha","both",NA,"NR","WDD, TRY"
"Tritaxis denticulata","Euphorbiaceae","Tritaxis","denticulata",NA,"CP, 50ha","both",NA,"NR",""
"Unknown species 8","Annonaceae","Unknown","species 8",NA,"CP","logged",NA,"NR",""
"Unknown unknown mixed","Annonaceae","Unknown","unknown mixed",NA,"CP","logged",NA,"AR, NR",""
"Urophyllum  corymbosum","Rubiaceae","Urophyllum ","corymbosum",NA,"CP","logged",NA,"AR",""
"Urophyllum sandahanicum","Rubiaceae","Urophyllum","sandahanicum",NA,"CP, 50ha","both",NA,"AR, NR",""
"Urophyllum  glabrum","Rubiaceae","Urophyllum ","glabrum",NA,"CP","logged",NA,"NR",""
"Urophyllum  unknown mixed","Rubiaceae","Urophyllum ","unknown mixed",NA,"CP","logged",NA,"AR",""
"Utania cuspidata","Gentianaceae","Utania","cuspidata",NA,"CP, 50ha","both",NA,"AR",""
"Vatica albiramis","Dipterocarpaceae","Vatica","albiramis",NA,"CP, 50ha","both",NA,"AR",""
"Vatica chartacea","Dipterocarpaceae","Vatica","chartacea",NA,"50ha","unlogged",NA,NA,""
"Vatica dulitensis","Dipterocarpaceae","Vatica","dulitensis",0.66,"CP","logged",NA,"AR, NR","TRY"
"Vatica oblongifolia","Dipterocarpaceae","Vatica","oblongifolia",0.7,"50ha","unlogged",NA,NA,"WDD, TRY"
"Vatica sarawakensis","Dipterocarpaceae","Vatica","sarawakensis",NA,"CP, 50ha","both",NA,"AR",""
"Vatica umbonata","Dipterocarpaceae","Vatica","umbonata",0.76,"50ha","unlogged",NA,NA,"WDD, TRY"
"Vitex pinnata","Lamiaceae","Vitex","pinnata",NA,"CP, 50ha","both",NA,"AR, NR",""
"Walsura pachycaulon","Meliaceae","Walsura","pachycaulon",NA,"50ha","unlogged",NA,NA,""
"Walsura pinnata","Meliaceae","Walsura","pinnata",0.62,"CP, 50ha","both",NA,"AR, NR","TRY"
"Walsura species 1","Meliaceae","Walsura","species 1",NA,"50ha","unlogged",NA,NA,""
"Xanthophyllum adenotus","Polygalaceae","Xanthophyllum","adenotus",NA,"50ha","unlogged",NA,NA,""
"Xanthophyllum flavescens","Polygalaceae","Xanthophyllum","flavescens",0.66,"CP, 50ha","both",NA,"AR, NR","WDD, TRY"
"Xanthophyllum pachycarpon","Polygalaceae","Xanthophyllum","pachycarpon",NA,"50ha","unlogged",NA,NA,""
"Xanthophyllum reticulatum","Polygalaceae","Xanthophyllum","reticulatum",NA,"50ha","unlogged",NA,NA,""
"Xanthophyllum species 1","Polygalaceae","Xanthophyllum","species 1",NA,"50ha","unlogged",NA,NA,""
"Xanthophyllum species 2","Polygalaceae","Xanthophyllum","species 2",NA,"50ha","unlogged",NA,NA,""
"Xanthophyllum species 3","Polygalaceae","Xanthophyllum","species 3",NA,"50ha","unlogged",NA,NA,""
"Xanthophyllum species 4","Polygalaceae","Xanthophyllum","species 4",NA,"50ha","unlogged",NA,NA,""
"Xanthophyllum species 5","Polygalaceae","Xanthophyllum","species 5",NA,"50ha","unlogged",NA,NA,""
"Xanthophyllum species 6","Polygalaceae","Xanthophyllum","species 6",NA,"50ha","unlogged",NA,NA,""
"Xanthophyllum species 7","Polygalaceae","Xanthophyllum","species 7",NA,"50ha","unlogged",NA,NA,""
"Xanthophyllum unknown mixed","Polygalaceae","Xanthophyllum","unknown mixed",NA,"CP","logged",NA,"AR, NR",""
"Xanthophyllum vitellinum","Polygalaceae","Xanthophyllum","vitellinum",0.73,"50ha","unlogged",NA,NA,"WDD, TRY"
"Xylopia ferruginea","Annonaceae","Xylopia","ferruginea",0.35,"CP, 50ha","both",NA,"AR","WDD, TRY"
"Ziziphus augustifolia","Rhamnaceae","Ziziphus","augustifolia",NA,"CP, 50ha","both",NA,"AR, NR",""
"unknown unknown","Magnoliaceae","unknown","unknown",NA,"CP","logged",NA,"NR, AR",""
"unknown unknown mixed","Magnoliaceae","unknown","unknown mixed",NA,"CP","logged",NA,"NR",""
