"binomial_name","family","genus","species","restoration","count","relative_abundance_percent","mean_DBH","mean_Height"
"Actinodaphne unknown mixed","Lauraceae","Actinodaphne","unknown mixed","AR",1,0.0459770114942529,156,11.4
"Actinodaphne unknown mixed","Lauraceae","Actinodaphne","unknown mixed","NR",1,0.0560852495793606,209,12.5
"Adenanthera kostermansii","Fabaceae","Adenanthera","kostermansii","AR",1,0.0459770114942529,371,30.3
"Adenanthera kostermansii","Fabaceae","Adenanthera","kostermansii","NR",2,0.112170499158721,185.5,22.3
"Adenanthera malayana","Fabaceae","Adenanthera","malayana","AR",1,0.0459770114942529,405,47.5
"Adinandra unknown mixed","Theaceae","Adinandra","unknown mixed","NR",1,0.0560852495793606,297,26.4
"Aglaia angustifolia","Meliaceae","Aglaia","angustifolia","AR",1,0.0459770114942529,260,18.7
"Aglaia argentea","Meliaceae","Aglaia","argentea","AR",1,0.0459770114942529,228,20.9
"Aglaia argentea","Meliaceae","Aglaia","argentea","NR",2,0.112170499158721,244.5,17.8
"Aglaia odoratissima","Meliaceae","Aglaia","odoratissima","AR",1,0.0459770114942529,130,9.4
"Aglaia odoratissima","Meliaceae","Aglaia","odoratissima","NR",1,0.0560852495793606,251,13.3
"Aglaia silvestris","Meliaceae","Aglaia","silvestris","AR",12,0.551724137931034,148.333333333333,16.8666666666667
"Aglaia silvestris","Meliaceae","Aglaia","silvestris","NR",8,0.448681996634885,174.5,14.6625
"Aglaia spectabilis","Meliaceae","Aglaia","spectabilis","AR",1,0.0459770114942529,110,14.1
"Aglaia spectabilis","Meliaceae","Aglaia","spectabilis","NR",1,0.0560852495793606,292,23.4
"Aglaia tomentosa","Meliaceae","Aglaia","tomentosa","AR",3,0.137931034482759,153.333333333333,17.9666666666667
"Aglaia tomentosa","Meliaceae","Aglaia","tomentosa","NR",2,0.112170499158721,166.5,10.05
"Aglaia unknown mixed","Meliaceae","Aglaia","unknown mixed","AR",23,1.05747126436782,218.608695652174,21.4391304347826
"Aglaia unknown mixed","Meliaceae","Aglaia","unknown mixed","NR",12,0.673022994952328,150.75,10.425
"Alangium javanicum","Cornaceae","Alangium","javanicum","AR",26,1.19540229885057,252.692307692308,24.7346153846154
"Alangium javanicum","Cornaceae","Alangium","javanicum","NR",24,1.34604598990466,221.541666666667,17.0666666666667
"Alseodaphne unknown mixed","Lauraceae","Alseodaphne","unknown mixed","AR",1,0.0459770114942529,367,30.8
"Alstonia angustifolia","Apocynaceae","Alstonia","angustifolia","AR",1,0.0459770114942529,201,16.1
"Alstonia angustifolia","Apocynaceae","Alstonia","angustifolia","NR",1,0.0560852495793606,179,12.4
"Anisophyllea corneri","Anisophylleaceae","Anisophyllea","corneri","AR",1,0.0459770114942529,172,11.9
"Anisophyllea corneri","Anisophylleaceae","Anisophyllea","corneri","NR",1,0.0560852495793606,213,17.5
"Anisoptera costata","Dipterocarpaceae","Anisoptera","costata","AR",7,0.32183908045977,413.285714285714,24.5571428571429
"Phyllanthaceae species 1","Antidesma species 1","Phyllanthaceae","species 1","NR",1,0.0560852495793606,122,10.9
"Antidesma unknown mixed","Phyllanthaceae","Antidesma","unknown mixed","AR",1,0.0459770114942529,157,13.9
"Aporosa elmeri","Phyllanthaceae","Aporosa","elmeri","AR",1,0.0459770114942529,203,17.7
"Aporosa elmeri","Phyllanthaceae","Aporosa","elmeri","NR",3,0.168255748738082,194.666666666667,17.1666666666667
"Aporosa falcifera","Phyllanthaceae","Aporosa","falcifera","AR",10,0.459770114942529,160.555555555556,17.4333333333333
"Aporosa falcifera","Phyllanthaceae","Aporosa","falcifera","NR",14,0.785193494111049,152.5,14.4285714285714
"Aporosa frutescens","Phyllanthaceae","Aporosa","frutescens","AR",1,0.0459770114942529,124,14.8
"Aporosa frutescens","Phyllanthaceae","Aporosa","frutescens","NR",2,0.112170499158721,134,11.35
"Aporosa grandistipula","Phyllanthaceae","Aporosa","grandistipula","AR",4,0.183908045977011,124.5,13.25
"Aporosa grandistipula","Phyllanthaceae","Aporosa","grandistipula","NR",2,0.112170499158721,121.5,13.35
"Aporosa illustris","Phyllanthaceae","Aporosa","illustris","AR",5,0.229885057471264,140.4,14.82
"Aporosa illustris","Phyllanthaceae","Aporosa","illustris","NR",3,0.168255748738082,160.666666666667,14.4333333333333
"Aporusa unknown mixed","Phyllanthaceae","Aporusa","unknown mixed","AR",1,0.0459770114942529,124,13.7
"Aporusa unknown mixed","Phyllanthaceae","Aporusa","unknown mixed","NR",1,0.0560852495793606,110,18
"Ardisia  unknown mixed","Primulaceae","Ardisia ","unknown mixed","AR",2,0.0919540229885057,196.5,20.55
"Artocarpus anisophyllus","Moraceae","Artocarpus","anisophyllus","NR",1,0.0560852495793606,219,16.6
"Artocarpus elasticus","Moraceae","Artocarpus","elasticus","NR",1,0.0560852495793606,587,27.3
"Artocarpus heterophyllus","Moraceae","Artocarpus","heterophyllus","AR",1,0.0459770114942529,496,28.8
"Artocarpus unknown mixed","Moraceae","Artocarpus","unknown mixed","AR",3,0.137931034482759,385.666666666667,29.0333333333333
"Atuna excelsa","Chrysobalanaceae","Atuna","excelsa","NR",1,0.0560852495793606,101,16.6
"Azadirachta excelsa","Meliaceae","Azadirachta","excelsa","AR",1,0.0459770114942529,245,28.7
"Baccaurea lanceolata","Phyllanthaceae","Baccaurea","lanceolata","AR",5,0.229885057471264,181,14.9
"Baccaurea lanceolata","Phyllanthaceae","Baccaurea","lanceolata","NR",1,0.0560852495793606,125,11
"Baccaurea tetrandra","Phyllanthaceae","Baccaurea","tetrandra","AR",20,0.919540229885057,158.95,14.14
"Baccaurea tetrandra","Phyllanthaceae","Baccaurea","tetrandra","NR",6,0.336511497476164,137.333333333333,10.4
"Baccaurea unknown mixed","Phyllanthaceae","Baccaurea","unknown mixed","AR",4,0.183908045977011,228.25,17.15
"Baccaurea unknown mixed","Phyllanthaceae","Baccaurea","unknown mixed","NR",1,0.0560852495793606,159,17
"Barringtonia lanceolata","Lecythidaceae ","Barringtonia","lanceolata","AR",5,0.229885057471264,170.6,16.44
"Barringtonia lanceolata","Lecythidaceae ","Barringtonia","lanceolata","NR",11,0.616937745372967,200.272727272727,16.0090909090909
"Barringtonia macrostachya","Lecythidaceae ","Barringtonia","macrostachya","AR",10,0.459770114942529,163.2,12.43
"Barringtonia macrostachya","Lecythidaceae ","Barringtonia","macrostachya","NR",11,0.616937745372967,214.090909090909,14.4363636363636
"Beilschmiedia ","Lauraceae","Beilschmiedia","","NR",4,0.224340998317443,248.5,19.475
"Beilschmiedia micrantha","Lauraceae","Beilschmiedia","micrantha","AR",1,0.0459770114942529,102,16.6
"Beilschmiedia micrantha","Lauraceae","Beilschmiedia","micrantha","NR",2,0.112170499158721,139.5,9.05
"Beilschmiedia tawaensis","Lauraceae","Beilschmiedia","tawaensis","AR",5,0.229885057471264,208,19.72
"Beilschmiedia tawaensis","Lauraceae","Beilschmiedia","tawaensis","NR",1,0.0560852495793606,158,16.3
"Beilschmiedia unknown mixed","Lauraceae","Beilschmiedia","unknown mixed","AR",1,0.0459770114942529,160,13
"Beilschmiedia unknown mixed","Lauraceae","Beilschmiedia","unknown mixed","NR",5,0.280426247896803,155.6,12.84
"Blumeodendron kurzii","Euphorbiaceae","Blumeodendron","kurzii","AR",2,0.0919540229885057,175,20.95
"Blumeodendron kurzii","Euphorbiaceae","Blumeodendron","kurzii","NR",1,0.0560852495793606,190,12.1
"Blumeodendron tokbrai","Euphorbiaceae","Blumeodendron","tokbrai","AR",3,0.137931034482759,219.666666666667,20.9
"Blumeodendron tokbrai","Euphorbiaceae","Blumeodendron","tokbrai","NR",1,0.0560852495793606,205,17.4
"Bridelia insulana","Phyllanthaceae","Bridelia","insulana","AR",1,0.0459770114942529,107,11.2
"Brownlowia peltata","Malvaceae","Brownlowia","peltata","AR",3,0.137931034482759,122.333333333333,9.46666666666667
"Brownlowia peltata","Malvaceae","Brownlowia","peltata","NR",9,0.504767246214246,123,6.9
"Brownlowia stipulata","Malvaceae","Brownlowia","stipulata","NR",1,0.0560852495793606,136,6.1
"Buchanania sessilifolia","Anacardiaceae","Buchanania","sessilifolia","NR",6,0.336511497476164,171.833333333333,18.1833333333333
"Callicarpa pentandra","Lamiaceae","Callicarpa","pentandra","AR",4,0.183908045977011,109.666666666667,11.5666666666667
"Callicarpa pentandra","Lamiaceae","Callicarpa","pentandra","NR",9,0.504767246214246,217.111111111111,12.9444444444444
"Callicarpa unknown mixed","Lamiaceae","Callicarpa","unknown mixed","AR",1,0.0459770114942529,444,15.7
"Calophyllum blancoi","Calophyllaceae","Calophyllum","blancoi","AR",2,0.0919540229885057,216.5,24.25
"Calophyllum blancoi","Calophyllaceae","Calophyllum","blancoi","NR",1,0.0560852495793606,145,16.9
"Calophyllum gracilipes","Calophyllaceae","Calophyllum","gracilipes","AR",1,0.0459770114942529,125,9.2
"Calophyllum soulattri","Calophyllaceae","Calophyllum","soulattri","NR",1,0.0560852495793606,146,17.8
"Canarium decumanum","Burseraceae","Canarium","decumanum","AR",9,0.413793103448276,254.444444444444,19.7888888888889
"Canarium decumanum","Burseraceae","Canarium","decumanum","NR",4,0.224340998317443,130.25,12.975
"Canarium denticulatum","Burseraceae","Canarium","denticulatum","AR",23,1.05747126436782,188.04347826087,16.1695652173913
"Canarium denticulatum","Burseraceae","Canarium","denticulatum","NR",53,2.97251822770611,199.547169811321,16.2622641509434
"Canarium odontophyllum","Burseraceae","Canarium","odontophyllum","AR",10,0.459770114942529,191.5,18.5
"Canarium odontophyllum","Burseraceae","Canarium","odontophyllum","NR",8,0.448681996634885,220.125,16.2625
"Canarium unknown mixed","Burseraceae","Canarium","unknown mixed","AR",1,0.0459770114942529,121,14
"Canarium unknown mixed","Burseraceae","Canarium","unknown mixed","NR",2,0.112170499158721,246.5,22.25
"Caryodaphnopsis tonkinensis","Lauraceae","Caryodaphnopsis","tonkinensis","AR",1,0.0459770114942529,320,21
"Caryodaphnopsis tonkinensis","Lauraceae","Caryodaphnopsis","tonkinensis","NR",5,0.280426247896803,171,14.08
"Casearia grewiifolia","Salicaceae","Casearia","grewiifolia","AR",1,0.0459770114942529,166,13.7
"Castanopsis hypophoenicea","Fagaceae","Castanopsis","hypophoenicea","AR",5,0.229885057471264,357.6,30.2
"Castanopsis hypophoenicea","Fagaceae","Castanopsis","hypophoenicea","NR",3,0.168255748738082,244,19.9666666666667
"Castanopsis motleyana","Fagaceae","Castanopsis","motleyana","NR",1,0.0560852495793606,207,36.4
"Chionanthus pluriflorus","Oleaceae","Chionanthus","pluriflorus","AR",4,0.183908045977011,160,16.7
"Chionanthus pluriflorus","Oleaceae","Chionanthus","pluriflorus","NR",9,0.504767246214246,187.666666666667,12.0333333333333
"Chionanthus unknown mixed","Oleaceae","Chionanthus","unknown mixed","NR",1,0.0560852495793606,172,22.5
"Chisocheton macranthus","Meliaceae","Chisocheton","macranthus","AR",36,1.6551724137931,196.555555555556,11.4888888888889
"Chisocheton macranthus","Meliaceae","Chisocheton","macranthus","NR",6,0.336511497476164,338.5,19.1666666666667
"Chisocheton patens","Meliaceae","Chisocheton","patens","NR",1,0.0560852495793606,112,11.1
"Chisocheton pentandrus","Meliaceae","Chisocheton","pentandrus","AR",2,0.0919540229885057,220.5,21.3
"Chisocheton sarawakanus","Meliaceae","Chisocheton","sarawakanus","AR",8,0.367816091954023,188.571428571429,20.7857142857143
"Chisocheton sarawakanus","Meliaceae","Chisocheton","sarawakanus","NR",13,0.729108244531688,213.615384615385,16.2538461538462
"Chisocheton unknown mixed","Meliaceae","Chisocheton","unknown mixed","AR",2,0.0919540229885057,131,10.4
"Chisocheton unknown mixed","Meliaceae","Chisocheton","unknown mixed","NR",4,0.224340998317443,182,15.475
"Cinnamomum iners","Lauraceae","Cinnamomum","iners","AR",1,0.0459770114942529,501,20.5
"Cinnamomum unknown mixed","Lauraceae","Cinnamomum","unknown mixed","NR",1,0.0560852495793606,193,16.7
"Clausena excavata","Rutaceae","Clausena","excavata","NR",1,0.0560852495793606,156,4.5
"Cleistanthus hirsutulus","Phyllanthaceae","Cleistanthus","hirsutulus","AR",6,0.275862068965517,122.166666666667,9.3
"Cleistanthus hirsutulus","Phyllanthaceae","Cleistanthus","hirsutulus","NR",4,0.224340998317443,123.5,10.95
"Cleistanthus oblongifolius","Phyllanthaceae","Cleistanthus","oblongifolius","AR",4,0.183908045977011,194.75,21.425
"Cleistanthus oblongifolius","Phyllanthaceae","Cleistanthus","oblongifolius","NR",2,0.112170499158721,183.5,20.85
"Cleistanthus podopyxis","Phyllanthaceae","Cleistanthus","podopyxis","AR",2,0.0919540229885057,143.5,6.85
"Cleistanthus unknown mixed","Phyllanthaceae","Cleistanthus","unknown mixed","AR",4,0.183908045977011,186,20.55
"Cleistanthus unknown mixed","Phyllanthaceae","Cleistanthus","unknown mixed","NR",1,0.0560852495793606,105,4.4
"Coelostegia borneensis","Malvaceae","Coelostegia","borneensis","AR",1,0.0459770114942529,298,20.8
"Cratoxylum unknown mixed","Hypericaceae","Cratoxylum","unknown mixed","AR",4,0.183908045977011,193.25,17.95
"Cratoxylum unknown mixed","Hypericaceae","Cratoxylum","unknown mixed","NR",2,0.112170499158721,153.5,21.25
"Croton argyratus","Euphorbiaceae","Croton","argyratus","NR",5,0.280426247896803,167,10.5
"Crudia tenuipes","Fabaceae","Crudia","tenuipes","AR",3,0.137931034482759,128.333333333333,15.4333333333333
"Crudia unknown mixed","Fabaceae","Crudia","unknown mixed","AR",1,0.0459770114942529,156,20.4
"Crudia unknown mixed","Fabaceae","Crudia","unknown mixed","NR",1,0.0560852495793606,138,10.3
"Cryptocarya ferrea","Lauraceae","Cryptocarya","ferrea","AR",8,0.367816091954023,186.875,18.9875
"Cryptocarya ferrea","Lauraceae","Cryptocarya","ferrea","NR",1,0.0560852495793606,214,18.7
"Cryptocarya pulchrinervia","Lauraceae","Cryptocarya","pulchrinervia","NR",2,0.112170499158721,248,18.2
"Cryptocarya strictifolia","Lauraceae","Cryptocarya","strictifolia","AR",2,0.0919540229885057,222,19.15
"Cryptocarya unknown mixed","Lauraceae","Cryptocarya","unknown mixed","AR",3,0.137931034482759,269.333333333333,24.6
"Cyathocalyx magnifructus","Annonaceae","Cyathocalyx","magnifructus","AR",1,0.0459770114942529,168,14.9
"Cynometra mirabilis","Fabaceae","Cynometra","mirabilis","NR",2,0.112170499158721,290.5,27.7
"Dacryodes rostrata","Burseraceae","Dacryodes","rostrata","AR",2,0.0919540229885057,147.5,18.85
"Dacryodes rugosa","Burseraceae","Dacryodes","rugosa","AR",1,0.0459770114942529,153,17.8
"Dacryodes rugosa","Burseraceae","Dacryodes","rugosa","NR",1,0.0560852495793606,178,9.5
"Dacryodes unknown mixed","Burseraceae","Dacryodes","unknown mixed","AR",5,0.229885057471264,243.4,19.92
"Dacryodes unknown mixed","Burseraceae","Dacryodes","unknown mixed","NR",1,0.0560852495793606,265,20.9
"Dehaasia caesia","Lauraceae","Dehaasia","caesia","AR",11,0.505747126436782,324.636363636364,20.4090909090909
"Dehaasia caesia","Lauraceae","Dehaasia","caesia","NR",5,0.280426247896803,172.4,13.48
"Dehaasia incrassata","Lauraceae","Dehaasia","incrassata","AR",4,0.183908045977011,289.25,17.6
"Dehaasia incrassata","Lauraceae","Dehaasia","incrassata","NR",6,0.336511497476164,123.333333333333,10.9166666666667
"Dehaasia unknown mixed","Lauraceae","Dehaasia","unknown mixed","AR",2,0.0919540229885057,160.5,16.8
"Dehaasia unknown mixed","Lauraceae","Dehaasia","unknown mixed","NR",2,0.112170499158721,219,9.95
"Dendrocnide elliptica","Urticaceae","Dendrocnide","elliptica","AR",2,0.0919540229885057,118.5,5.35
"Dendrocnide elliptica","Urticaceae","Dendrocnide","elliptica","NR",2,0.112170499158721,121,7.65
"Dendrocnide unknown mixed","Urticaceae","Dendrocnide","unknown mixed","NR",2,0.112170499158721,129,8.1
"Dillenia excelsa","Dilleniaceae","Dillenia","excelsa","AR",2,0.0919540229885057,164,14.1
"Dillenia excelsa","Dilleniaceae","Dillenia","excelsa","NR",8,0.448681996634885,149,11.6125
"Dillenia species 1","Dilleniaceae","Dillenia","species 1","NR",1,0.0560852495793606,120,6.4
"Dimocarpus dentatus","Sapindaceae","Dimocarpus","dentatus","AR",9,0.413793103448276,126.666666666667,9.53333333333333
"Dimocarpus dentatus","Sapindaceae","Dimocarpus","dentatus","NR",5,0.280426247896803,150,9.6
"Dimocarpus longan","Sapindaceae","Dimocarpus","longan","AR",4,0.183908045977011,171.5,14.625
"Dimocarpus longan","Sapindaceae","Dimocarpus","longan","NR",8,0.448681996634885,192.875,15.375
"Tritaxis denticulata","Euphorbiaceae","Tritaxis","denticulata","NR",7,0.392596747055524,118.714285714286,12.3571428571429
"Diospyros andamanica","Ebenaceae","Diospyros","andamanica","AR",8,0.367816091954023,227,16.5125
"Diospyros andamanica","Ebenaceae","Diospyros","andamanica","NR",7,0.392596747055524,263.428571428571,14.5285714285714
"Diospyros cauliflora","Ebenaceae","Diospyros","cauliflora","AR",3,0.137931034482759,159.666666666667,15.9666666666667
"Diospyros cauliflora","Ebenaceae","Diospyros","cauliflora","NR",3,0.168255748738082,190.333333333333,18.3
"Diospyros curranii","Ebenaceae","Diospyros","curranii","AR",2,0.0919540229885057,209.5,20.6
"Diospyros curranii","Ebenaceae","Diospyros","curranii","NR",2,0.112170499158721,106,11.15
"Diospyros dictyoneura","Ebenaceae","Diospyros","dictyoneura","NR",1,0.0560852495793606,315,24.6
"Diospyros elliptifolia","Ebenaceae","Diospyros","elliptifolia","AR",9,0.413793103448276,160.333333333333,12.2888888888889
"Diospyros elliptifolia","Ebenaceae","Diospyros","elliptifolia","NR",4,0.224340998317443,186.5,17.85
"Diospyros euphlehia","Ebenaceae","Diospyros","euphlehia","AR",1,0.0459770114942529,121,14.1
"Diospyros frutescens","Ebenaceae","Diospyros","frutescens","NR",2,0.112170499158721,128.5,10.1
"Diospyros peregrina","Ebenaceae","Diospyros","peregrina","AR",12,0.551724137931034,296.25,25.4916666666667
"Diospyros peregrina","Ebenaceae","Diospyros","peregrina","NR",20,1.12170499158721,224.4,16.365
"Diospyros muricata","Ebenaceae","Diospyros","muricata","AR",3,0.137931034482759,224.666666666667,15.6666666666667
"Diospyros oblonga","Ebenaceae","Diospyros","oblonga","AR",6,0.275862068965517,202.333333333333,20.0833333333333
"Diospyros oblonga","Ebenaceae","Diospyros","oblonga","NR",1,0.0560852495793606,224,19.5
"Diospyros toposia","Ebenaceae","Diospyros","toposia","AR",1,0.0459770114942529,120,10.8
"Diospyros toposia","Ebenaceae","Diospyros","toposia","NR",6,0.336511497476164,137.666666666667,11.4
"Diospyros tuberculata","Ebenaceae","Diospyros","tuberculata","AR",7,0.32183908045977,132.714285714286,12.3285714285714
"Diospyros tuberculata","Ebenaceae","Diospyros","tuberculata","NR",4,0.224340998317443,152,12.15
"Diospyros unknown mixed","Ebenaceae","Diospyros","unknown mixed","AR",11,0.505747126436782,215.090909090909,21.8363636363636
"Diospyros unknown mixed","Ebenaceae","Diospyros","unknown mixed","NR",4,0.224340998317443,256.75,17.25
"Discospermum malaccense","Rubiaceae","Discospermum","malaccense","AR",1,0.0459770114942529,132,20.1
"Discospermum malaccense","Rubiaceae","Discospermum","malaccense","NR",1,0.0560852495793606,147,9.7
"Dipterocarpus applanatus","Dipterocarpaceae","Dipterocarpus","applanatus","AR",10,0.459770114942529,335.3,29.38
"Dipterocarpus applanatus","Dipterocarpaceae","Dipterocarpus","applanatus","NR",2,0.112170499158721,126,8.5
"Dipterocarpus caudifer","Dipterocarpaceae","Dipterocarpus","caudifer","AR",14,0.64367816091954,355.642857142857,30.5285714285714
"Dipterocarpus caudifer","Dipterocarpaceae","Dipterocarpus","caudifer","NR",26,1.45821648906338,475.5,30.5038461538462
"Dipterocarpus unknown mixed","Dipterocarpaceae","Dipterocarpus","unknown mixed","AR",18,0.827586206896552,368.888888888889,28.4944444444444
"Dipterocarpus unknown mixed","Dipterocarpaceae","Dipterocarpus","unknown mixed","NR",7,0.392596747055524,288.285714285714,24.3857142857143
"Dracontomelon dao","Anacardiaceae","Dracontomelon","dao","NR",1,0.0560852495793606,106,19.2
"Drepananthus havilandii","Annonaceae","Drepananthus","havilandii","NR",1,0.0560852495793606,168,17.9
"Dryobalanops lanceolata","Dipterocarpaceae","Dryobalanops","lanceolata","AR",29,1.33333333333333,314.51724137931,29.0241379310345
"Dryobalanops lanceolata","Dipterocarpaceae","Dryobalanops","lanceolata","NR",28,1.5703869882221,285,22.4142857142857
"Drypetes castilloi","Putranjivaceae","Drypetes","castilloi","NR",2,0.112170499158721,114.5,18
"Drypetes eriocarpa","Putranjivaceae","Drypetes","eriocarpa","AR",4,0.183908045977011,176.75,18.6
"Drypetes longifolia","Putranjivaceae","Drypetes","longifolia","AR",4,0.183908045977011,117.25,13.725
"Drypetes longifolia","Putranjivaceae","Drypetes","longifolia","NR",3,0.168255748738082,175.5,17.7
"Drypetes unknown mixed","Putranjivaceae","Drypetes","unknown mixed","AR",8,0.367816091954023,159.875,16.075
"Drypetes unknown mixed","Putranjivaceae","Drypetes","unknown mixed","NR",3,0.168255748738082,128.666666666667,12.5
"Duabanga moluccana","Lythraceae","Duabanga","moluccana","AR",3,0.137931034482759,613.666666666667,32.7333333333333
"Duabanga moluccana","Lythraceae","Duabanga","moluccana","NR",7,0.392596747055524,571.428571428571,36.4857142857143
"Durio graveolens","Malvaceae","Durio","graveolens","NR",1,0.0560852495793606,775,45.6
"Durio unknown mixed","Malvaceae","Durio","unknown mixed","AR",2,0.0919540229885057,552.5,28.85
"Dysoxylum cyrtobotryum","Meliaceae","Dysoxylum","cyrtobotryum","AR",4,0.183908045977011,159.5,19.65
"Dysoxylum cyrtobotryum","Meliaceae","Dysoxylum","cyrtobotryum","NR",5,0.280426247896803,208.6,15.36
"Prasoxylon rigidum","Meliaceae","Prasoxylon","rigidum","AR",2,0.0919540229885057,180.5,18.7
"Dysoxylum unknown mixed","Meliaceae","Dysoxylum","unknown mixed","AR",1,0.0459770114942529,130,21.3
"Dysoxylum unknown mixed","Meliaceae","Dysoxylum","unknown mixed","NR",4,0.224340998317443,312.75,21.325
"Elaeocarpus stipularis","Elaeocarpaceae","Elaeocarpus","stipularis","AR",1,0.0459770114942529,254,14
"Elaeocarpus stipularis","Elaeocarpaceae","Elaeocarpus","stipularis","NR",6,0.336511497476164,287.333333333333,16.6666666666667
"Elaeocarpus unknown mixed","Elaeocarpaceae","Elaeocarpus","unknown mixed","AR",1,0.0459770114942529,374,25.4
"Endospermum diadenum","Euphorbiaceae","Endospermum","diadenum","AR",13,0.597701149425287,249.307692307692,19.2076923076923
"Endospermum diadenum","Euphorbiaceae","Endospermum","diadenum","NR",1,0.0560852495793606,468,13.3
"Erycibe borneensis","Convolvulaceae","Erycibe","borneensis","NR",1,0.0560852495793606,121,16.7
"Eusideroxylon zwageri","Lauraceae","Eusideroxylon","zwageri","NR",3,0.168255748738082,585.666666666667,28.0333333333333
"Utania cuspidata","Gentianaceae","Utania","cuspidata","AR",1,0.0459770114942529,111,13.2
"Ficus unknown mixed","Moraceae","Ficus","unknown mixed","AR",11,0.505747126436782,648.727272727273,31.3363636363636
"Ficus unknown mixed","Moraceae","Ficus","unknown mixed","NR",10,0.560852495793606,193.7,14.17
"Ficus variegata","Moraceae","Ficus","variegata","NR",3,0.168255748738082,231.666666666667,14.5
"Fordia brachybotrys","Fabaceae","Fordia","brachybotrys","AR",4,0.183908045977011,123.25,11.3
"Fordia brachybotrys","Fabaceae","Fordia","brachybotrys","NR",5,0.280426247896803,120.4,11.94
"Fordia splendidissima","Fabaceae","Fordia","splendidissima","AR",3,0.137931034482759,106.333333333333,12.8333333333333
"Fordia splendidissima","Fabaceae","Fordia","splendidissima","NR",4,0.224340998317443,146.75,8.275
"Fordia unknown mixed","Fabaceae","Fordia","unknown mixed","NR",1,0.0560852495793606,114,5.9
"Galearia fulva","Pandaceae","Galearia","fulva","AR",1,0.0459770114942529,176,17.3
"Garcinia nervosa","Clusiaceae","Garcinia","nervosa","AR",1,0.0459770114942529,126,16.3
"Garcinia forbesii","Clusiaceae","Garcinia","forbesii","AR",3,0.137931034482759,134.333333333333,11.7666666666667
"Garcinia forbesii","Clusiaceae","Garcinia","forbesii","NR",3,0.168255748738082,176,15.2333333333333
"Garcinia unknown mixed","Clusiaceae","Garcinia","unknown mixed","AR",1,0.0459770114942529,205,23.9
"Gironniera nervosa","Cannabaceae","Gironniera","nervosa","AR",6,0.275862068965517,171,18.45
"Gironniera nervosa","Cannabaceae","Gironniera","nervosa","NR",11,0.616937745372967,156.272727272727,13.4
"Glochidion elmeri","Phyllanthaceae","Glochidion","elmeri","AR",9,0.413793103448276,130.333333333333,11.7222222222222
"Glochidion elmeri","Phyllanthaceae","Glochidion","elmeri","NR",29,1.62647223780146,168.714285714286,17.0714285714286
"Phyyanthus  lancisepalus","Phyllanthaceae","Phyyanthus ","lancisepalus","AR",6,0.275862068965517,159.333333333333,16.2
"Phyyanthus  lancisepalus","Phyllanthaceae","Phyyanthus ","lancisepalus","NR",3,0.168255748738082,134.666666666667,16.1333333333333
"Glochidion pubicapsa","Phyllanthaceae","Glochidion","pubicapsa","AR",1,0.0459770114942529,219,17.3
"Phyllanthus  subscandens","Phyllanthaceae","Phyllanthus ","subscandens","AR",7,0.32183908045977,162.428571428571,19.6285714285714
"Phyllanthus  subscandens","Phyllanthaceae","Phyllanthus ","subscandens","NR",3,0.168255748738082,141.333333333333,13.3333333333333
"Glochidion unknown mixed","Phyllanthaceae","Glochidion","unknown mixed","AR",5,0.229885057471264,252.2,21.52
"Glochidion unknown mixed","Phyllanthaceae","Glochidion","unknown mixed","NR",1,0.0560852495793606,114,17.5
"Glycosmis macrantha","Rutaceae","Glycosmis","macrantha","AR",1,0.0459770114942529,130,14.8
"Goniothalamus uvarioides","Annonaceae","Goniothalamus","uvarioides","NR",2,0.112170499158721,171,7.95
"Guioa pleuropteris","Sapindaceae","Guioa","pleuropteris","AR",1,0.0459770114942529,120,11.7
"Guioa pleuropteris","Sapindaceae","Guioa","pleuropteris","NR",1,0.0560852495793606,299,23.9
"Helicia excelsa","Proteaceae","Helicia","excelsa","AR",1,0.0459770114942529,109,11.7
"Helicia excelsa","Proteaceae","Helicia","excelsa","NR",1,0.0560852495793606,101,7.5
"Helicia robusta","Proteaceae","Helicia","robusta","AR",1,0.0459770114942529,238,26.6
"Hopea ferruginea","Dipterocarpaceae","Hopea","ferruginea","AR",4,0.183908045977011,185.5,25.675
"Hopea nervosa","Dipterocarpaceae","Hopea","nervosa","AR",58,2.66666666666667,198.241379310345,20.0655172413793
"Hopea nervosa","Dipterocarpaceae","Hopea","nervosa","AR",1,0.0459770114942529,283,23.7
"Hopea nervosa","Dipterocarpaceae","Hopea","nervosa","NR",17,0.953449242849131,176.941176470588,17.0941176470588
"Hopea sangal","Dipterocarpaceae","Hopea","sangal","AR",1,0.0459770114942529,232,25.2
"Hopea sangal","Dipterocarpaceae","Hopea","sangal","NR",2,0.112170499158721,212,17.2
"Hopea unknown mixed","Dipterocarpaceae","Hopea","unknown mixed","AR",1,0.0459770114942529,127,19
"Hopea unknown mixed","Dipterocarpaceae","Hopea","unknown mixed","NR",1,0.0560852495793606,590,37.7
"Horsfieldia polyspherula","Myristicaceae","Horsfieldia","polyspherula","NR",5,0.280426247896803,198.2,15.1
"Huberantha rumphii","Annonaceae","Huberantha","rumphii","AR",3,0.137931034482759,174.666666666667,20.8333333333333
"Huberantha rumphii","Annonaceae","Huberantha","rumphii","NR",4,0.224340998317443,138.75,13.1
"Hydnocarpus anomalus","Achariaceae","Hydnocarpus","anomalus","AR",1,0.0459770114942529,126,17
"Hydnocarpus anomalus","Achariaceae","Hydnocarpus","anomalus","NR",2,0.112170499158721,149,16.75
"Hydnocarpus borneensis","Achariaceae","Hydnocarpus","borneensis","AR",6,0.275862068965517,137,15.9666666666667
"Hydnocarpus borneensis","Achariaceae","Hydnocarpus","borneensis","NR",1,0.0560852495793606,102,6.8
"Hydnocarpus unknown mixed","Achariaceae","Hydnocarpus","unknown mixed","NR",1,0.0560852495793606,128,11.7
"Intsia palembanica","Fabaceae","Intsia","palembanica","AR",2,0.0919540229885057,323,22.95
"Intsia palembanica","Fabaceae","Intsia","palembanica","NR",3,0.168255748738082,171,16.9333333333333
"Ixora blumei","Rubiaceae","Ixora","blumei","AR",3,0.137931034482759,131.333333333333,13.8333333333333
"Ixora blumei","Rubiaceae","Ixora","blumei","NR",1,0.0560852495793606,121,11
"Ixora grandifolia","Rubiaceae","Ixora","grandifolia","AR",1,0.0459770114942529,125,13.6
"Kayea unknown mixed","Calophyllaceae","Kayea","unknown mixed","NR",1,0.0560852495793606,177,18.9
"Kibara obtusa","Monimiaceae","Kibara","obtusa","AR",1,0.0459770114942529,180,14.2
"Knema elmeri","Myristicaceae","Knema","elmeri","AR",7,0.32183908045977,172.571428571429,18.8428571428571
"Knema elmeri","Myristicaceae","Knema","elmeri","NR",7,0.392596747055524,170,14.6
"Knema latericia","Myristicaceae","Knema","latericia","AR",11,0.505747126436782,155.454545454545,16.3181818181818
"Knema latericia","Myristicaceae","Knema","latericia","NR",10,0.560852495793606,120.8,12.01
"Knema laurina","Myristicaceae","Knema","laurina","AR",9,0.413793103448276,174.333333333333,19.2666666666667
"Knema laurina","Myristicaceae","Knema","laurina","NR",7,0.392596747055524,137.857142857143,13.4
"Knema pectinata","Myristicaceae","Knema","pectinata","NR",3,0.168255748738082,118,9.76666666666667
"Knema unknown mixed","Myristicaceae","Knema","unknown mixed","AR",4,0.183908045977011,198.5,21.8
"Koilodepas longifolium","Euphorbiaceae","Koilodepas","longifolium","AR",45,2.06896551724138,141.136363636364,11.2477272727273
"Koilodepas longifolium","Euphorbiaceae","Koilodepas","longifolium","NR",36,2.01906898485698,125,9.68611111111111
"Koompassia excelsa","Fabaceae","Koompassia","excelsa","AR",2,0.0919540229885057,646.5,55.15
"Koompassia excelsa","Fabaceae","Koompassia","excelsa","NR",2,0.112170499158721,869.5,48.3
"Lansium domesticum","Meliaceae","Lansium","domesticum","AR",4,0.183908045977011,259.75,17.9
"Lansium domesticum","Meliaceae","Lansium","domesticum","NR",3,0.168255748738082,123.666666666667,13.8333333333333
"Leea aculeata","Vitaceae","Leea","aculeata","AR",6,0.275862068965517,106.5,10.0166666666667
"Leea aculeata","Vitaceae","Leea","aculeata","NR",3,0.168255748738082,109.333333333333,6.43333333333333
"Lepisanthes senegalensis","Sapindaceae","Lepisanthes","senegalensis","AR",3,0.137931034482759,111.666666666667,12.1333333333333
"Lepisanthes senegalensis","Sapindaceae","Lepisanthes","senegalensis","NR",2,0.112170499158721,188,14.35
"Lepisanthes unknown mixed","Sapindaceae","Lepisanthes","unknown mixed","NR",1,0.0560852495793606,770,36.8
"Lithocarpus ewyckii","Fagaceae","Lithocarpus","ewyckii","AR",2,0.0919540229885057,268,26.2
"Lithocarpus ewyckii","Fagaceae","Lithocarpus","ewyckii","NR",2,0.112170499158721,147.5,14.9
"Lithocarpus gracilis","Fagaceae","Lithocarpus","gracilis","AR",12,0.551724137931034,294.416666666667,25.6583333333333
"Lithocarpus gracilis","Fagaceae","Lithocarpus","gracilis","NR",15,0.841278743690409,260.6,18.8866666666667
"Lithocarpus leptogyne","Fagaceae","Lithocarpus","leptogyne","AR",7,0.32183908045977,416.285714285714,34.6857142857143
"Lithocarpus leptogyne","Fagaceae","Lithocarpus","leptogyne","NR",4,0.224340998317443,210,22.4
"Lithocarpus nieuwenhuisii","Fagaceae","Lithocarpus","nieuwenhuisii","AR",4,0.183908045977011,199.75,19.6
"Lithocarpus nieuwenhuisii","Fagaceae","Lithocarpus","nieuwenhuisii","NR",7,0.392596747055524,206.428571428571,26.9428571428571
"Lithocarpus unknown mixed","Fagaceae","Lithocarpus","unknown mixed","AR",38,1.74712643678161,265.236842105263,24.4736842105263
"Lithocarpus unknown mixed","Fagaceae","Lithocarpus","unknown mixed","NR",8,0.448681996634885,263.375,18.675
"Litsea accedens","Lauraceae","Litsea","accedens","AR",3,0.137931034482759,231,21.2666666666667
"Litsea accedens","Lauraceae","Litsea","accedens","NR",2,0.112170499158721,134.5,9.6
"Litsea angulata","Lauraceae","Litsea","angulata","AR",6,0.275862068965517,173.5,16
"Litsea angulata","Lauraceae","Litsea","angulata","NR",7,0.392596747055524,188.428571428571,12.2142857142857
"Litsea caulocarpa","Lauraceae","Litsea","caulocarpa","AR",8,0.367816091954023,272,19.1
"Litsea caulocarpa","Lauraceae","Litsea","caulocarpa","NR",4,0.224340998317443,122,10.275
"Litsea cordata","Lauraceae","Litsea","cordata","NR",1,0.0560852495793606,194,14.6
"Litsea fulva","Lauraceae","Litsea","fulva","AR",1,0.0459770114942529,164,31.4
"Litsea garciae","Lauraceae","Litsea","garciae","AR",1,0.0459770114942529,673,39.2
"Litsea garciae","Lauraceae","Litsea","garciae","NR",1,0.0560852495793606,226,14.7
"Litsea grandis","Lauraceae","Litsea","grandis","AR",4,0.183908045977011,303.5,21.575
"Litsea grandis","Lauraceae","Litsea","grandis","NR",1,0.0560852495793606,333,27.1
"Litsea oppositifolia","Lauraceae","Litsea","oppositifolia","AR",2,0.0919540229885057,168.5,16.05
"Litsea unknown mixed","Lauraceae","Litsea","unknown mixed","AR",11,0.505747126436782,160.363636363636,14.7090909090909
"Litsea unknown mixed","Lauraceae","Litsea","unknown mixed","NR",6,0.336511497476164,231.5,17.3833333333333
"Lophopetalum beccarianum","Celastraceae","Lophopetalum","beccarianum","NR",2,0.112170499158721,155.5,15.5
"Lophopetalum javanicum","Celastraceae","Lophopetalum","javanicum","AR",27,1.24137931034483,188.307692307692,20.7115384615385
"Lophopetalum javanicum","Celastraceae","Lophopetalum","javanicum","NR",14,0.785193494111049,219.5,19.4
"Ludekia borneensis","Rubiaceae","Ludekia","borneensis","AR",3,0.137931034482759,457.333333333333,31.1
"Ludekia borneensis","Rubiaceae","Ludekia","borneensis","NR",7,0.392596747055524,176,13.9571428571429
"Ludekia unknown mixed","Rubiaceae","Ludekia","unknown mixed","NR",1,0.0560852495793606,103,12
"Maasia sumatrana","Annonaceae","Maasia","sumatrana","AR",15,0.689655172413793,189.533333333333,19.0266666666667
"Maasia sumatrana","Annonaceae","Maasia","sumatrana","NR",10,0.560852495793606,171.2,17.27
"Macaranga conifera","Euphorbiaceae","Macaranga","conifera","AR",5,0.229885057471264,327,29.56
"Macaranga gigantea","Euphorbiaceae","Macaranga","gigantea","AR",24,1.10344827586207,342.391304347826,25.1434782608696
"Macaranga gigantea","Euphorbiaceae","Macaranga","gigantea","AR",3,0.137931034482759,422.333333333333,34.2333333333333
"Macaranga gigantea","Euphorbiaceae","Macaranga","gigantea","NR",11,0.616937745372967,328,20.4727272727273
"Macaranga hypoleuca","Euphorbiaceae","Macaranga","hypoleuca","AR",27,1.24137931034483,379.076923076923,29.8692307692308
"Macaranga hypoleuca","Euphorbiaceae","Macaranga","hypoleuca","NR",44,2.46775098149187,327.372093023256,25.0860465116279
"Macaranga pearsonii","Euphorbiaceae","Macaranga","pearsonii","AR",52,2.39080459770115,422.078431372549,29.7705882352941
"Macaranga pearsonii","Euphorbiaceae","Macaranga","pearsonii","NR",25,1.40213123948402,428.16,26.9
"Madhuca elmeri","Sapotaceae","Madhuca","elmeri","NR",1,0.0560852495793606,103,11.4
"Madhuca kingiana","Sapotaceae","Madhuca","kingiana","AR",19,0.873563218390805,307.052631578947,22.2157894736842
"Madhuca kingiana","Sapotaceae","Madhuca","kingiana","NR",2,0.112170499158721,147,14
"Madhuca korthalsii","Sapotaceae","Madhuca","korthalsii","AR",6,0.275862068965517,174.333333333333,39.3333333333333
"Madhuca korthalsii","Sapotaceae","Madhuca","korthalsii","NR",5,0.280426247896803,162.8,15.22
"Magnolia acuminata","Magnoliaceae","Magnolia","acuminata","AR",3,0.137931034482759,129.666666666667,16
"Magnolia acuminata","Magnoliaceae","Magnolia","acuminata","NR",2,0.112170499158721,200.5,19.1
"Magnolia gigantifolia","Magnoliaceae","Magnolia","gigantifolia","AR",3,0.137931034482759,161.333333333333,12.5666666666667
"Magnolia gigantifolia","Magnoliaceae","Magnolia","gigantifolia","NR",1,0.0560852495793606,241,27.3
"Mallotus korthalsii","Euphorbiaceae","Mallotus","korthalsii","AR",13,0.597701149425287,149.230769230769,16.5153846153846
"Mallotus korthalsii","Euphorbiaceae","Mallotus","korthalsii","NR",15,0.841278743690409,131.857142857143,13.8928571428571
"Mallotus lackeyi","Euphorbiaceae","Mallotus","lackeyi","AR",2,0.0919540229885057,113,7.15
"Hancea penangensis","Euphorbiaceae","Hancea","penangensis","AR",26,1.19540229885057,152.269230769231,17.5846153846154
"Hancea penangensis","Euphorbiaceae","Hancea","penangensis","NR",2,0.112170499158721,171,14
"Mallotus species 1","Euphorbiaceae","Mallotus","species 1","AR",13,0.597701149425287,170.615384615385,15.4538461538462
"Mallotus species 1","Euphorbiaceae","Mallotus","species 1","NR",20,1.12170499158721,179.5,11.85
"Hancea stipularis","Euphorbiaceae","Hancea","stipularis","AR",19,0.873563218390805,153.631578947368,16.4368421052632
"Hancea stipularis","Euphorbiaceae","Hancea","stipularis","NR",6,0.336511497476164,137.333333333333,14.0666666666667
"Mallotus unknown mixed","Euphorbiaceae","Mallotus","unknown mixed","AR",1,0.0459770114942529,114,11.9
"Mallotus wrayi","Euphorbiaceae","Mallotus","wrayi","AR",60,2.75862068965517,123.344827586207,13.3706896551724
"Mallotus wrayi","Euphorbiaceae","Mallotus","wrayi","NR",19,1.06561974200785,120.842105263158,10.6684210526316
"Mangifera caesia","Anacardiaceae","Mangifera","caesia","AR",3,0.137931034482759,180.333333333333,17.1
"Mangifera caesia","Anacardiaceae","Mangifera","caesia","NR",4,0.224340998317443,350.75,26.225
"Mangifera pajang","Anacardiaceae","Mangifera","pajang","AR",1,0.0459770114942529,220,19.8
"Mangifera unknown mixed","Anacardiaceae","Mangifera","unknown mixed","AR",2,0.0919540229885057,380,30.25
"Mangifera unknown mixed","Anacardiaceae","Mangifera","unknown mixed","NR",1,0.0560852495793606,220,18.3
"Urophyllum  corymbosum","Rubiaceae","Urophyllum ","corymbosum","AR",2,0.0919540229885057,133.5,9.1
"Mastixia trichotoma","Nyssaceae","Mastixia","trichotoma","AR",1,0.0459770114942529,115,16.7
"Mastixia trichotoma","Nyssaceae","Mastixia","trichotoma","NR",1,0.0560852495793606,120,10.7
"Meiogyne virgata","Annonaceae","Meiogyne","virgata","AR",3,0.137931034482759,205,18.2666666666667
"Meiogyne virgata","Annonaceae","Meiogyne","virgata","NR",4,0.224340998317443,222.5,20.275
"Melanochyla beccariana","Anacardiaceae","Melanochyla","beccariana","NR",1,0.0560852495793606,169,15.2
"Meliosma pinnata","Sabiaceae","Meliosma","pinnata","AR",1,0.0459770114942529,239,28.7
"Meliosma sumatrana","Sabiaceae","Meliosma","sumatrana","NR",3,0.168255748738082,109.666666666667,9.6
"Memecylon paniculatum","Melastomataceae","Memecylon","paniculatum","NR",1,0.0560852495793606,137,12.5
"Memecylon paniculatum","Melastomataceae","Memecylon","paniculatum","NR",1,0.0560852495793606,118,20.9
"Microcos crassifolia","Malvaceae","Microcos","crassifolia","AR",9,0.413793103448276,160.333333333333,16.4666666666667
"Microcos crassifolia","Malvaceae","Microcos","crassifolia","NR",6,0.336511497476164,215.5,17.9
"Microcos fibrocarpa","Malvaceae","Microcos","fibrocarpa","AR",6,0.275862068965517,197.333333333333,19.3333333333333
"Microcos fibrocarpa","Malvaceae","Microcos","fibrocarpa","NR",1,0.0560852495793606,117,8.4
"Microcos latistipulata","Malvaceae","Microcos","latistipulata","AR",4,0.183908045977011,185.5,16.375
"Microcos latistipulata","Malvaceae","Microcos","latistipulata","NR",2,0.112170499158721,191.5,16.6
"Microcos ossea","Malvaceae","Microcos","ossea","AR",7,0.32183908045977,159,16.0285714285714
"Microcos ossea","Malvaceae","Microcos","ossea","NR",5,0.280426247896803,166,14.88
"Microcos unknown mixed","Malvaceae","Microcos","unknown mixed","AR",1,0.0459770114942529,181,20.3
"Monoon erianthoides","Annonaceae","Monoon","erianthoides","NR",1,0.0560852495793606,129,19.1
"Monoon grandiflorum","Annonaceae","Monoon","grandiflorum","AR",3,0.137931034482759,164.666666666667,16.6666666666667
"Monoon grandiflorum","Annonaceae","Monoon","grandiflorum","NR",5,0.280426247896803,155.2,12.48
"Monoon hookerianum","Annonaceae","Monoon","hookerianum","AR",1,0.0459770114942529,400,46.9
"Monoon hookerianum","Annonaceae","Monoon","hookerianum","NR",1,0.0560852495793606,168,17.7
"Nauclea sp1","Rubiaceae","Nauclea","sp1","AR",2,0.0919540229885057,154.5,21.7
"Nauclea sp1","Rubiaceae","Nauclea","sp1","NR",5,0.280426247896803,235.8,15.76
"Nauclea subdita","Rubiaceae","Nauclea","subdita","NR",1,0.0560852495793606,377,37
"Nauclea unknown mixed","Rubiaceae","Nauclea","unknown mixed","AR",2,0.0919540229885057,177.5,16.65
"Neesia synandra","Malvaceae","Neesia","synandra","AR",5,0.229885057471264,155.8,18.94
"Neesia synandra","Malvaceae","Neesia","synandra","NR",5,0.280426247896803,151.2,12.62
"Neesia unknown mixed","Malvaceae","Neesia","unknown mixed","AR",1,0.0459770114942529,107,10.5
"Neesia unknown mixed","Malvaceae","Neesia","unknown mixed","NR",1,0.0560852495793606,111,12.9
"Neo-Uvaria acuminatissima","Annonaceae","Neo-Uvaria","acuminatissima","AR",1,0.0459770114942529,111,5.6
"Neo-Uvaria acuminatissima","Annonaceae","Neo-Uvaria","acuminatissima","NR",1,0.0560852495793606,107,10.5
"Neolamarckia cadamba","Rubiaceae","Neolamarckia","cadamba","AR",25,1.14942528735632,452.8,37.228
"Neonauclea  gigantea","Rubiaceae","Neonauclea ","gigantea","NR",5,0.280426247896803,365.6,17.1
"Neonauclea sp","Rubiaceae","Neonauclea","sp","AR",5,0.229885057471264,153.6,11.24
"Neonauclea sp1","Rubiaceae","Neonauclea","sp1","AR",2,0.0919540229885057,177,14.45
"Neoscortechinia kingii","Euphorbiaceae","Neoscortechinia","kingii","AR",17,0.781609195402299,184.176470588235,20.1235294117647
"Neoscortechinia kingii","Euphorbiaceae","Neoscortechinia","kingii","NR",8,0.448681996634885,184.375,16.4
"Nephelium cuspidatum","Sapindaceae","Nephelium","cuspidatum","NR",1,0.0560852495793606,268,11.9
"Nephelium maingayi","Sapindaceae","Nephelium","maingayi","AR",2,0.0919540229885057,377,29.5
"Nephelium maingayi","Sapindaceae","Nephelium","maingayi","NR",1,0.0560852495793606,187,17.4
"Nephelium ramboutan-ake","Sapindaceae","Nephelium","ramboutan-ake","AR",15,0.689655172413793,245.333333333333,22.5733333333333
"Nephelium ramboutan-ake","Sapindaceae","Nephelium","ramboutan-ake","NR",15,0.841278743690409,179.466666666667,15.42
"Nothaphoebe canescens","Lauraceae","Nothaphoebe","canescens","AR",1,0.0459770114942529,272,26.8
"Nothaphoebe umbelliflora","Lauraceae","Nothaphoebe","umbelliflora","AR",2,0.0919540229885057,220.5,18.1
"Nothaphoebe umbelliflora","Lauraceae","Nothaphoebe","umbelliflora","NR",4,0.224340998317443,271.25,22.6
"Nothaphoebe unknown mixed","Lauraceae","Nothaphoebe","unknown mixed","AR",1,0.0459770114942529,239,16.6
"Ochanostachys amentacea","Olacaceae","Ochanostachys","amentacea","AR",16,0.735632183908046,317.375,23.91875
"Ochanostachys amentacea","Olacaceae","Ochanostachys","amentacea","NR",5,0.280426247896803,275.2,18.34
"Octomeles sumatrana","Tetramelaceae","Octomeles","sumatrana","AR",10,0.459770114942529,748.4,39.39
"Octomeles sumatrana","Tetramelaceae","Octomeles","sumatrana","NR",4,0.224340998317443,581.5,32.9
"Ormosia bancana","Fabaceae","Ormosia","bancana","NR",1,0.0560852495793606,107,12
"Orophea corymbosa","Annonaceae","Orophea","corymbosa","NR",3,0.168255748738082,137.333333333333,14.8333333333333
"Orophea myriantha","Annonaceae","Orophea","myriantha","AR",2,0.0919540229885057,145,14.2
"Orophea myriantha","Annonaceae","Orophea","myriantha","NR",3,0.168255748738082,160.333333333333,15.4333333333333
"Palaquium beccarianum","Sapotaceae","Palaquium","beccarianum","AR",4,0.183908045977011,129.25,15.075
"Palaquium beccarianum","Sapotaceae","Palaquium","beccarianum","NR",4,0.224340998317443,310,20.225
"Palaquium dasyphyllum","Sapotaceae","Palaquium","dasyphyllum","NR",2,0.112170499158721,113,12.4
"Palaquium maingayi","Sapotaceae","Palaquium","maingayi","AR",2,0.0919540229885057,130,15.9
"Paranephelium macrophyllum","Sapindaceae","Paranephelium","macrophyllum","NR",3,0.168255748738082,134.333333333333,13.5666666666667
"Paranephelium xestophyllum","Sapindaceae","Paranephelium","xestophyllum","AR",9,0.413793103448276,152.222222222222,14.9666666666667
"Paranephelium xestophyllum","Sapindaceae","Paranephelium","xestophyllum","NR",20,1.12170499158721,160.6,13.58
"Parashorea malaanonan","Dipterocarpaceae","Parashorea","malaanonan","AR",36,1.6551724137931,289.138888888889,23.8194444444444
"Parashorea malaanonan","Dipterocarpaceae","Parashorea","malaanonan","NR",31,1.73864273696018,518.064516129032,28.9451612903226
"Parashorea tomentella","Dipterocarpaceae","Parashorea","tomentella","AR",10,0.459770114942529,351.8,30.05
"Parashorea tomentella","Dipterocarpaceae","Parashorea","tomentella","AR",1,0.0459770114942529,335,42.8
"Parashorea tomentella","Dipterocarpaceae","Parashorea","tomentella","NR",10,0.560852495793606,212.2,17.92
"Parinari excelsa","Chrysobalanaceae","Parinari","excelsa","AR",2,0.0919540229885057,218.5,15.6
"Parinari oblongifolia","Chrysobalanaceae","Parinari","oblongifolia","AR",3,0.137931034482759,178.333333333333,20.5333333333333
"Parinari unknown mixed","Chrysobalanaceae","Parinari","unknown mixed","NR",1,0.0560852495793606,459,20.8
"Parkia unknown mixed","Fabaceae","Parkia","unknown mixed","AR",1,0.0459770114942529,419,29.1
"Payena acuminata","Sapotaceae","Payena","acuminata","NR",1,0.0560852495793606,282,19
"Payena microphylla","Sapotaceae","Payena","microphylla","NR",2,0.112170499158721,389,28.2
"Payena unknown mixed","Sapotaceae","Payena","unknown mixed","AR",6,0.275862068965517,266,22.35
"Payena unknown mixed","Sapotaceae","Payena","unknown mixed","NR",4,0.224340998317443,151.5,15.425
"Peltophorum racemosum","Fabaceae","Peltophorum","racemosum","AR",1,0.0459770114942529,556,57.2
"Peltophorum racemosum","Fabaceae","Peltophorum","racemosum","NR",1,0.0560852495793606,293,19.4
"Pentace adenophora","Malvaceae","Pentace","adenophora","AR",7,0.32183908045977,151,16.3428571428571
"Pentace adenophora","Malvaceae","Pentace","adenophora","NR",1,0.0560852495793606,116,8.4
"Pentace laxiflora","Malvaceae","Pentace","laxiflora","AR",14,0.64367816091954,333,30.3428571428571
"Pentace laxiflora","Malvaceae","Pentace","laxiflora","NR",25,1.40213123948402,244,16.756
"Pentace unknown mixed","Malvaceae","Pentace","unknown mixed","AR",1,0.0459770114942529,200,11.2
"Phaeanthus splendens","Annonaceae","Phaeanthus","splendens","AR",4,0.183908045977011,158.5,16.975
"Phaeanthus splendens","Annonaceae","Phaeanthus","splendens","NR",2,0.112170499158721,153.5,16.9
"Planchonia brevistipitata","Lecythidaceae","Planchonia","brevistipitata","AR",2,0.0919540229885057,142,9.8
"Planchonia brevistipitata","Lecythidaceae","Planchonia","brevistipitata","NR",1,0.0560852495793606,107,10.1
"Planchonia unknown mixed","Lecythidaceae","Planchonia","unknown mixed","AR",1,0.0459770114942529,295,28.9
"Urophyllum sandahanicum","Rubiaceae","Urophyllum","sandahanicum","AR",68,3.1264367816092,150.970149253731,11.3492537313433
"Urophyllum sandahanicum","Rubiaceae","Urophyllum","sandahanicum","NR",60,3.36511497476164,163.483333333333,9.15833333333333
"Polyalthia cauliflora","Annonaceae","Polyalthia","cauliflora","NR",1,0.0560852495793606,130,14.3
"Polyalthia obliqua","Annonaceae","Polyalthia","obliqua","NR",3,0.168255748738082,148.333333333333,14.6333333333333
"Pometia pinnata","Sapindaceae","Pometia","pinnata","AR",4,0.183908045977011,212.25,20.025
"Pometia pinnata","Sapindaceae","Pometia","pinnata","NR",5,0.280426247896803,214.6,16.82
"Prunus polystachya","Rosaceae","Prunus","polystachya","AR",3,0.137931034482759,148,21.3666666666667
"Prunus unknown mixed","Rosaceae","Prunus","unknown mixed","AR",1,0.0459770114942529,250,31.8
"Pseuduvaria reticulata","Annonaceae","Pseuduvaria","reticulata","AR",2,0.0919540229885057,156.5,12.4
"Pseuduvaria reticulata","Annonaceae","Pseuduvaria","reticulata","NR",1,0.0560852495793606,107,11.4
"Psydrax dicoccos","Rubiaceae","Psydrax","dicoccos","AR",1,0.0459770114942529,123,18
"Psydrax dicoccos","Rubiaceae","Psydrax","dicoccos","NR",1,0.0560852495793606,118,10.2
"Pternandra coerulescens","Melastomataceae","Pternandra","coerulescens","AR",12,0.551724137931034,129.833333333333,12.5833333333333
"Pternandra coerulescens","Melastomataceae","Pternandra","coerulescens","NR",13,0.729108244531688,127.692307692308,9.30769230769231
"Pterospermum javanicum","Malvaceae","Pterospermum","javanicum","AR",19,0.873563218390805,310.736842105263,19.9263157894737
"Pterospermum javanicum","Malvaceae","Pterospermum","javanicum","NR",99,5.5524397083567,236.111111111111,14.4252525252525
"Pterospermum unknown mixed","Malvaceae","Pterospermum","unknown mixed","NR",4,0.224340998317443,155.75,4.375
"Pterygota alata","Malvaceae","Pterygota","alata","NR",1,0.0560852495793606,475,26.8
"Ptychopyxis arborea","Euphorbiaceae","Ptychopyxis","arborea","AR",2,0.0919540229885057,142.5,14.45
"Ptychopyxis arborea","Euphorbiaceae","Ptychopyxis","arborea","NR",8,0.448681996634885,131.375,13.2
"Reinwardtiodendron humile","Meliaceae","Reinwardtiodendron","humile","AR",5,0.229885057471264,132,17.06
"Reinwardtiodendron humile","Meliaceae","Reinwardtiodendron","humile","NR",5,0.280426247896803,174.8,17.02
"Ridsdalea pseudoternifolia","Rubiaceae","Ridsdalea","pseudoternifolia","AR",4,0.183908045977011,199.5,23.55
"Ryparosa acuminata","Achariaceae","Ryparosa","acuminata","AR",3,0.137931034482759,175.333333333333,19.0666666666667
"Ryparosa acuminata","Achariaceae","Ryparosa","acuminata","NR",4,0.224340998317443,135.75,10.6
"Ryparosa hullettii","Achariaceae","Ryparosa","hullettii","AR",3,0.137931034482759,269.666666666667,21.3333333333333
"Sageraea elliptica","Annonaceae","Sageraea","elliptica","AR",1,0.0459770114942529,139,17.7
"Sageraea elliptica","Annonaceae","Sageraea","elliptica","NR",2,0.112170499158721,136,11.5
"Santiria laevigata","Burseraceae","Santiria","laevigata","AR",1,0.0459770114942529,171,19.3
"Santiria laevigata","Burseraceae","Santiria","laevigata","NR",6,0.336511497476164,111.333333333333,11.7833333333333
"Santiria tomentosa","Burseraceae","Santiria","tomentosa","AR",1,0.0459770114942529,174,19.7
"Scaphium longiflorum","Malvaceae","Scaphium","longiflorum","AR",2,0.0919540229885057,283,25.15
"Scaphium longiflorum","Malvaceae","Scaphium","longiflorum","NR",1,0.0560852495793606,454,35.7
"Scaphium macropodum","Malvaceae","Scaphium","macropodum","AR",5,0.229885057471264,165.2,18.12
"Scaphium macropodum","Malvaceae","Scaphium","macropodum","NR",5,0.280426247896803,329,22.34
"Scaphium unknown mixed","Malvaceae","Scaphium","unknown mixed","NR",1,0.0560852495793606,530,33.3
"Scorodocarpus borneensis","Olacaceae","Scorodocarpus","borneensis","AR",8,0.367816091954023,263.5,23.225
"Scorodocarpus borneensis","Olacaceae","Scorodocarpus","borneensis","NR",2,0.112170499158721,218.5,15.35
"Semecarpus bunburyanus","Anacardiaceae","Semecarpus","bunburyanus","NR",2,0.112170499158721,143,11.85
"Anthoshorea agamae","Dipterocarpaceae","Anthoshorea","agamae","AR",1,0.0459770114942529,135,11.4
"Anthoshorea agamae","Dipterocarpaceae","Anthoshorea","agamae","NR",2,0.112170499158721,111.5,12.85
"Rubroshorea argentifolia","Dipterocarpaceae","Rubroshorea","argentifolia","AR",2,0.0919540229885057,789,46.15
"Rubroshorea argentifolia","Dipterocarpaceae","Rubroshorea","argentifolia","NR",4,0.224340998317443,273.75,19.5
"Shorea atrinervosa","Dipterocarpaceae","Shorea","atrinervosa","AR",4,0.183908045977011,261.75,29.4
"Shorea atrinervosa","Dipterocarpaceae","Shorea","atrinervosa","NR",5,0.280426247896803,162.8,17.08
"Rubroshorea beccariana","Dipterocarpaceae","Rubroshorea","beccariana","AR",1,0.0459770114942529,136,17.5
"Rubroshorea beccariana","Dipterocarpaceae","Rubroshorea","beccariana","AR",17,0.781609195402299,312.235294117647,26.6117647058824
"Rubroshorea beccariana","Dipterocarpaceae","Rubroshorea","beccariana","NR",1,0.0560852495793606,953,43.5
"Richetia faguetiana","Dipterocarpaceae","Richetia","faguetiana","AR",17,0.781609195402299,254.176470588235,22.0588235294118
"Richetia faguetiana","Dipterocarpaceae","Richetia","faguetiana","NR",12,0.673022994952328,343.818181818182,25.8363636363636
"Rubroshorea fallax","Dipterocarpaceae","Rubroshorea","fallax","AR",46,2.11494252873563,249.717391304348,22.9413043478261
"Rubroshorea fallax","Dipterocarpaceae","Rubroshorea","fallax","NR",33,1.8508132361189,248.090909090909,19.130303030303
"Rubroshorea gibbosa","Dipterocarpaceae","Rubroshorea","gibbosa","AR",33,1.51724137931034,259.939393939394,24.969696969697
"Rubroshorea gibbosa","Dipterocarpaceae","Rubroshorea","gibbosa","NR",24,1.34604598990466,251.666666666667,17.4875
"Rubroshorea johorensis","Dipterocarpaceae","Rubroshorea","johorensis","AR",38,1.74712643678161,438.184210526316,31.9447368421053
"Rubroshorea johorensis","Dipterocarpaceae","Rubroshorea","johorensis","NR",35,1.96298373527762,581.371428571429,33.6514285714286
"Rubroshorea leprosula","Dipterocarpaceae","Rubroshorea","leprosula","AR",11,0.505747126436782,201.181818181818,23.7636363636364
"Rubroshorea leprosula","Dipterocarpaceae","Rubroshorea","leprosula","NR",9,0.504767246214246,237.555555555556,18.4333333333333
"Rubroshorea macrophylla","Dipterocarpaceae","Rubroshorea","macrophylla","AR",55,2.52873563218391,472.672727272727,31.4672727272727
"Rubroshorea macrophylla","Dipterocarpaceae","Rubroshorea","macrophylla","NR",1,0.0560852495793606,225,15.9
"Rubroshorea macroptera","Dipterocarpaceae","Rubroshorea","macroptera","AR",6,0.275862068965517,307.166666666667,28.6666666666667
"Rubroshorea macroptera","Dipterocarpaceae","Rubroshorea","macroptera","NR",1,0.0560852495793606,139,11.6
"Rubroshorea mecistopteryx","Dipterocarpaceae","Rubroshorea","mecistopteryx","AR",11,0.505747126436782,444,30.3363636363636
"Rubroshorea ovalis","Dipterocarpaceae","Rubroshorea","ovalis","AR",1,0.0459770114942529,216,19.8
"Rubroshorea ovalis","Dipterocarpaceae","Rubroshorea","ovalis","NR",2,0.112170499158721,640.5,29.25
"Rubroshorea ovata","Dipterocarpaceae","Rubroshorea","ovata","NR",3,0.168255748738082,289.333333333333,25.4666666666667
"Rubroshorea parvifolia","Dipterocarpaceae","Rubroshorea","parvifolia","AR",55,2.52873563218391,417.909090909091,32.8290909090909
"Rubroshorea parvifolia","Dipterocarpaceae","Rubroshorea","parvifolia","NR",45,2.52383623107123,352.222222222222,26.8377777777778
"Rubroshorea pauciflora","Dipterocarpaceae","Rubroshorea","pauciflora","AR",11,0.505747126436782,543.363636363636,36.0363636363636
"Rubroshorea pauciflora","Dipterocarpaceae","Rubroshorea","pauciflora","NR",10,0.560852495793606,768.9,37.95
"Shorea seminis","Dipterocarpaceae","Shorea","seminis","AR",5,0.229885057471264,182,19.58
"Shorea seminis","Dipterocarpaceae","Shorea","seminis","NR",7,0.392596747055524,336.142857142857,14.9714285714286
"Shorea sp","Dipterocarpaceae","Shorea","sp","AR",21,0.96551724137931,219.52380952381,19.352380952381
"Shorea superba","Dipterocarpaceae","Shorea","superba","AR",9,0.413793103448276,311.222222222222,30.4
"Shorea superba","Dipterocarpaceae","Shorea","superba","NR",8,0.448681996634885,434.125,29.5625
"Shorea unknown mixed","Dipterocarpaceae","Shorea","unknown mixed","AR",14,0.64367816091954,361.785714285714,28.9928571428571
"Shorea unknown mixed","Dipterocarpaceae","Shorea","unknown mixed","NR",9,0.504767246214246,208.777777777778,21.4555555555556
"Sindora irpicina","Fabaceae","Sindora","irpicina","AR",1,0.0459770114942529,210,17.6
"Sindora irpicina","Fabaceae","Sindora","irpicina","NR",5,0.280426247896803,123.6,10.64
"Spathiostemon javensis","Euphorbiaceae","Spathiostemon","javensis","AR",6,0.275862068965517,192.833333333333,17.1833333333333
"Spathiostemon javensis","Euphorbiaceae","Spathiostemon","javensis","NR",1,0.0560852495793606,114,4.8
"Stemonurus grandifolius","Stemonuraceae","Stemonurus","grandifolius","AR",1,0.0459770114942529,227,22.3
"Stemonurus grandifolius","Stemonuraceae","Stemonurus","grandifolius","NR",1,0.0560852495793606,155,20.8
"Stemonurus scorpioides","Stemonuraceae","Stemonurus","scorpioides","AR",1,0.0459770114942529,179,16.3
"Stemonurus scorpioides","Stemonuraceae","Stemonurus","scorpioides","NR",2,0.112170499158721,198,19.35
"Stemonurus unknown mixed","Stemonuraceae","Stemonurus","unknown mixed","AR",1,0.0459770114942529,353,25.9
"Sterculia cordata","Malvaceae","Sterculia","cordata","AR",1,0.0459770114942529,112,14
"Sympetalandra unijuga","Fabaceae","Sympetalandra","unijuga","AR",5,0.229885057471264,372.6,22.08
"Sympetalandra unijuga","Fabaceae","Sympetalandra","unijuga","NR",1,0.0560852495793606,139,10.2
"Symplocos fasciculata","Symplocaceae","Symplocos","fasciculata","AR",6,0.275862068965517,146.833333333333,12.8333333333333
"Symplocos fasciculata","Symplocaceae","Symplocos","fasciculata","NR",20,1.12170499158721,162.9,8.35
"Symplocos unknown mixed","Symplocaceae","Symplocos","unknown mixed","AR",1,0.0459770114942529,105,10.4
"Syzygium hirtum","Myrtaceae","Syzygium","hirtum","AR",1,0.0459770114942529,118,9.3
"Syzygium unknown mixed","Myrtaceae","Syzygium","unknown mixed","AR",46,2.11494252873563,263.111111111111,21.1977777777778
"Syzygium unknown mixed","Myrtaceae","Syzygium","unknown mixed","NR",43,2.41166573191251,189.139534883721,16.1976744186047
"unknown unknown","Magnoliaceae","unknown","unknown","AR",4,0.183908045977011,184,15.675
"unknown unknown","Magnoliaceae","unknown","unknown","NR",3,0.168255748738082,185.666666666667,19.7333333333333
"unknown unknown mixed","Magnoliaceae","unknown","unknown mixed","NR",1,0.0560852495793606,203,25.1
"Teijsmanniodendron pteropodum","Lamiaceae","Teijsmanniodendron","pteropodum","AR",3,0.137931034482759,232,15.2666666666667
"Teijsmanniodendron unknown mixed","Lamiaceae","Teijsmanniodendron","unknown mixed","AR",8,0.367816091954023,213.125,16.0375
"Teijsmanniodendron unknown mixed","Lamiaceae","Teijsmanniodendron","unknown mixed","NR",1,0.0560852495793606,141,12.8
"Triomma malaccensis","Burseraceae","Triomma","malaccensis","NR",1,0.0560852495793606,108,19.9
"Unknown species 8","Annonaceae","Unknown","species 8","NR",1,0.0560852495793606,111,13.2
"Unknown unknown mixed","Annonaceae","Unknown","unknown mixed","AR",14,0.64367816091954,183.214285714286,22.3642857142857
"Unknown unknown mixed","Annonaceae","Unknown","unknown mixed","AR",4,0.183908045977011,157.75,16.95
"Unknown unknown mixed","Annonaceae","Unknown","unknown mixed","AR",4,0.183908045977011,249.75,24.2
"Unknown unknown mixed","Annonaceae","Unknown","unknown mixed","AR",15,0.689655172413793,241.266666666667,20.24
"Unknown unknown mixed","Annonaceae","Unknown","unknown mixed","AR",7,0.32183908045977,447.285714285714,47
"Unknown unknown mixed","Annonaceae","Unknown","unknown mixed","AR",1,0.0459770114942529,434,34.6
"Unknown unknown mixed","Annonaceae","Unknown","unknown mixed","AR",21,0.96551724137931,173.428571428571,14.952380952381
"Unknown unknown mixed","Annonaceae","Unknown","unknown mixed","AR",2,0.0919540229885057,508.5,31.95
"Unknown unknown mixed","Annonaceae","Unknown","unknown mixed","AR",3,0.137931034482759,245.666666666667,24.0333333333333
"Unknown unknown mixed","Annonaceae","Unknown","unknown mixed","AR",1,0.0459770114942529,172,24.2
"Unknown unknown mixed","Annonaceae","Unknown","unknown mixed","NR",3,0.168255748738082,141.333333333333,12.7
"Unknown unknown mixed","Annonaceae","Unknown","unknown mixed","NR",5,0.280426247896803,176,14.72
"Unknown unknown mixed","Annonaceae","Unknown","unknown mixed","NR",4,0.224340998317443,289.5,15.625
"Unknown unknown mixed","Annonaceae","Unknown","unknown mixed","NR",17,0.953449242849131,140.823529411765,38.1823529411765
"Unknown unknown mixed","Annonaceae","Unknown","unknown mixed","NR",37,2.07515423443634,228.837837837838,17.8459459459459
"Unknown unknown mixed","Annonaceae","Unknown","unknown mixed","NR",16,0.89736399326977,269.75,22.075
"Unknown unknown mixed","Annonaceae","Unknown","unknown mixed","NR",2,0.112170499158721,224.5,18.95
"Urophyllum  glabrum","Rubiaceae","Urophyllum ","glabrum","NR",1,0.0560852495793606,190,15.4
"Urophyllum  unknown mixed","Rubiaceae","Urophyllum ","unknown mixed","AR",1,0.0459770114942529,121,12.5
"Vatica albiramis","Dipterocarpaceae","Vatica","albiramis","AR",1,0.0459770114942529,462,42.6
"Vatica dulitensis","Dipterocarpaceae","Vatica","dulitensis","AR",10,0.459770114942529,247.6,26.88
"Vatica dulitensis","Dipterocarpaceae","Vatica","dulitensis","NR",1,0.0560852495793606,105,12.3
"Vatica sarawakensis","Dipterocarpaceae","Vatica","sarawakensis","AR",2,0.0919540229885057,204,19.75
"Vitex pinnata","Lamiaceae","Vitex","pinnata","AR",3,0.137931034482759,187,17.6333333333333
"Vitex pinnata","Lamiaceae","Vitex","pinnata","NR",6,0.336511497476164,223.833333333333,15.5
"Walsura pinnata","Meliaceae","Walsura","pinnata","AR",2,0.0919540229885057,159.5,15.25
"Walsura pinnata","Meliaceae","Walsura","pinnata","NR",4,0.224340998317443,186.75,16.875
"Xanthophyllum flavescens","Polygalaceae","Xanthophyllum","flavescens","AR",5,0.229885057471264,194.8,14.68
"Xanthophyllum flavescens","Polygalaceae","Xanthophyllum","flavescens","NR",2,0.112170499158721,107,11.4
"Xanthophyllum unknown mixed","Polygalaceae","Xanthophyllum","unknown mixed","AR",9,0.413793103448276,152.555555555556,17.3666666666667
"Xanthophyllum unknown mixed","Polygalaceae","Xanthophyllum","unknown mixed","NR",15,0.841278743690409,188.266666666667,13.64
"Xylopia ferruginea","Annonaceae","Xylopia","ferruginea","AR",4,0.183908045977011,261.5,23.375
"Ziziphus augustifolia","Rhamnaceae","Ziziphus","augustifolia","AR",5,0.229885057471264,185.8,19.5
"Ziziphus augustifolia","Rhamnaceae","Ziziphus","augustifolia","NR",2,0.112170499158721,223.5,20.55
NA,NA,NA,NA,"AR",6,0.275862068965517,129.5,16.5
NA,NA,NA,NA,"AR",3,0.137931034482759,189.666666666667,19.5
NA,NA,NA,NA,"AR",2,0.0919540229885057,267,24.3
NA,NA,NA,NA,"AR",4,0.183908045977011,181,20.025
NA,NA,NA,NA,"AR",4,0.183908045977011,163,22.15
NA,NA,NA,NA,"NR",1,0.0560852495793606,130,12.9
NA,NA,NA,NA,"NR",1,0.0560852495793606,175,14.3
NA,NA,NA,NA,"NR",1,0.0560852495793606,118,10.2
NA,NA,NA,NA,"NR",4,0.224340998317443,157,14.375
NA,NA,NA,NA,"NR",8,0.448681996634885,142.875,14.025
NA,NA,NA,NA,"NR",3,0.168255748738082,171.666666666667,12.3333333333333
NA,NA,NA,NA,"NR",1,0.0560852495793606,124,10.9
