"binomial_name","family","genus","species","history_at_IF_site","history_at_CP_site","species_origin","logging_status"
"Acranthera frutescens","Rubiaceae","Acranthera","frutescens",NA,NA,"50ha","unlogged"
"Acranthera velutinervia","Rubiaceae","Acranthera","velutinervia",NA,NA,"50ha","unlogged"
"Actinodaphne borneensis","Lauraceae","Actinodaphne","borneensis",NA,NA,"50ha","unlogged"
"Actinodaphne glomerata","Lauraceae","Actinodaphne","glomerata",NA,NA,"50ha","unlogged"
"Actinodaphne macrophylla","Lauraceae","Actinodaphne","macrophylla",NA,NA,"50ha","unlogged"
"Actinodaphne pruinosa","Lauraceae","Actinodaphne","pruinosa",NA,NA,"50ha","unlogged"
"Actinodaphne species 1","Lauraceae","Actinodaphne","species 1",NA,NA,"50ha","unlogged"
"Actinodaphne unknown mixed","Lauraceae","Actinodaphne","unknown mixed",NA,"no seedling data, AR, NR","CP, 50ha","both"
"Adenanthera kostermansii","Fabaceae","Adenanthera","kostermansii",NA,"AR, NR","CP, 50ha","both"
"Adenanthera malayana","Fabaceae","Adenanthera","malayana",NA,"AR","CP, 50ha","both"
"Adinandra unknown mixed","Theaceae","Adinandra","unknown mixed",NA,"NR","CP","logged"
"Aglaia angustifolia","Meliaceae","Aglaia","angustifolia",NA,"AR","CP, 50ha","both"
"Aglaia argentea","Meliaceae","Aglaia","argentea",NA,"AR, NR","CP, 50ha","both"
"Aglaia crassinervia","Meliaceae","Aglaia","crassinervia",NA,NA,"50ha","unlogged"
"Aglaia edulis","Meliaceae","Aglaia","edulis",NA,NA,"50ha","unlogged"
"Aglaia elliptica","Meliaceae","Aglaia","elliptica",NA,NA,"50ha","unlogged"
"Aglaia grandis","Meliaceae","Aglaia","grandis",NA,NA,"50ha","unlogged"
"Aglaia luzoniensis","Meliaceae","Aglaia","luzoniensis",NA,NA,"50ha","unlogged"
"Aglaia macrocarpa","Meliaceae","Aglaia","macrocarpa",NA,NA,"50ha","unlogged"
"Aglaia odoratissima","Meliaceae","Aglaia","odoratissima",NA,"AR, NR","CP, 50ha","both"
"Aglaia oligophylla","Meliaceae","Aglaia","oligophylla",NA,NA,"50ha","unlogged"
"Aglaia silvestris","Meliaceae","Aglaia","silvestris",NA,"AR, NR","CP, 50ha","both"
"Aglaia spectabilis","Meliaceae","Aglaia","spectabilis",NA,"AR, NR","CP, 50ha","both"
"Aglaia tomentosa","Meliaceae","Aglaia","tomentosa",NA,"AR, NR","CP, 50ha","both"
"Aglaia unknown mixed","Meliaceae","Aglaia","unknown mixed",NA,"AR, NR, no seedling data","CP, 50ha","both"
"Alangium javanicum","Cornaceae","Alangium","javanicum",NA,"AR, NR","CP, 50ha","both"
"Allophylus cobbe","Sapindaceae","Allophylus","cobbe",NA,NA,"50ha","unlogged"
"Alseodaphne bancana","Lauraceae","Alseodaphne","bancana",NA,NA,"50ha","unlogged"
"Alseodaphne unknown mixed","Lauraceae","Alseodaphne","unknown mixed",NA,"AR","CP, 50ha","both"
"Alstonia angustifolia","Apocynaceae","Alstonia","angustifolia",NA,"NR, AR","CP, 50ha","both"
"Alstonia iwahigensis","Apocynaceae","Alstonia","iwahigensis",NA,NA,"50ha","unlogged"
"Anaxagorea javanica","Annonaceae","Anaxagorea","javanica",NA,NA,"50ha","unlogged"
"Anisophyllea beccariana","Anisophylleaceae","Anisophyllea","beccariana",NA,NA,"50ha","unlogged"
"Anisophyllea corneri","Anisophylleaceae","Anisophyllea","corneri",NA,"NR, AR","CP, 50ha","both"
"Anisoptera costata","Dipterocarpaceae","Anisoptera","costata",NA,"AR","CP, 50ha","both"
"Antiaris toxicaria","Moraceae","Antiaris","toxicaria",NA,NA,"50ha","unlogged"
"Antidesma leucopodum","Phyllanthaceae","Antidesma","leucopodum",NA,NA,"50ha","unlogged"
"Antidesma neurocarpum","Phyllanthaceae","Antidesma","neurocarpum",NA,NA,"50ha","unlogged"
"Phyllanthaceae species 1","Antidesma species 1","Phyllanthaceae","species 1",NA,"NR","CP","logged"
"Antidesma roxburghii","Phyllanthaceae","Antidesma","roxburghii",NA,NA,"50ha","unlogged"
"Antidesma unknown mixed","Phyllanthaceae","Antidesma","unknown mixed",NA,"AR","CP, 50ha","both"
"Aphanamixis borneensis","Meliaceae","Aphanamixis","borneensis",NA,NA,"50ha","unlogged"
"Aphanamixis unknown mixed","Meliaceae","Aphanamixis","unknown mixed",NA,NA,"50ha","unlogged"
"Aporosa elmeri","Phyllanthaceae","Aporosa","elmeri",NA,"AR, NR","CP","logged"
"Aporosa falcifera","Phyllanthaceae","Aporosa","falcifera",NA,"AR, NR","CP","logged"
"Aporosa frutescens","Phyllanthaceae","Aporosa","frutescens",NA,"AR, NR","CP","logged"
"Aporosa grandistipula","Phyllanthaceae","Aporosa","grandistipula",NA,"AR, NR","CP","logged"
"Aporosa illustris","Phyllanthaceae","Aporosa","illustris",NA,"NR, AR","CP","logged"
"Aporusa unknown mixed","Phyllanthaceae","Aporusa","unknown mixed",NA,"NR, AR","CP","logged"
"Aquilaria beccariana","Thymelaeaceae","Aquilaria","beccariana",NA,NA,"50ha","unlogged"
"Archidendron microcarpum","Fabaceae","Archidendron","microcarpum",NA,NA,"50ha","unlogged"
"Archidendron unknown mixed","Fabaceae","Archidendron","unknown mixed",NA,NA,"50ha","unlogged"
"Ardisia  colorata","Primulaceae","Ardisia ","colorata",NA,NA,NA,NA
"Ardisia  macrophylla","Primulaceae","Ardisia ","macrophylla",NA,NA,NA,NA
"Ardisia  unknown mixed","Primulaceae","Ardisia ","unknown mixed",NA,"AR","CP","logged"
"Artocarpus anisophyllus","Moraceae","Artocarpus","anisophyllus",NA,"NR","CP, 50ha","both"
"Artocarpus elasticus","Moraceae","Artocarpus","elasticus",NA,"NR","CP","logged"
"Artocarpus heterophyllus","Moraceae","Artocarpus","heterophyllus",NA,"AR","CP","logged"
"Artocarpus unknown mixed","Moraceae","Artocarpus","unknown mixed",NA,"AR","CP","logged"
"Atuna excelsa","Chrysobalanaceae","Atuna","excelsa",NA,"NR","CP","logged"
"Azadirachta excelsa","Meliaceae","Azadirachta","excelsa",NA,"AR","CP, 50ha","both"
"Baccaurea edulis","Phyllanthaceae","Baccaurea","edulis",NA,NA,"50ha","unlogged"
"Baccaurea lanceolata","Phyllanthaceae","Baccaurea","lanceolata",NA,"AR, NR","CP, 50ha","both"
"Baccaurea macrocarpa","Phyllanthaceae","Baccaurea","macrocarpa",NA,"no seedling data","CP, 50ha","both"
"Baccaurea parviflora","Phyllanthaceae","Baccaurea","parviflora",NA,NA,"50ha","unlogged"
"Baccaurea species 1","Phyllanthaceae","Baccaurea","species 1",NA,NA,"50ha","unlogged"
"Baccaurea tetrandra","Phyllanthaceae","Baccaurea","tetrandra",NA,"AR, NR","CP, 50ha","both"
"Baccaurea unknown mixed","Phyllanthaceae","Baccaurea","unknown mixed",NA,"AR, NR","CP, 50ha","both"
"Barringtonia lanceolata","Lecythidaceae ","Barringtonia","lanceolata",NA,"AR, NR","CP, 50ha","both"
"Barringtonia macrostachya","Lecythidaceae ","Barringtonia","macrostachya",NA,"AR, NR","CP, 50ha","both"
"Barringtonia unknown mixed","Lecythidaceae","Barringtonia","unknown mixed",NA,NA,"50ha","unlogged"
"Beilschmiedia Unknown species 1","Lauraceae","Beilschmiedia","Unknown species 1",NA,NA,"50ha","unlogged"
"Beilschmiedia assamica","Lauraceae","Beilschmiedia","assamica",NA,NA,"50ha","unlogged"
"Beilschmiedia ","Lauraceae","Beilschmiedia","",NA,"NR","CP, 50ha","both"
"Beilschmiedia micrantha","Lauraceae","Beilschmiedia","micrantha",NA,"AR, NR","CP, 50ha","both"
"Beilschmiedia tawaensis","Lauraceae","Beilschmiedia","tawaensis",NA,"AR, NR","CP, 50ha","both"
"Beilschmiedia unknown mixed","Lauraceae","Beilschmiedia","unknown mixed",NA,"AR, NR","CP","logged"
"Bhesa paniculata","Centroplacaceae","Bhesa","paniculata",NA,NA,"50ha","unlogged"
"Blumeodendron kurzii","Euphorbiaceae","Blumeodendron","kurzii",NA,"AR, NR","CP, 50ha","both"
"Blumeodendron tokbrai","Euphorbiaceae","Blumeodendron","tokbrai",NA,"AR, NR","CP, 50ha","both"
"Bridelia ","Phyllanthaceae","Bridelia","",NA,NA,"50ha","unlogged"
"Bridelia cinnamomea","Phyllanthaceae","Bridelia","cinnamomea",NA,NA,"50ha","unlogged"
"Bridelia insulana","Phyllanthaceae","Bridelia","insulana",NA,"no seedling data, AR","CP, 50ha","both"
"Brownlowia peltata","Malvaceae","Brownlowia","peltata",NA,"NR, AR","CP, 50ha","both"
"Brownlowia stipulata","Malvaceae","Brownlowia","stipulata",NA,"NR","CP, 50ha","both"
"Buchanania arborescens","Anacardiaceae","Buchanania","arborescens",NA,NA,"50ha","unlogged"
"Buchanania sessilifolia","Anacardiaceae","Buchanania","sessilifolia",NA,"NR","CP, 50ha","both"
"Buchanania unknown mixed","Anacardiaceae","Buchanania","unknown mixed",NA,NA,"50ha","unlogged"
"Callicarpa longifolia","Lamiaceae","Callicarpa","longifolia",NA,NA,"50ha","unlogged"
"Callicarpa pentandra","Lamiaceae","Callicarpa","pentandra",NA,"AR, NR","CP, 50ha","both"
"Callicarpa unknown mixed","Lamiaceae","Callicarpa","unknown mixed",NA,"AR","CP","logged"
"Calophyllum blancoi","Calophyllaceae","Calophyllum","blancoi",NA,"NR, AR","CP, 50ha","both"
"Calophyllum gracilipes","Calophyllaceae","Calophyllum","gracilipes",NA,"AR","CP, 50ha","both"
"Calophyllum pulcherrimum","Calophyllaceae","Calophyllum","pulcherrimum",NA,NA,"50ha","unlogged"
"Calophyllum soulattri","Calophyllaceae","Calophyllum","soulattri",NA,"NR","CP, 50ha","both"
"Calophyllum species 1","Clusiaceae","Calophyllum","species 1",NA,NA,"50ha","unlogged"
"Calophyllum species 2","Clusiaceae","Calophyllum","species 2",NA,NA,"50ha","unlogged"
"Calophyllaceae venulosum","Calophyllaceae","Calophyllaceae","venulosum",NA,NA,"50ha","unlogged"
"Cananga odorata","Annonaceae","Cananga","odorata",NA,NA,"50ha","unlogged"
"Canarium decumanum","Burseraceae","Canarium","decumanum",NA,"AR, NR","CP","logged"
"Canarium denticulatum","Burseraceae","Canarium","denticulatum","ActiveRestoration","AR, NR","CP, IF","logged"
"Canarium odontophyllum","Burseraceae","Canarium","odontophyllum",NA,"AR, NR, no seedling data","CP","logged"
"Canarium unknown mixed","Burseraceae","Canarium","unknown mixed",NA,"AR, NR","CP","logged"
"Carallia borneensis","Rhizophoraceae","Carallia","borneensis",NA,NA,"50ha","unlogged"
"Carallia species 1","Rhizophoraceae","Carallia","species 1",NA,NA,"50ha","unlogged"
"Caryodaphnopsis tonkinensis","Lauraceae","Caryodaphnopsis","tonkinensis",NA,"NR, no seedling data, AR","CP, 50ha","both"
"Casearia grewiifolia","Salicaceae","Casearia","grewiifolia",NA,"AR","CP, 50ha","both"
"Castanopsis hypophoenicea","Fagaceae","Castanopsis","hypophoenicea",NA,"AR, NR","CP, 50ha","both"
"Castanopsis motleyana","Fagaceae","Castanopsis","motleyana",NA,"NR","CP","logged"
"Castanopsis unknown mixed","Fagaceae","Castanopsis","unknown mixed",NA,NA,"50ha","unlogged"
"Chionanthus curvicarpus","Oleaceae","Chionanthus","curvicarpus",NA,NA,"50ha","unlogged"
"Chionanthus macrocarpus","Oleaceae","Chionanthus","macrocarpus",NA,NA,"50ha","unlogged"
"Chionanthus pluriflorus","Oleaceae","Chionanthus","pluriflorus",NA,"AR, NR","CP, 50ha","both"
"Chionanthus unknown mixed","Oleaceae","Chionanthus","unknown mixed",NA,"NR","CP, 50ha","both"
"Chisocheton ceramicus","Meliaceae","Chisocheton","ceramicus",NA,NA,"50ha","unlogged"
"Chisocheton macranthus","Meliaceae","Chisocheton","macranthus",NA,"AR, NR","CP, 50ha","both"
"Chisocheton patens","Meliaceae","Chisocheton","patens",NA,"NR","CP, 50ha","both"
"Chisocheton pentandrus","Meliaceae","Chisocheton","pentandrus",NA,"AR","CP, 50ha","both"
"Chisocheton polyandrus","Meliaceae","Chisocheton","polyandrus",NA,NA,"50ha","unlogged"
"Chisocheton sarawakanus","Meliaceae","Chisocheton","sarawakanus",NA,"AR, NR","CP, 50ha","both"
"Chisocheton unknown mixed","Meliaceae","Chisocheton","unknown mixed",NA,"AR, NR","CP, 50ha","both"
"Cinnamomum iners","Lauraceae","Cinnamomum","iners",NA,"AR","CP, 50ha","both"
"Cinnamomum racemosum","Lauraceae","Cinnamomum","racemosum",NA,NA,"50ha","unlogged"
"Cinnamomum unknown mixed","Lauraceae","Cinnamomum","unknown mixed",NA,"NR","CP, 50ha","both"
"Clausena excavata","Rutaceae","Clausena","excavata",NA,"NR","CP, 50ha","both"
"Clausena unknown","Rutaceae","Clausena","unknown",NA,NA,"50ha","unlogged"
"Cleistanthus hirsutulus","Phyllanthaceae","Cleistanthus","hirsutulus",NA,"AR, NR","CP, 50ha","both"
"Cleistanthus oblongifolius","Phyllanthaceae","Cleistanthus","oblongifolius",NA,"NR, AR","CP","logged"
"Cleistanthus podopyxis","Phyllanthaceae","Cleistanthus","podopyxis",NA,"no seedling data, AR","CP, 50ha","both"
"Cleistanthus species 2","Phyllanthaceae","Cleistanthus","species 2",NA,NA,"50ha","unlogged"
"Cleistanthus unknown mixed","Phyllanthaceae","Cleistanthus","unknown mixed",NA,"AR, NR","CP, 50ha","both"
"Coelostegia borneensis","Malvaceae","Coelostegia","borneensis",NA,"AR","CP, 50ha","both"
"Cowiea borneensis","Rubiaceae","Cowiea","borneensis",NA,NA,"50ha","unlogged"
"Crateva magna","Capparaceae","Crateva","magna",NA,NA,"50ha","unlogged"
"Cratoxylum cochinchinense","Hypericaceae","Cratoxylum","cochinchinense",NA,NA,"50ha","unlogged"
"Cratoxylum unknown mixed","Hypericaceae","Cratoxylum","unknown mixed",NA,"AR, NR","CP","logged"
"Croton argyratus","Euphorbiaceae","Croton","argyratus",NA,"NR","CP","logged"
"Croton oblongus","Euphorbiaceae","Croton","oblongus",NA,NA,"50ha","unlogged"
"Croton unknown mixed","Euphorbiaceae","Croton","unknown mixed",NA,NA,"50ha","unlogged"
"Crudia bantamensis","Fabacea","Crudia","bantamensis",NA,NA,"50ha","unlogged"
"Crudia tenuipes","Fabaceae","Crudia","tenuipes",NA,"AR","CP, 50ha","both"
"Crudia unknown mixed","Fabaceae","Crudia","unknown mixed",NA,"AR, NR","CP","logged"
"Crypteronia rubiflora","Crypteroniaceae","Crypteronia","rubiflora",NA,NA,"50ha","unlogged"
"Cryptocarya ferrea","Lauraceae","Cryptocarya","ferrea",NA,"AR, NR","CP, 50ha","both"
"Cryptocarya pulchrinervia","Lauraceae","Cryptocarya","pulchrinervia",NA,"no seedling data, NR","CP, 50ha","both"
"Cryptocarya strictifolia","Lauraceae","Cryptocarya","strictifolia",NA,"AR","CP","logged"
"Cryptocarya teysmanniana","Lauraceae","Cryptocarya","teysmanniana",NA,NA,"50ha","unlogged"
"Cryptocarya unknown mixed","Lauraceae","Cryptocarya","unknown mixed",NA,"AR","CP","logged"
"Cyathocalyx magnifructus","Annonaceae","Cyathocalyx","magnifructus",NA,"AR","CP, 50ha","both"
"Cynometra elmeri","Fabaceae","Cynometra","elmeri",NA,NA,"50ha","unlogged"
"Cynometra mirabilis","Fabaceae","Cynometra","mirabilis",NA,"NR","CP, 50ha","both"
"Dacryodes laxa","Burseraceae","Dacryodes","laxa",NA,NA,"50ha","unlogged"
"Dacryodes rostrata","Burseraceae","Dacryodes","rostrata",NA,"AR","CP, 50ha","both"
"Dacryodes rugosa","Burseraceae","Dacryodes","rugosa",NA,"AR, NR","CP, 50ha","both"
"Dacryodes species 1","Burseraceae","Dacryodes","species 1",NA,NA,"50ha","unlogged"
"Dacryodes unknown mixed","Burseraceae","Dacryodes","unknown mixed",NA,"AR, NR","CP","logged"
"Decaspermum parviflorum","Myrtaceae","Decaspermum","parviflorum",NA,NA,"50ha","unlogged"
"Dehaasia caesia","Lauraceae","Dehaasia","caesia",NA,"AR, NR","CP, 50ha","both"
"Dehaasia gigantocarpa","Lauraceae","Dehaasia","gigantocarpa",NA,NA,"50ha","unlogged"
"Dehaasia incrassata","Lauraceae","Dehaasia","incrassata",NA,"AR, NR","CP, 50ha","both"
"Dehaasia unknown mixed","Lauraceae","Dehaasia","unknown mixed",NA,"AR, NR","CP, 50ha","both"
"Dendrocnide elliptica","Urticaceae","Dendrocnide","elliptica",NA,"AR, NR","CP, 50ha","both"
"Dendrocnide stimulans","Urticaceae","Dendrocnide","stimulans",NA,NA,"50ha","unlogged"
"Dendrocnide unknown mixed","Urticaceae","Dendrocnide","unknown mixed",NA,"NR","CP, 50ha","both"
"Dialium indum","Fabaceae","Dialium","indum",NA,NA,"50ha","unlogged"
"Dialium unknown mixed","Fabaceae","Dialium","unknown mixed",NA,NA,"50ha","unlogged"
"Dillenia borneensis","Dilleniaceae","Dillenia","borneensis",NA,NA,"50ha","unlogged"
"Dillenia excelsa","Dilleniaceae","Dillenia","excelsa",NA,"NR, AR","CP, 50ha","both"
"Dillenia species 1","Dilleniaceae","Dillenia","species 1",NA,"NR","CP, 50ha","both"
"Dimocarpus dentatus","Sapindaceae","Dimocarpus","dentatus",NA,"NR, AR","CP, 50ha","both"
"Dimocarpus fumatus","Sapindaceae","Dimocarpus","fumatus",NA,NA,"50ha","unlogged"
"Dimocarpus longan","Sapindaceae","Dimocarpus","longan","ActiveRestoration, NaturalRegeneration","AR, NR","CP, 50ha, IF","both"
"Tritaxis denticulata","Euphorbiaceae","Tritaxis","denticulata",NA,"NR","CP, 50ha","both"
"Diospyros andamanica","Ebenaceae","Diospyros","andamanica",NA,"NR, AR","CP, 50ha","both"
"Diospyros borneensis","Ebenaceae","Diospyros","borneensis",NA,NA,"50ha","unlogged"
"Diospyros cauliflora","Ebenaceae","Diospyros","cauliflora",NA,"NR, no seedling data, AR","CP, 50ha","both"
"Diospyros curranii","Ebenaceae","Diospyros","curranii",NA,"AR, NR","CP, 50ha","both"
"Diospyros daemona","Ebenaceae","Diospyros","daemona",NA,NA,"50ha","unlogged"
"Diospyros dictyoneura","Ebenaceae","Diospyros","dictyoneura",NA,"NR","CP, 50ha","both"
"Diospyros diepenhorstii","Ebenaceae","Diospyros","diepenhorstii",NA,NA,"50ha","unlogged"
"Diospyros elliptifolia","Ebenaceae","Diospyros","elliptifolia",NA,"AR, NR","CP, 50ha","both"
"Diospyros euphlehia","Ebenaceae","Diospyros","euphlehia",NA,"AR","CP, 50ha","both"
"Diospyros frutescens","Ebenaceae","Diospyros","frutescens",NA,"NR","CP, 50ha","both"
"Diospyros peregrina","Ebenaceae","Diospyros","peregrina",NA,"AR, NR","CP, 50ha","both"
"Diospyros muricata","Ebenaceae","Diospyros","muricata",NA,"AR","CP, 50ha","both"
"Diospyros oblonga","Ebenaceae","Diospyros","oblonga",NA,"AR, NR","CP, 50ha","both"
"Diospyros pyrrhocarpa","Ebenaceae","Diospyros","pyrrhocarpa",NA,NA,"50ha","unlogged"
"Diospyros species 1","Ebenaceae","Diospyros","species 1",NA,NA,"50ha","unlogged"
"Diospyros species 2","Ebenaceae","Diospyros","species 2",NA,NA,"50ha","unlogged"
"Diospyros species 3","Ebenaceae","Diospyros","species 3",NA,NA,"50ha","unlogged"
"Diospyros species 4","Ebenaceae","Diospyros","species 4",NA,NA,"50ha","unlogged"
"Diospyros species 6","Ebenaceae","Diospyros","species 6",NA,NA,"50ha","unlogged"
"Diospyros species 7","Ebenaceae","Diospyros","species 7",NA,NA,"50ha","unlogged"
"Diospyros squamifolia ","Ebenaceae","Diospyros","squamifolia ",NA,NA,"50ha","unlogged"
"Diospyros toposia","Ebenaceae","Diospyros","toposia",NA,"NR, AR","CP, 50ha","both"
"Diospyros tuberculata","Ebenaceae","Diospyros","tuberculata",NA,"NR, AR","CP, 50ha","both"
"Diospyros unknown mixed","Ebenaceae","Diospyros","unknown mixed",NA,"AR, NR","CP","logged"
"Diospyros wallichii","Ebenaceae","Diospyros","wallichii",NA,NA,"50ha","unlogged"
"Discospermum malaccense","Rubiaceae","Discospermum","malaccense",NA,"AR, NR","CP, 50ha","both"
"Diplospora unknown mixed","Rubiaceae","Diplospora","unknown mixed",NA,NA,"50ha","unlogged"
"Dipterocarpus applanatus","Dipterocarpaceae","Dipterocarpus","applanatus",NA,"AR, NR","CP","logged"
"Dipterocarpus caudifer","Dipterocarpaceae","Dipterocarpus","caudifer","ActiveRestoration, NaturalRegeneration","AR, NR","CP, IF","logged"
"Dipterocarpus unknown mixed","Dipterocarpaceae","Dipterocarpus","unknown mixed",NA,"AR, NR","CP","logged"
"Dracontomelon costatum","Anacardiaceae","Dracontomelon","costatum",NA,NA,"50ha","unlogged"
"Dracontomelon dao","Anacardiaceae","Dracontomelon","dao",NA,"NR","CP, 50ha","both"
"Dracontomelon unknown mixed","Anacardiaceae","Dracontomelon","unknown mixed",NA,NA,"50ha","unlogged"
"Drepananthus havilandii","Annonaceae","Drepananthus","havilandii",NA,"NR","CP","logged"
"Dryobalanops lanceolata","Dipterocarpaceae","Dryobalanops","lanceolata","ActiveRestoration","AR, NR, no seedling data","CP, 50ha, IF","both"
"Drypetes castilloi","Putranjivaceae","Drypetes","castilloi",NA,"NR","CP, 50ha","both"
"Drypetes eriocarpa","Putranjivaceae","Drypetes","eriocarpa",NA,"AR","CP, 50ha","both"
"Drypetes longifolia","Putranjivaceae","Drypetes","longifolia",NA,"AR, NR, no seedling data","CP, 50ha","both"
"Drypetes subcrenata","Putranjivaceae","Drypetes","subcrenata",NA,NA,"50ha","unlogged"
"Drypetes unknown mixed","Putranjivaceae","Drypetes","unknown mixed",NA,"AR, NR","CP, 50ha","both"
"Duabanga moluccana","Lythraceae","Duabanga","moluccana",NA,"AR, NR","CP, 50ha","both"
"Durio graveolens","Malvaceae","Durio","graveolens",NA,"NR","CP, 50ha","both"
"Durio unknown mixed","Malvaceae","Durio","unknown mixed",NA,"AR","CP, 50ha","both"
"Prasoxylon alliaceum","Meliaceae","Prasoxylon","alliaceum",NA,NA,"50ha","unlogged"
"Goniocheton arborescens","Meliaceae","Goniocheton","arborescens",NA,NA,"50ha","unlogged"
"Epicharis cumingiana","Meliaceae","Epicharis","cumingiana",NA,NA,"50ha","unlogged"
"Dysoxylum cyrtobotryum","Meliaceae","Dysoxylum","cyrtobotryum",NA,"NR, AR","CP, 50ha","both"
"Prasoxylon excelsum","Meliaceae","Prasoxylon","excelsum",NA,NA,"50ha","unlogged"
"Didymocheton gaudichaudianus","Meliaceae","Didymocheton","gaudichaudianus",NA,NA,"50ha","unlogged"
"Dysoxylum grande","Meliaceae","Dysoxylum","grande",NA,NA,"50ha","unlogged"
"Dysoxylum oppositifolium","Meliaceae","Dysoxylum","oppositifolium",NA,NA,"50ha","unlogged"
"Epicharis parasitica","Meliaceae","Epicharis","parasitica",NA,NA,"50ha","unlogged"
"Prasoxylon rigidum","Meliaceae","Prasoxylon","rigidum",NA,"AR","CP, 50ha","both"
"Dysoxylum unknown mixed","Meliaceae","Dysoxylum","unknown mixed",NA,"NR, AR","CP, 50ha","both"
"Elaeocarpus brunnescens","Elaeocarpaceae","Elaeocarpus","brunnescens",NA,NA,"50ha","unlogged"
"Elaeocarpus stipularis","Elaeocarpaceae","Elaeocarpus","stipularis",NA,"NR, AR","CP, 50ha","both"
"Elaeocarpus unknown mixed","Elaeocarpaceae","Elaeocarpus","unknown mixed",NA,"AR","CP, 50ha","both"
"Endospermum diadenum","Euphorbiaceae","Endospermum","diadenum",NA,"AR, NR","CP, 50ha","both"
"Engelhardia danumensis","Juglandaceae","Engelhardia","danumensis",NA,NA,"50ha","unlogged"
"Erycibe borneensis","Convolvulaceae","Erycibe","borneensis",NA,"NR","CP, 50ha","both"
"Erythroxylum cuneatum","Erythroxylaceae","Erythroxylum","cuneatum",NA,NA,"50ha","unlogged"
"Eurycoma longifolia","Simaroubaceae","Eurycoma","longifolia",NA,NA,"50ha","unlogged"
"Eusideroxylon zwageri","Lauraceae","Eusideroxylon","zwageri",NA,"NR","CP, 50ha","both"
"Utania cuspidata","Gentianaceae","Utania","cuspidata",NA,"AR","CP, 50ha","both"
"Fagraea unknown mixed","Gentianaceae","Fagraea","unknown mixed",NA,NA,"50ha","unlogged"
"Ficus beccarii","Moraceae","Ficus","beccarii",NA,NA,"50ha","unlogged"
"Ficus lepicarpa","Moraceae","Ficus","lepicarpa",NA,NA,"50ha","unlogged"
"Ficus mixed","Moraceae","Ficus","mixed",NA,NA,"50ha","unlogged"
"Ficus obscura","Moraceae","Ficus","obscura",NA,NA,"50ha","unlogged"
"Ficus sinuata","Moraceae","Ficus","sinuata",NA,NA,"50ha","unlogged"
"Ficus species 1","Moraceae","Ficus","species 1",NA,NA,"50ha","unlogged"
"Ficus species 2","Moraceae","Ficus","species 2",NA,NA,"50ha","unlogged"
"Ficus species 3","Moraceae","Ficus","species 3",NA,NA,"50ha","unlogged"
"Ficus species 4","Moraceae","Ficus","species 4",NA,NA,"50ha","unlogged"
"Ficus species 5","Moraceae","Ficus","species 5",NA,NA,"50ha","unlogged"
"Ficus species 6","Moraceae","Ficus","species 6",NA,NA,"50ha","unlogged"
"Ficus species 7","Moraceae","Ficus","species 7",NA,NA,"50ha","unlogged"
"Ficus species 8","Moraceae","Ficus","species 8",NA,NA,"50ha","unlogged"
"Ficus stolonifera","Moraceae","Ficus","stolonifera",NA,NA,"50ha","unlogged"
"Ficus unknown mixed","Moraceae","Ficus","unknown mixed",NA,"AR, NR","CP","logged"
"Ficus variegata","Moraceae","Ficus","variegata",NA,"NR","CP, 50ha","both"
"Flacourtia rukam","Salicaceae","Flacourtia","rukam",NA,NA,"50ha","unlogged"
"Fordia brachybotrys","Fabaceae","Fordia","brachybotrys",NA,"AR, NR","CP, 50ha","both"
"Fordia splendidissima","Fabaceae","Fordia","splendidissima",NA,NA,"50ha","unlogged"
"Fordia species 1","Fabaceae","Fordia","species 1",NA,NA,"50ha","unlogged"
"Fordia species 3","Fabaceae","Fordia","species 3",NA,NA,"50ha","unlogged"
"Fordia splendidissima","Fabaceae","Fordia","splendidissima",NA,"AR, NR","CP, 50ha","both"
"Fordia unknown mixed","Fabaceae","Fordia","unknown mixed",NA,"NR","CP","logged"
"Galearia fulva","Pandaceae","Galearia","fulva",NA,"AR","CP, 50ha","both"
"Garcinia nervosa","Clusiaceae","Garcinia","nervosa",NA,"AR","CP, 50ha","both"
"Garcinia forbesii","Clusiaceae","Garcinia","forbesii",NA,"AR, NR","CP, 50ha","both"
"Garcinia gaudichaudii","Clusiaceae","Garcinia","gaudichaudii",NA,NA,"50ha","unlogged"
"Garcinia parvifolia","Clusiaceae","Garcinia","parvifolia",NA,NA,"50ha","unlogged"
"Garcinia unknown mixed","Clusiaceae","Garcinia","unknown mixed",NA,"AR","CP","logged"
"Gardenia carinata","Rubiaceae","Gardenia","carinata",NA,NA,"50ha","unlogged"
"Gironniera nervosa","Cannabaceae","Gironniera","nervosa",NA,"AR, NR","CP, 50ha","both"
"Gironniera species 1","Cannabaceae","Gironniera","species 1",NA,NA,"50ha","unlogged"
"Phyllanthus  borneensis","Phyllanthaceae","Phyllanthus ","borneensis",NA,NA,"50ha","unlogged"
"Glochidion elmeri","Phyllanthaceae","Glochidion","elmeri",NA,"AR, NR","CP, 50ha","both"
"Phyyanthus  lancisepalus","Phyllanthaceae","Phyyanthus ","lancisepalus",NA,"AR, NR","CP, 50ha","both"
"Glochidion pubicapsa","Phyllanthaceae","Glochidion","pubicapsa",NA,"AR","CP, 50ha","both"
"Phyllanthus  subscandens","Phyllanthaceae","Phyllanthus ","subscandens",NA,"AR, NR","CP, 50ha","both"
"Glochidion species 1","Phyllanthaceae","Glochidion","species 1",NA,NA,"50ha","unlogged"
"Glochidion species 2","Phyllanthaceae","Glochidion","species 2",NA,NA,"50ha","unlogged"
"Glochidion species 3","Phyllanthaceae","Glochidion","species 3",NA,NA,"50ha","unlogged"
"Glochidion species 4","Phyllanthaceae","Glochidion","species 4",NA,NA,"50ha","unlogged"
"Glochidion species 5","Phyllanthaceae","Glochidion","species 5",NA,NA,"50ha","unlogged"
"Glochidion unknown mixed","Phyllanthaceae","Glochidion","unknown mixed",NA,"AR, NR","CP, 50ha","both"
"Glycosmis chlorosperma","Rutaceae","Glycosmis","chlorosperma",NA,NA,"50ha","unlogged"
"Glycosmis macrantha","Rutaceae","Glycosmis","macrantha",NA,"AR","CP, 50ha","both"
"Glycosmis unknown mixed","Rutaceae","Glycosmis","unknown mixed",NA,NA,"50ha","unlogged"
"Gomphandra quadrifida","Stemonuraceae","Gomphandra","quadrifida",NA,NA,"50ha","unlogged"
"Goniothalamus gigantifolius","Annonaceae","Goniothalamus","gigantifolius",NA,NA,"50ha","unlogged"
"Goniothalamus species 1","Annonaceae","Goniothalamus","species 1",NA,NA,"50ha","unlogged"
"Goniothalamus species 2","Annonaceae","Goniothalamus","species 2",NA,NA,"50ha","unlogged"
"Goniothalamus species 3","Annonaceae","Goniothalamus","species 3",NA,NA,"50ha","unlogged"
"Goniothalamus uvarioides","Annonaceae","Goniothalamus","uvarioides",NA,"NR","CP, 50ha","both"
"Goniothalamus woodii","Annonaceae","Goniothalamus","woodii",NA,NA,"50ha","unlogged"
"Gonocaryum calleryanum","Cardiopteridaceae","Gonocaryum","calleryanum",NA,NA,"50ha","unlogged"
"Gonocaryum macrophyllum","Cardiopteridaceae","Gonocaryum","macrophyllum",NA,NA,"50ha","unlogged"
"Gonystylus keithii","Thymelaeaceae","Gonystylus","keithii",NA,NA,"50ha","unlogged"
"Guioa pleuropteris","Sapindaceae","Guioa","pleuropteris",NA,"NR, AR","CP, 50ha","both"
"Hancea penangensis","Euphorbiaceae","Hancea","penangensis",NA,NA,"50ha","unlogged"
"Harpullia arborea","Sapindaceae","Harpullia","arborea",NA,NA,"50ha","unlogged"
"Harpullia species 1","Sapindaceae","Harpullia","species 1",NA,NA,"50ha","unlogged"
"Helicia excelsa","Proteaceae","Helicia","excelsa",NA,"AR, NR","CP, 50ha","both"
"Helicia robusta","Proteaceae","Helicia","robusta",NA,"AR","CP, 50ha","both"
"Heliciopsis artocarpoides","Proteaceae","Heliciopsis","artocarpoides",NA,NA,"50ha","unlogged"
"Heritiera elata","Malvaceae","Heritiera","elata",NA,NA,"50ha","unlogged"
"Homalium foetidum","Salicaceae","Homalium","foetidum",NA,NA,"50ha","unlogged"
"Hopea ferruginea","Dipterocarpaceae","Hopea","ferruginea",NA,"AR","CP, 50ha","both"
"Hopea nervosa","Dipterocarpaceae","Hopea","nervosa",NA,"AR, NR","CP, 50ha","both"
"Hopea pentanervia","Dipterocarpaceae","Hopea","pentanervia",NA,NA,"50ha","unlogged"
"Hopea plagata","Dipterocarpaceae","Hopea","plagata",NA,NA,"50ha","unlogged"
"Hopea sangal","Dipterocarpaceae","Hopea","sangal",NA,"AR, NR","CP, 50ha","both"
"Hopea unknown mixed","Dipterocarpaceae","Hopea","unknown mixed",NA,"NR, AR","CP, 50ha","both"
"Horsfieldia irya","Myristicaceae","Horsfieldia","irya",NA,NA,"50ha","unlogged"
"Horsfieldia polyspherula","Myristicaceae","Horsfieldia","polyspherula",NA,"NR","CP, 50ha","both"
"Horsfieldia unknown mixed","Myristicaceae","Horsfieldia","unknown mixed",NA,NA,"50ha","unlogged"
"Huberantha rumphii","Annonaceae","Huberantha","rumphii",NA,"AR, NR","CP","logged"
"Hydnocarpus anomalus","Achariaceae","Hydnocarpus","anomalus",NA,"AR, NR","CP","logged"
"Hydnocarpus borneensis","Achariaceae","Hydnocarpus","borneensis",NA,"AR, NR","CP, 50ha","both"
"Hydnocarpus polypetalus","Achariaceae","Hydnocarpus","polypetalus",NA,NA,"50ha","unlogged"
"Hydnocarpus unknown mixed","Achariaceae","Hydnocarpus","unknown mixed",NA,"NR","CP, 50ha","both"
"Intsia palembanica","Fabaceae","Intsia","palembanica",NA,"NR, AR","CP, 50ha","both"
"Intsia unknown mixed","Fabaceae","Intsia","unknown mixed",NA,NA,"50ha","unlogged"
"Irvingia malayana","Irvingiaceae","Irvingia","malayana",NA,NA,"50ha","unlogged"
"Ixora blumei","Rubiaceae","Ixora","blumei",NA,"NR, AR","CP, 50ha","both"
"Ixora brevicaudata","Rubiaceae","Ixora","brevicaudata",NA,NA,"50ha","unlogged"
"Ixora grandifolia","Rubiaceae","Ixora","grandifolia",NA,"AR","CP, 50ha","both"
"Ixora unknown mixed","Rubiaceae","Ixora","unknown mixed",NA,NA,"50ha","unlogged"
"Kayea oblongifolia","Calophyllaceae","Kayea","oblongifolia",NA,NA,"50ha","unlogged"
"Kayea unknown mixed","Calophyllaceae","Kayea","unknown mixed",NA,"NR","CP","logged"
"Kibara obtusa","Monimiaceae","Kibara","obtusa",NA,"AR","CP, 50ha","both"
"Knema cinerea","Myristicaceae","Knema","cinerea",NA,NA,"50ha","unlogged"
"Knema elmeri","Myristicaceae","Knema","elmeri",NA,"AR, NR","CP, 50ha","both"
"Knema furfuracea","Myristicaceae","Knema","furfuracea",NA,NA,"50ha","unlogged"
"Knema glomerata","Myristicaceae","Knema","glomerata",NA,NA,"50ha","unlogged"
"Knema kostermansiana","Myristicaceae","Knema","kostermansiana",NA,NA,"50ha","unlogged"
"Knema latericia","Myristicaceae","Knema","latericia",NA,"AR, NR","CP, 50ha","both"
"Knema laurina","Myristicaceae","Knema","laurina",NA,"AR, NR","CP, 50ha","both"
"Knema oblongata","Myristicaceae","Knema","oblongata",NA,NA,"50ha","unlogged"
"Knema pectinata","Myristicaceae","Knema","pectinata",NA,"NR","CP","logged"
"Knema pulchra","Myristicaceae","Knema","pulchra",NA,NA,"50ha","unlogged"
"Knema unknown mixed","Myristicaceae","Knema","unknown mixed",NA,"AR","CP, 50ha","both"
"Koilodepas laevigatum","Euphorbiaceae","Koilodepas","laevigatum",NA,NA,"50ha","unlogged"
"Koilodepas longifolium","Euphorbiaceae","Koilodepas","longifolium",NA,"AR, NR","CP, 50ha","both"
"Kokoona ochracea","Celastraceae","Kokoona","ochracea",NA,NA,"50ha","unlogged"
"Koompassia excelsa","Fabaceae","Koompassia","excelsa",NA,"AR, NR","CP, 50ha","both"
"Kopsia pauciflora","Apocynaceae","Kopsia","pauciflora",NA,NA,"50ha","unlogged"
"Lansium domesticum","Meliaceae","Lansium","domesticum",NA,"NR, no seedling data, AR","CP, 50ha","both"
"Lasianthus borneensis","Rubiaceae","Lasianthus","borneensis",NA,NA,"50ha","unlogged"
"Lasianthus reticulatus","Rubiaceae","Lasianthus","reticulatus",NA,NA,"50ha","unlogged"
"Lasianthus species 1","Rubiaceae","Lasianthus","species 1",NA,NA,"50ha","unlogged"
"Lasianthus species 2","Rubiaceae","Lasianthus","species 2",NA,NA,"50ha","unlogged"
"Lasianthus species 3","Rubiaceae","Lasianthus","species 3",NA,NA,"50ha","unlogged"
"Lasianthus unknown mixed","Rubiaceae","Lasianthus","unknown mixed",NA,NA,"50ha","unlogged"
"Leea aculeata","Vitaceae","Leea","aculeata",NA,"NR, AR","CP, 50ha","both"
"Leea indica","Vitaceae","Leea","indica",NA,NA,"50ha","unlogged"
"Lepisanthes fruticosa","Sapindaceae","Lepisanthes","fruticosa",NA,NA,"50ha","unlogged"
"Lepisanthes senegalensis","Sapindaceae","Lepisanthes","senegalensis",NA,"AR, NR","CP, 50ha","both"
"Lepisanthes tetraphylla","Sapindaceae","Lepisanthes","tetraphylla",NA,NA,"50ha","unlogged"
"Lepisanthes unknown mixed","Sapindaceae","Lepisanthes","unknown mixed",NA,"NR","CP, 50ha","both"
"Angelesia splendens","Chrysobalanaceae","Angelesia","splendens",NA,NA,"50ha","unlogged"
"Lithocarpus ewyckii","Fagaceae","Lithocarpus","ewyckii",NA,"AR, NR","CP, 50ha","both"
"Lithocarpus gracilis","Fagaceae","Lithocarpus","gracilis",NA,"AR, NR","CP, 50ha","both"
"Lithocarpus leptogyne","Fagaceae","Lithocarpus","leptogyne",NA,"AR, NR","CP, 50ha","both"
"Lithocarpus nieuwenhuisii","Fagaceae","Lithocarpus","nieuwenhuisii",NA,"AR, NR","CP, 50ha","both"
"Lithocarpus species 1","Fagaceae","Lithocarpus","species 1",NA,NA,"50ha","unlogged"
"Lithocarpus species 2","Fagaceae","Lithocarpus","species 2",NA,NA,"50ha","unlogged"
"Lithocarpus species 3","Fagaceae","Lithocarpus","species 3",NA,NA,"50ha","unlogged"
"Lithocarpus species 4","Fagaceae","Lithocarpus","species 4",NA,NA,"50ha","unlogged"
"Lithocarpus species 5","Fagaceae","Lithocarpus","species 5",NA,NA,"50ha","unlogged"
"Lithocarpus species 6","Fagaceae","Lithocarpus","species 6",NA,NA,"50ha","unlogged"
"Lithocarpus species 7","Fagaceae","Lithocarpus","species 7",NA,NA,"50ha","unlogged"
"Lithocarpus species 8","Fagaceae","Lithocarpus","species 8",NA,NA,"50ha","unlogged"
"Lithocarpus species 9","Fagaceae","Lithocarpus","species 9",NA,NA,"50ha","unlogged"
"Lithocarpus unknown mixed","Fagaceae","Lithocarpus","unknown mixed",NA,"AR, NR, no seedling data","CP","logged"
"Litsea accedens","Lauraceae","Litsea","accedens",NA,"AR, NR","CP, 50ha","both"
"Litsea angulata","Lauraceae","Litsea","angulata",NA,"AR, NR","CP, 50ha","both"
"Litsea caulocarpa","Lauraceae","Litsea","caulocarpa",NA,"AR, NR","CP, 50ha","both"
"Litsea cordata","Lauraceae","Litsea","cordata",NA,"NR","CP, 50ha","both"
"Litsea cuprea","Lauraceae","Litsea","cuprea",NA,NA,"50ha","unlogged"
"Litsea curtisii","Lauraceae","Litsea","curtisii",NA,NA,"50ha","unlogged"
"Litsea elliptica","Lauraceae","Litsea","elliptica",NA,NA,"50ha","unlogged"
"Litsea ferruginea","Lauraceae","Litsea","ferruginea",NA,NA,"50ha","unlogged"
"Litsea ficoidea","Lauraceae","Litsea","ficoidea",NA,NA,"50ha","unlogged"
"Litsea fulva","Lauraceae","Litsea","fulva",NA,"AR","CP, 50ha","both"
"Litsea garciae","Lauraceae","Litsea","garciae",NA,"NR, AR","CP, 50ha","both"
"Litsea grandis","Lauraceae","Litsea","grandis",NA,"NR, AR","CP, 50ha","both"
"Litsea ligustrina","Lauraceae","Litsea","ligustrina",NA,NA,"50ha","unlogged"
"Litsea machilifolia","Lauraceae","Litsea","machilifolia",NA,NA,"50ha","unlogged"
"Litsea oppositifolia","Lauraceae","Litsea","oppositifolia",NA,"AR, no seedling data","CP, 50ha","both"
"Litsea robusta","Lauraceae","Litsea","robusta",NA,NA,"50ha","unlogged"
"Litsea unknown mixed","Lauraceae","Litsea","unknown mixed",NA,"AR, NR","CP, 50ha","both"
"Lophopetalum beccarianum","Celastraceae","Lophopetalum","beccarianum",NA,"NR","CP, 50ha","both"
"Lophopetalum javanicum","Celastraceae","Lophopetalum","javanicum",NA,"AR, NR","CP, 50ha","both"
"Lophopetalum unknown mixed","Celastraceae","Lophopetalum","unknown mixed",NA,NA,"50ha","unlogged"
"Ludekia borneensis","Rubiaceae","Ludekia","borneensis",NA,"AR, NR","CP, 50ha","both"
"Ludekia unknown mixed","Rubiaceae","Ludekia","unknown mixed",NA,"NR","CP","logged"
"Maasia sumatrana","Annonaceae","Maasia","sumatrana",NA,"AR, NR","CP","logged"
"Macaranga conifera","Euphorbiaceae","Macaranga","conifera",NA,"AR","CP","logged"
"Macaranga gigantea","Euphorbiaceae","Macaranga","gigantea",NA,"AR, NR","CP","logged"
"Macaranga hypoleuca","Euphorbiaceae","Macaranga","hypoleuca",NA,"AR, NR","CP, 50ha","both"
"Macaranga pearsonii","Euphorbiaceae","Macaranga","pearsonii",NA,"AR, NR","CP, 50ha","both"
"Macaranga winkleri","Euphorbiaceae","Macaranga","winkleri",NA,NA,"50ha","unlogged"
"Madhuca elmeri","Sapotaceae","Madhuca","elmeri",NA,"NR","CP, 50ha","both"
"Madhuca kingiana","Sapotaceae","Madhuca","kingiana",NA,"AR, NR","CP, 50ha","both"
"Madhuca korthalsii","Sapotaceae","Madhuca","korthalsii",NA,"AR, NR","CP, 50ha","both"
"Madhuca kunstleri","Sapotaceae","Madhuca","kunstleri",NA,NA,"50ha","unlogged"
"Madhuca mindanaensis","Sapotaceae","Madhuca","mindanaensis",NA,NA,"50ha","unlogged"
"Madhuca unknown mixed","Sapotaceae","Madhuca","unknown mixed",NA,NA,"50ha","unlogged"
"Magnolia beccarii","Magnoliaceae","Magnolia","beccarii",NA,NA,"50ha","unlogged"
"Magnolia acuminata","Magnoliaceae","Magnolia","acuminata",NA,"AR, NR","CP, 50ha","both"
"Magnolia gigantifolia","Magnoliaceae","Magnolia","gigantifolia",NA,"NR, AR","CP, 50ha","both"
"Mallotus korthalsii","Euphorbiaceae","Mallotus","korthalsii",NA,"AR, NR","CP, 50ha","both"
"Mallotus lackeyi","Euphorbiaceae","Mallotus","lackeyi",NA,"AR","CP, 50ha","both"
"Mallotus miquelianus","Euphorbiaceae","Mallotus","miquelianus",NA,NA,"50ha","unlogged"
"Hancea penangensis","Euphorbiaceae","Hancea","penangensis",NA,"AR, NR","CP","logged"
"Mallotus species 1","Euphorbiaceae","Mallotus","species 1",NA,"AR, NR, no seedling data","CP, 50ha","both"
"Hancea stipularis","Euphorbiaceae","Hancea","stipularis",NA,"AR, NR","CP","logged"
"Mallotus unknown mixed","Euphorbiaceae","Mallotus","unknown mixed",NA,"AR","CP, 50ha","both"
"Mallotus wrayi","Euphorbiaceae","Mallotus","wrayi",NA,"AR, NR","CP, 50ha","both"
"Mangifera caesia","Anacardiaceae","Mangifera","caesia",NA,"AR, NR","CP, 50ha","both"
"Mangifera indica","Anacardiaceae","Mangifera","indica",NA,NA,"50ha","unlogged"
"Mangifera odorata","Anacardiaceae","Mangifera","odorata",NA,NA,"50ha","unlogged"
"Mangifera pajang","Anacardiaceae","Mangifera","pajang",NA,"AR","CP, 50ha","both"
"Mangifera rufocostata","Anacardiaceae","Mangifera","rufocostata",NA,NA,"50ha","unlogged"
"Mangifera species 1","Anacardiaceae","Mangifera","species 1",NA,NA,"50ha","unlogged"
"Mangifera swintonioides","Anacardiaceae","Mangifera","swintonioides",NA,NA,"50ha","unlogged"
"Mangifera unknown mixed","Anacardiaceae","Mangifera","unknown mixed",NA,"AR, NR","CP, 50ha","both"
"Maranthes corymbosa","Chrysobalanaceae","Maranthes","corymbosa",NA,NA,"50ha","unlogged"
"Marsypopetalum pallidum","Annonaceae","Marsypopetalum","pallidum",NA,NA,"50ha","unlogged"
"Urophyllum  corymbosum","Rubiaceae","Urophyllum ","corymbosum",NA,"AR","CP","logged"
"Mastixia trichotoma","Nyssaceae","Mastixia","trichotoma",NA,"AR, NR","CP, 50ha","both"
"Meiogyne virgata","Annonaceae","Meiogyne","virgata",NA,"NR, no seedling data, AR","CP, 50ha","both"
"Melanochyla auriculata","Anacardiaceae","Melanochyla","auriculata",NA,NA,"50ha","unlogged"
"Melanochyla beccariana","Anacardiaceae","Melanochyla","beccariana",NA,"NR","CP, 50ha","both"
"Melanochyla unknown mixed","Anacardiaceae","Melanochyla","unknown mixed",NA,NA,"50ha","unlogged"
"Melastoma malabathricum","Melastomataceae","Melastoma","malabathricum",NA,NA,"50ha","unlogged"
"Melicope  lunu-ankenda","Rutaceae","Melicope ","lunu-ankenda",NA,NA,NA,NA
"Melicope  unknown mixed","Rutaceae","Melicope ","unknown mixed",NA,NA,NA,NA
"Meliosma pinnata","Sabiaceae","Meliosma","pinnata",NA,"AR","CP, 50ha","both"
"Meliosma sumatrana","Sabiaceae","Meliosma","sumatrana",NA,"NR","CP, 50ha","both"
"Memecylon paniculatum","Melastomataceae","Memecylon","paniculatum",NA,"NR","CP, 50ha","both"
"Memecylon lilacinum","Melastomataceae","Memecylon","lilacinum",NA,NA,"50ha","unlogged"
"Memecylon oleifolium","Melastomataceae","Memecylon","oleifolium",NA,NA,"50ha","unlogged"
"Memecylon paniculatum","Melastomataceae","Memecylon","paniculatum",NA,"NR","CP, 50ha","both"
"Memecylon  species 1","Melastomataceae","Memecylon"," species 1",NA,NA,"50ha","unlogged"
"Memecylon species 2","Melastomataceae","Memecylon","species 2",NA,NA,"50ha","unlogged"
"Memecylon species 3","Melastomataceae","Memecylon","species 3",NA,NA,"50ha","unlogged"
"Merope angulata","Rutaceae","Merope","angulata",NA,NA,"50ha","unlogged"
"Kayea borneensis","Calophyllaceae","Kayea","borneensis",NA,NA,"50ha","unlogged"
"Kayea macrantha","Calophyllaceae","Kayea","macrantha",NA,NA,"50ha","unlogged"
"Mesua unknown mixed","Clusiaceae","Mesua","unknown mixed",NA,NA,"50ha","unlogged"
"Microcos antidesmifolia","Malvaceae","Microcos","antidesmifolia",NA,NA,"50ha","unlogged"
"Microcos crassifolia","Malvaceae","Microcos","crassifolia",NA,"AR, NR","CP, 50ha","both"
"Microcos fibrocarpa","Malvaceae","Microcos","fibrocarpa",NA,"AR, NR","CP, 50ha","both"
"Microcos latistipulata","Malvaceae","Microcos","latistipulata",NA,"NR, AR","CP, 50ha","both"
"Microcos ossea","Malvaceae","Microcos","ossea",NA,"AR, NR","CP, 50ha","both"
"Microcos unknown mixed","Malvaceae","Microcos","unknown mixed",NA,"AR","CP, 50ha","both"
"Mischocarpus pentapetalus","Sapindaceae","Mischocarpus","pentapetalus",NA,NA,"50ha","unlogged"
"Monanthocitrus oblanceolata","Rutaceae","Monanthocitrus","oblanceolata",NA,NA,"50ha","unlogged"
"Monocarpia borneensis","Annonaceae","Monocarpia","borneensis",NA,NA,"50ha","unlogged"
"Monoon erianthoides","Annonaceae","Monoon","erianthoides",NA,"NR","CP, 50ha","both"
"Monoon grandiflorum","Annonaceae","Monoon","grandiflorum",NA,"NR, AR","CP, 50ha","both"
"Monoon hookerianum","Annonaceae","Monoon","hookerianum",NA,"NR, AR","CP, 50ha","both"
"Monoon species 1","Annonaceae","Monoon","species 1",NA,NA,"50ha","unlogged"
"Monoon species 2","Annonaceae","Monoon","species 2",NA,NA,"50ha","unlogged"
"Monoon xanthopetalum","Annonaceae","Monoon","xanthopetalum",NA,NA,"50ha","unlogged"
"Myristica cinnamomea","Myristicaceae","Myristica","cinnamomea",NA,NA,"50ha","unlogged"
"Myrmeconauclea strigosa","Rubiaceae","Myrmeconauclea","strigosa",NA,NA,"50ha","unlogged"
"Nauclea sp1","Rubiaceae","Nauclea","sp1",NA,"AR, NR","CP","logged"
"Nauclea subdita","Rubiaceae","Nauclea","subdita",NA,"NR","CP","logged"
"Nauclea unknown mixed","Rubiaceae","Nauclea","unknown mixed",NA,"AR, no seedling data","CP, 50ha","both"
"Neesia synandra","Malvaceae","Neesia","synandra",NA,"AR, NR","CP, 50ha","both"
"Neesia unknown mixed","Malvaceae","Neesia","unknown mixed",NA,"AR, NR","CP","logged"
"Neo-Uvaria acuminatissima","Annonaceae","Neo-Uvaria","acuminatissima",NA,NA,"50ha","unlogged"
"Neo-Uvaria unknown mixed","Annonaceae","Neo-Uvaria","unknown mixed",NA,NA,"50ha","unlogged"
"Neo-Uvaria acuminatissima","Annonaceae","Neo-Uvaria","acuminatissima",NA,"AR, NR","CP","logged"
"Neolamarckia cadamba","Rubiaceae","Neolamarckia","cadamba",NA,"AR","CP, 50ha","both"
"Neonauclea  gigantea","Rubiaceae","Neonauclea ","gigantea",NA,"NR","CP","logged"
"Neonauclea sp","Rubiaceae","Neonauclea","sp",NA,"AR","CP","logged"
"Neonauclea sp1","Rubiaceae","Neonauclea","sp1",NA,"AR","CP","logged"
"Neoscortechinia kingii","Euphorbiaceae","Neoscortechinia","kingii",NA,"AR, NR","CP, 50ha","both"
"Nephelium cuspidatum","Sapindaceae","Nephelium","cuspidatum",NA,"NR","CP, 50ha","both"
"Nephelium maingayi","Sapindaceae","Nephelium","maingayi",NA,"AR, NR","CP, 50ha","both"
"Nephelium ramboutan-ake","Sapindaceae","Nephelium","ramboutan-ake",NA,"AR, NR","CP, 50ha","both"
"Nothaphoebe canescens","Lauraceae","Nothaphoebe","canescens",NA,"AR","CP, 50ha","both"
"Nothaphoebe heterophylla","Lauraceae","Nothaphoebe","heterophylla",NA,NA,"50ha","unlogged"
"Nothaphoebe unknown","Lauraceae","Nothaphoebe","unknown",NA,NA,"50ha","unlogged"
"Nothaphoebe umbelliflora","Lauraceae","Nothaphoebe","umbelliflora",NA,"NR, AR","CP, 50ha","both"
"Nothaphoebe unknown mixed","Lauraceae","Nothaphoebe","unknown mixed",NA,"AR","CP","logged"
"Nyssa javanica","Nyssaceae","Nyssa","javanica",NA,NA,"50ha","unlogged"
"Ochanostachys amentacea","Olacaceae","Ochanostachys","amentacea",NA,"AR, NR","CP, 50ha","both"
"Octomeles sumatrana","Tetramelaceae","Octomeles","sumatrana",NA,"NR, AR","CP, 50ha","both"
"Oreocnide trinervis","Urticaceae","Oreocnide","trinervis",NA,NA,"50ha","unlogged"
"Ormosia bancana","Fabaceae","Ormosia","bancana",NA,"NR","CP, 50ha","both"
"Orophea corymbosa","Annonaceae","Orophea","corymbosa",NA,"NR, no seedling data","CP, 50ha","both"
"Orophea creaghii","Annonaceae","Orophea","creaghii",NA,NA,"50ha","unlogged"
"Orophea myriantha","Annonaceae","Orophea","myriantha",NA,"NR, no seedling data, AR","CP, 50ha","both"
"Palaquium beccarianum","Sapotaceae","Palaquium","beccarianum",NA,"NR, AR","CP, 50ha","both"
"Palaquium dasyphyllum","Sapotaceae","Palaquium","dasyphyllum",NA,"NR","CP, 50ha","both"
"Palaquium maingayi","Sapotaceae","Palaquium","maingayi",NA,"AR","CP, 50ha","both"
"Palaquium sericeum","Sapotaceae","Palaquium","sericeum",NA,NA,"50ha","unlogged"
"Palaquium unknown mixed","Sapotaceae","Palaquium","unknown mixed",NA,NA,"50ha","unlogged"
"Pangium edule","Achariaceae","Pangium","edule",NA,NA,"50ha","unlogged"
"Paranephelium macrophyllum","Sapindaceae","Paranephelium","macrophyllum",NA,"NR, no seedling data","CP, 50ha","both"
"Paranephelium xestophyllum","Sapindaceae","Paranephelium","xestophyllum",NA,"NR, AR","CP, 50ha","both"
"Parashorea malaanonan","Dipterocarpaceae","Parashorea","malaanonan","ActiveRestoration, NaturalRegeneration","AR, NR","CP, 50ha, IF","both"
"Parashorea tomentella","Dipterocarpaceae","Parashorea","tomentella","NaturalRegeneration","AR, NR, no seedling data","CP, 50ha, IF","both"
"Parastemon urophyllus","Chrysobalanaceae","Parastemon","urophyllus",NA,NA,"50ha","unlogged"
"Parinari excelsa","Chrysobalanaceae","Parinari","excelsa",NA,"AR","CP, 50ha","both"
"Parinari oblongifolia","Chrysobalanaceae","Parinari","oblongifolia",NA,"AR","CP, 50ha","both"
"Parinari unknown mixed","Chrysobalanaceae","Parinari","unknown mixed",NA,"NR","CP, 50ha","both"
"Parkia speciosa","Fabaceae","Parkia","speciosa",NA,NA,"50ha","unlogged"
"Parkia unknown mixed","Fabaceae","Parkia","unknown mixed",NA,"AR","CP","logged"
"Pavetta wallichiana","Rubiaceae","Pavetta","wallichiana",NA,NA,"50ha","unlogged"
"Payena Unknown species1","Sapotaceae","Payena","Unknown species1",NA,NA,"50ha","unlogged"
"Payena acuminata","Sapotaceae","Payena","acuminata",NA,"NR","CP, 50ha","both"
"Payena microphylla","Sapotaceae","Payena","microphylla",NA,"NR","CP, 50ha","both"
"Payena unknown mixed","Sapotaceae","Payena","unknown mixed",NA,"AR, NR","CP","logged"
"Peltophorum racemosum","Fabaceae","Peltophorum","racemosum",NA,"AR, NR","CP, 50ha","both"
"Pentace adenophora","Malvaceae","Pentace","adenophora",NA,"AR, NR","CP, 50ha","both"
"Pentace laxiflora","Malvaceae","Pentace","laxiflora","NaturalRegeneration","AR, NR","CP, 50ha, IF","both"
"Pentace unknown mixed","Malvaceae","Pentace","unknown mixed",NA,"AR","CP","logged"
"Phaeanthus ophthalmicus","Annonaceae","Phaeanthus","ophthalmicus",NA,NA,"50ha","unlogged"
"Phaeanthus splendens","Annonaceae","Phaeanthus","splendens",NA,"AR, no seedling data, NR","CP, 50ha","both"
"Phaleria  capitata","Thymelaeaceae","Phaleria ","capitata",NA,NA,NA,NA
"Phoebe grandis","Lauraceae","Phoebe","grandis",NA,NA,"50ha","unlogged"
"Planchonia brevistipitata","Lecythidaceae","Planchonia","brevistipitata",NA,"AR, NR","CP, 50ha","both"
"Planchonia unknown","Lecythidaceae","Planchonia","unknown",NA,NA,"50ha","unlogged"
"Planchonia unknown mixed","Lecythidaceae","Planchonia","unknown mixed",NA,"AR","CP","logged"
"Planchonia valida","Lecythidaceae","Planchonia","valida",NA,NA,"50ha","unlogged"
"Urophyllum sandahanicum","Rubiaceae","Urophyllum","sandahanicum",NA,"AR, NR","CP, 50ha","both"
"Polyalthia borneensis","Annonaceae","Polyalthia","borneensis",NA,NA,"50ha","unlogged"
"Polyalthia cauliflora","Annonaceae","Polyalthia","cauliflora",NA,"NR","CP, 50ha","both"
"Polyalthia insignis","Annonaceae","Polyalthia","insignis",NA,NA,"50ha","unlogged"
"Polyalthia microtus","Annonaceae","Polyalthia","microtus",NA,NA,"50ha","unlogged"
"Polyalthia obliqua","Annonaceae","Polyalthia","obliqua",NA,"NR","CP, 50ha","both"
"Polyalthia saprosma","Annonaceae","Polyalthia","saprosma",NA,NA,"50ha","unlogged"
"Polyalthia species 3","Annonaceae","Polyalthia","species 3",NA,NA,"50ha","unlogged"
"Polyosma integrifolia","Escalloniaceae","Polyosma","integrifolia",NA,NA,"50ha","unlogged"
"Pometia pinnata","Sapindaceae","Pometia","pinnata",NA,"AR, NR","CP, 50ha","both"
"Popowia hirta","Annonaceae","Popowia","hirta",NA,NA,"50ha","unlogged"
"Popowia odoardi","Annonaceae","Popowia","odoardi",NA,NA,"50ha","unlogged"
"Popowia pisocarpa","Annonaceae","Popowia","pisocarpa",NA,NA,"50ha","unlogged"
"Popowia unknown mixed","Annonaceae","Popowia","unknown mixed",NA,NA,"50ha","unlogged"
"Prainea limpato","Moraceae","Prainea","limpato",NA,NA,"50ha","unlogged"
"Praravinia suberosa","Rubiaceae","Praravinia","suberosa",NA,NA,"50ha","unlogged"
"Praravinia unknown mixed","Rubiaceae","Praravinia","unknown mixed",NA,NA,"50ha","unlogged"
"Praravinia verruculosa","Rubiaceae","Praravinia","verruculosa",NA,NA,"50ha","unlogged"
"Prismatomeris beccariana","Rubiaceae","Prismatomeris","beccariana",NA,NA,"50ha","unlogged"
"Prismatomeris species 1","Rubiaceae","Prismatomeris","species 1",NA,NA,"50ha","unlogged"
"Prunus polystachya","Rosaceae","Prunus","polystachya",NA,"AR","CP","logged"
"Prunus unknown mixed","Rosaceae","Prunus","unknown mixed",NA,"AR","CP","logged"
"Pseuduvaria pamattonis","Annonaceae","Pseuduvaria","pamattonis",NA,NA,"50ha","unlogged"
"Pseuduvaria reticulata","Annonaceae","Pseuduvaria","reticulata",NA,"no seedling data, AR, NR","CP, 50ha","both"
"Psychotria species 1","Rubiaceae","Psychotria","species 1",NA,NA,"50ha","unlogged"
"Psychotria species 2","Rubiaceae","Psychotria","species 2",NA,NA,"50ha","unlogged"
"Psydrax dicoccos","Rubiaceae","Psydrax","dicoccos",NA,"AR, NR","CP, 50ha","both"
"Pternandra coerulescens","Melastomataceae","Pternandra","coerulescens",NA,"AR, NR","CP, 50ha","both"
"Pterospermum javanicum","Malvaceae","Pterospermum","javanicum","ActiveRestoration","no seedling data, NR, AR","CP, 50ha, IF","both"
"Pterospermum subpeltatum","Malvaceae","Pterospermum","subpeltatum",NA,NA,"50ha","unlogged"
"Pterospermum unknown mixed","Malvaceae","Pterospermum","unknown mixed",NA,"NR","CP","logged"
"Pterygota alata","Malvaceae","Pterygota","alata",NA,"NR","CP","logged"
"Ptychopyxis arborea","Euphorbiaceae","Ptychopyxis","arborea",NA,"AR, NR","CP, 50ha","both"
"Putranjiva roxburghii","Putranjivaceae","Putranjiva","roxburghii",NA,NA,"50ha","unlogged"
"Pyrenaria acuminata","Theaceae","Pyrenaria","acuminata",NA,NA,"50ha","unlogged"
"Quercus argentata","Fagaceae","Quercus","argentata",NA,NA,"50ha","unlogged"
"Quercus unknown mixed","Fagaceae","Quercus","unknown mixed",NA,NA,"50ha","unlogged"
"Reinwardtiodendron humile","Meliaceae","Reinwardtiodendron","humile",NA,"AR, NR","CP, 50ha","both"
"Rennellia borneensis","Rubiaceae","Rennellia","borneensis",NA,NA,"50ha","unlogged"
"Rinorea bengalensis","Violaceae","Rinorea","bengalensis",NA,NA,"50ha","unlogged"
"Rinorea congesta","Violaceae","Rinorea","congesta",NA,NA,"50ha","unlogged"
"Rinorea unknown","Violaceae","Rinorea","unknown",NA,NA,"50ha","unlogged"
"Ridsdalea pseudoternifolia","Rubiaceae","Ridsdalea","pseudoternifolia",NA,"AR","CP, 50ha","both"
"Ryparosa acuminata","Achariaceae","Ryparosa","acuminata",NA,"AR, NR","CP, 50ha","both"
"Ryparosa hullettii","Achariaceae","Ryparosa","hullettii",NA,"AR","CP, 50ha","both"
"Ryparosa unknown mixed","Achariaceae","Ryparosa","unknown mixed",NA,NA,"50ha","unlogged"
"Sageraea elliptica","Annonaceae","Sageraea","elliptica",NA,"AR, NR","CP","logged"
"Sageraea lanceolata","Annonaceae","Sageraea","lanceolata",NA,NA,"50ha","unlogged"
"Sageraea sarawakensis","Annonaceae","Sageraea","sarawakensis",NA,NA,"50ha","unlogged"
"Santiria laevigata","Burseraceae","Santiria","laevigata",NA,"NR, AR","CP, 50ha","both"
"Santiria species 1","Burseraceae","Santiria","species 1",NA,NA,"50ha","unlogged"
"Santiria tomentosa","Burseraceae","Santiria","tomentosa",NA,"AR","CP, 50ha","both"
"Saraca declinata","Fabaceae","Saraca","declinata",NA,NA,"50ha","unlogged"
"Saurauia agamae","Actinidiaceae","Saurauia","agamae",NA,NA,"50ha","unlogged"
"Saurauia sp","Actinidiaceae","Saurauia","sp",NA,NA,"50ha","unlogged"
"Saurauia unknown mixed","Actinidiaceae","Saurauia","unknown mixed",NA,NA,"50ha","unlogged"
"Scaphium longiflorum","Malvaceae","Scaphium","longiflorum",NA,"AR, NR","CP","logged"
"Scaphium macropodum","Malvaceae","Scaphium","macropodum",NA,"AR, NR","CP, 50ha","both"
"Scaphium unknown mixed","Malvaceae","Scaphium","unknown mixed",NA,"NR","CP","logged"
"Scleropyrum pentandrum","Santalaceae","Scleropyrum","pentandrum",NA,NA,"50ha","unlogged"
"Scorodocarpus borneensis","Olacaceae","Scorodocarpus","borneensis",NA,"AR, NR","CP, 50ha","both"
"Semecarpus bunburyanus","Anacardiaceae","Semecarpus","bunburyanus",NA,"NR","CP, 50ha","both"
"Anthoshorea agamae","Dipterocarpaceae","Anthoshorea","agamae",NA,"NR, AR","CP, 50ha","both"
"Rubroshorea argentifolia","Dipterocarpaceae","Rubroshorea","argentifolia",NA,"AR, NR","CP, 50ha","both"
"Shorea atrinervosa","Dipterocarpaceae","Shorea","atrinervosa",NA,"AR, NR","CP, 50ha","both"
"Rubroshorea beccariana","Dipterocarpaceae","Rubroshorea","beccariana",NA,"AR, NR","CP","logged"
"Richetia faguetiana","Dipterocarpaceae","Richetia","faguetiana",NA,"AR, NR","CP, 50ha","both"
"Rubroshorea fallax","Dipterocarpaceae","Rubroshorea","fallax","NaturalRegeneration","AR, NR","CP, IF","logged"
"Rubroshorea gibbosa","Dipterocarpaceae","Rubroshorea","gibbosa","ActiveRestoration, NaturalRegeneration","AR, no seedling data, NR","CP, 50ha, IF","both"
"Rubroshorea johorensis","Dipterocarpaceae","Rubroshorea","johorensis","ActiveRestoration, NaturalRegeneration","AR, NR, no seedling data","CP, 50ha, IF","both"
"Rubroshorea leprosula","Dipterocarpaceae","Rubroshorea","leprosula","ActiveRestoration","AR, NR","CP, 50ha, IF","both"
"Shorea leptoderma","Dipterocarpaceae","Shorea","leptoderma",NA,NA,"50ha","unlogged"
"Rubroshorea macrophylla","Dipterocarpaceae","Rubroshorea","macrophylla","ActiveRestoration","AR, NR","CP, IF","logged"
"Rubroshorea macroptera","Dipterocarpaceae","Rubroshorea","macroptera",NA,"AR, NR","CP","logged"
"Rubroshorea mecistopteryx","Dipterocarpaceae","Rubroshorea","mecistopteryx",NA,"AR","CP","logged"
"Rubroshorea ovalis","Dipterocarpaceae","Rubroshorea","ovalis",NA,"AR, NR","CP","logged"
"Rubroshorea ovata","Dipterocarpaceae","Rubroshorea","ovata",NA,"NR","CP","logged"
"Rubroshorea parvifolia","Dipterocarpaceae","Rubroshorea","parvifolia","ActiveRestoration, NaturalRegeneration","AR, NR","CP, 50ha, IF","both"
"Rubroshorea pauciflora","Dipterocarpaceae","Rubroshorea","pauciflora","ActiveRestoration, NaturalRegeneration","AR, NR, no seedling data","CP, 50ha, IF","both"
"Shorea seminis","Dipterocarpaceae","Shorea","seminis",NA,"AR, NR","CP, 50ha","both"
"Shorea sp","Dipterocarpaceae","Shorea","sp",NA,"AR","CP","logged"
"Shorea superba","Dipterocarpaceae","Shorea","superba",NA,"AR, NR","CP, 50ha","both"
"Anthoshorea symingtonii","Dipterocarpaceae","Anthoshorea","symingtonii",NA,NA,"50ha","unlogged"
"Shorea unknown mixed","Dipterocarpaceae","Shorea","unknown mixed",NA,"AR, NR, no seedling data","CP, 50ha","both"
"Sindora irpicina","Fabaceae","Sindora","irpicina",NA,"AR, NR","CP, 50ha","both"
"Sloanea javanica","Elaeocarpaceae","Sloanea","javanica",NA,NA,"50ha","unlogged"
"Spathiostemon javensis","Euphorbiaceae","Spathiostemon","javensis",NA,"AR, NR","CP, 50ha","both"
"Stemonurus grandifolius","Stemonuraceae","Stemonurus","grandifolius",NA,"AR, NR","CP, 50ha","both"
"Stemonurus malaccensis","Stemonuraceae","Stemonurus","malaccensis",NA,NA,"50ha","unlogged"
"Stemonurus scorpioides","Stemonuraceae","Stemonurus","scorpioides",NA,"NR, AR","CP, 50ha","both"
"Stemonurus unknown mixed","Stemonuraceae","Stemonurus","unknown mixed",NA,"AR","CP, 50ha","both"
"Sterculia lanceolata","Malvaceae","Sterculia","lanceolata",NA,NA,"50ha","unlogged"
"Sterculia cordata","Malvaceae","Sterculia","cordata",NA,"AR","CP, 50ha","both"
"Sterculia rubiginosa","Malvaceae","Sterculia","rubiginosa",NA,NA,"50ha","unlogged"
"Sterculia stipulata","Malvaceae","Sterculia","stipulata",NA,NA,"50ha","unlogged"
"Sterculia unknown mixed","Malvaceae","Sterculia","unknown mixed",NA,NA,"50ha","unlogged"
"Paratrophis glabra","Moraceae","Paratrophis","glabra",NA,NA,"50ha","unlogged"
"Strombosia ceylanica","Olacaceae","Strombosia","ceylanica",NA,NA,"50ha","unlogged"
"Suregada multiflora","Euphorbiaceae","Suregada","multiflora",NA,NA,"50ha","unlogged"
"Sympetalandra unijuga","Fabaceae","Sympetalandra","unijuga",NA,"NR, AR","CP","logged"
"Symplocos fasciculata","Symplocaceae","Symplocos","fasciculata",NA,"AR, NR","CP, 50ha","both"
"Symplocos odoratissima","Symplocaceae","Symplocos","odoratissima",NA,NA,"50ha","unlogged"
"Symplocos unknown mixed","Symplocaceae","Symplocos","unknown mixed",NA,"AR","CP","logged"
"Syzygium barringtonioides","Myrtaceae","Syzygium","barringtonioides",NA,NA,"50ha","unlogged"
"Syzygium christmannii","Myrtaceae","Syzygium","christmannii",NA,NA,"50ha","unlogged"
"Syzygium creaghii","Myrtaceae","Syzygium","creaghii",NA,NA,"50ha","unlogged"
"Syzygium elliptilimbum","Myrtaceae","Syzygium","elliptilimbum",NA,NA,"50ha","unlogged"
"Syzygium elopurae","Myrtaceae","Syzygium","elopurae",NA,NA,"50ha","unlogged"
"Syzygium fastigiatum","Myrtaceae","Syzygium","fastigiatum",NA,NA,"50ha","unlogged"
"Syzygium hirtum","Myrtaceae","Syzygium","hirtum",NA,"AR","CP, 50ha","both"
"Syzygium imperiale","Myrtaceae","Syzygium","imperiale",NA,NA,"50ha","unlogged"
"Syzygium kiauense","Myrtaceae","Syzygium","kiauense",NA,NA,"50ha","unlogged"
"Syzygium kunstleri","Myrtaceae","Syzygium","kunstleri",NA,NA,"50ha","unlogged"
"Syzygium leptostemon","Myrtaceae","Syzygium","leptostemon",NA,NA,"50ha","unlogged"
"Syzygium panzeri","Myrtaceae","Syzygium","panzeri",NA,NA,"50ha","unlogged"
"Syzygium penibukanense","Myrtaceae","Syzygium","penibukanense",NA,NA,"50ha","unlogged"
"Syzygium pustulatum","Myrtaceae","Syzygium","pustulatum",NA,NA,"50ha","unlogged"
"Syzygium scortechinii","Myrtaceae","Syzygium","scortechinii",NA,NA,"50ha","unlogged"
"Syzygium tawahense","Myrtaceae","Syzygium","tawahense",NA,NA,"50ha","unlogged"
"Syzygium unknown mixed","Myrtaceae","Syzygium","unknown mixed",NA,"AR, NR, no seedling data","CP, 50ha","both"
"Tabernaemontana macrocarpa","Apocynaceae","Tabernaemontana","macrocarpa",NA,NA,"50ha","unlogged"
"Tabernaemontana pauciflora","Apocynaceae","Tabernaemontana","pauciflora",NA,NA,"50ha","unlogged"
"Tabernaemontana unknown mixed","Apocynaceae","Tabernaemontana","unknown mixed",NA,NA,"50ha","unlogged"
"unknown unknown","Magnoliaceae","unknown","unknown",NA,"NR, AR","CP","logged"
"unknown unknown mixed","Magnoliaceae","unknown","unknown mixed",NA,"NR","CP","logged"
"Teijsmanniodendron bogoriense","Lamiaceae","Teijsmanniodendron","bogoriense",NA,NA,"50ha","unlogged"
"Teijsmanniodendron pteropodum","Lamiaceae","Teijsmanniodendron","pteropodum",NA,"AR","CP","logged"
"Teijsmanniodendron unknown mixed","Lamiaceae","Teijsmanniodendron","unknown mixed",NA,"AR, NR","CP","logged"
"Terminalia citrina","Combretaceae","Terminalia","citrina",NA,NA,"50ha","unlogged"
"Terminalia ivorensis","Combretaceae","Terminalia","ivorensis",NA,NA,"50ha","unlogged"
"Terminalia phellocarpa","Combretaceae","Terminalia","phellocarpa",NA,NA,"50ha","unlogged"
"Terminalia species 1","Combretaceae","Terminalia","species 1",NA,NA,"50ha","unlogged"
"Terminalia species 2","Combretaceae","Terminalia","species 2",NA,NA,"50ha","unlogged"
"Timonius lasianthoides","Rubiaceae","Timonius","lasianthoides",NA,NA,"50ha","unlogged"
"Timonius wallichianus","Rubiaceae","Timonius","wallichianus",NA,NA,"50ha","unlogged"
"Triomma malaccensis","Burseraceae","Triomma","malaccensis",NA,"NR","CP, 50ha","both"
"Dalrympelea sphaerocarpa","Staphyleaceae","Dalrympelea","sphaerocarpa",NA,NA,"50ha","unlogged"
"Unknown species 8","Annonaceae","Unknown","species 8",NA,"NR","CP","logged"
"Unknown unknown mixed","Annonaceae","Unknown","unknown mixed",NA,"AR, NR","CP","logged"
"Urophyllum  glabrum","Rubiaceae","Urophyllum ","glabrum",NA,"NR","CP","logged"
"Urophyllum  unknown mixed","Rubiaceae","Urophyllum ","unknown mixed",NA,"AR","CP","logged"
"Vatica albiramis","Dipterocarpaceae","Vatica","albiramis",NA,"AR","CP, 50ha","both"
"Vatica chartacea","Dipterocarpaceae","Vatica","chartacea",NA,NA,"50ha","unlogged"
"Vatica dulitensis","Dipterocarpaceae","Vatica","dulitensis",NA,"AR, NR","CP","logged"
"Vatica oblongifolia","Dipterocarpaceae","Vatica","oblongifolia",NA,NA,"50ha","unlogged"
"Vatica sarawakensis","Dipterocarpaceae","Vatica","sarawakensis",NA,"AR","CP, 50ha","both"
"Vatica umbonata","Dipterocarpaceae","Vatica","umbonata",NA,NA,"50ha","unlogged"
"Vitex pinnata","Lamiaceae","Vitex","pinnata",NA,"AR, NR","CP, 50ha","both"
"Walsura pachycaulon","Meliaceae","Walsura","pachycaulon",NA,NA,"50ha","unlogged"
"Walsura pinnata","Meliaceae","Walsura","pinnata",NA,"AR, NR","CP, 50ha","both"
"Walsura species 1","Meliaceae","Walsura","species 1",NA,NA,"50ha","unlogged"
"Xanthophyllum adenotus","Polygalaceae","Xanthophyllum","adenotus",NA,NA,"50ha","unlogged"
"Xanthophyllum flavescens","Polygalaceae","Xanthophyllum","flavescens",NA,"AR, NR","CP, 50ha","both"
"Xanthophyllum pachycarpon","Polygalaceae","Xanthophyllum","pachycarpon",NA,NA,"50ha","unlogged"
"Xanthophyllum reticulatum","Polygalaceae","Xanthophyllum","reticulatum",NA,NA,"50ha","unlogged"
"Xanthophyllum species 1","Polygalaceae","Xanthophyllum","species 1",NA,NA,"50ha","unlogged"
"Xanthophyllum species 2","Polygalaceae","Xanthophyllum","species 2",NA,NA,"50ha","unlogged"
"Xanthophyllum species 3","Polygalaceae","Xanthophyllum","species 3",NA,NA,"50ha","unlogged"
"Xanthophyllum species 4","Polygalaceae","Xanthophyllum","species 4",NA,NA,"50ha","unlogged"
"Xanthophyllum species 5","Polygalaceae","Xanthophyllum","species 5",NA,NA,"50ha","unlogged"
"Xanthophyllum species 6","Polygalaceae","Xanthophyllum","species 6",NA,NA,"50ha","unlogged"
"Xanthophyllum species 7","Polygalaceae","Xanthophyllum","species 7",NA,NA,"50ha","unlogged"
"Xanthophyllum unknown mixed","Polygalaceae","Xanthophyllum","unknown mixed",NA,"AR, NR","CP","logged"
"Xanthophyllum vitellinum","Polygalaceae","Xanthophyllum","vitellinum",NA,NA,"50ha","unlogged"
"Xylopia ferruginea","Annonaceae","Xylopia","ferruginea",NA,"AR","CP, 50ha","both"
"Ziziphus augustifolia","Rhamnaceae","Ziziphus","augustifolia",NA,"AR, NR","CP, 50ha","both"
